{
  "context": {
    "date": "2019-03-23 01:12:48",
    "executable": "/mnt/c/Users/laffe/Repositories/GitHub/ga-developers/ga-benchmark/build/GABenchmark_Products_ConformalModel_D2_LEFTGRADE0_RIGHTGRADE4_GATL",
    "num_cpus": 8,
    "mhz_per_cpu": 1992,
    "cpu_scaling_enabled": false,
    "caches": [
    ],
    "load_avg": [0.52,0.58,0.59],
    "library_build_type": "release"
  },
  "benchmarks": [
    {
      "name": "BM_Product_DotProduct/Model=0x01/D=2/LeftGrade=0/RightGrade=4/Library=GATL",
      "run_name": "BM_Product_DotProduct/Model=0x01/D=2/LeftGrade=0/RightGrade=4/Library=GATL",
      "run_type": "iteration",
      "iterations": 448000,
      "real_time": 1.5818144962135453e-03,
      "cpu_time": 1.6741071428571428e-03,
      "time_unit": "ms"
    },
    {
      "name": "BM_Product_GeometricProduct/Model=0x01/D=2/LeftGrade=0/RightGrade=4/Library=GATL",
      "run_name": "BM_Product_GeometricProduct/Model=0x01/D=2/LeftGrade=0/RightGrade=4/Library=GATL",
      "run_type": "iteration",
      "iterations": 560000,
      "real_time": 1.5432635562319774e-03,
      "cpu_time": 1.6183035714285715e-03,
      "time_unit": "ms"
    },
    {
      "name": "BM_Product_HestenesInnerProduct/Model=0x01/D=2/LeftGrade=0/RightGrade=4/Library=GATL",
      "run_name": "BM_Product_HestenesInnerProduct/Model=0x01/D=2/LeftGrade=0/RightGrade=4/Library=GATL",
      "run_type": "iteration",
      "iterations": 560000,
      "real_time": 1.5478680269942352e-03,
      "cpu_time": 1.4787946428571428e-03,
      "time_unit": "ms"
    },
    {
      "name": "BM_Product_LeftContraction/Model=0x01/D=2/LeftGrade=0/RightGrade=4/Library=GATL",
      "run_name": "BM_Product_LeftContraction/Model=0x01/D=2/LeftGrade=0/RightGrade=4/Library=GATL",
      "run_type": "iteration",
      "iterations": 448000,
      "real_time": 1.5438948617624451e-03,
      "cpu_time": 1.5345982142857143e-03,
      "time_unit": "ms"
    },
    {
      "name": "BM_Product_OuterProduct/Model=0x01/D=2/LeftGrade=0/RightGrade=4/Library=GATL",
      "run_name": "BM_Product_OuterProduct/Model=0x01/D=2/LeftGrade=0/RightGrade=4/Library=GATL",
      "run_type": "iteration",
      "iterations": 344615,
      "real_time": 1.5376788644790615e-03,
      "cpu_time": 1.4962349288336258e-03,
      "time_unit": "ms"
    },
    {
      "name": "BM_Product_RegressiveProduct/Model=0x01/D=2/LeftGrade=0/RightGrade=4/Library=GATL",
      "run_name": "BM_Product_RegressiveProduct/Model=0x01/D=2/LeftGrade=0/RightGrade=4/Library=GATL",
      "run_type": "iteration",
      "iterations": 560000,
      "real_time": 1.5487712581359250e-03,
      "cpu_time": 1.8415178571428571e-03,
      "time_unit": "ms"
    },
    {
      "name": "BM_Product_RightContraction/Model=0x01/D=2/LeftGrade=0/RightGrade=4/Library=GATL",
      "run_name": "BM_Product_RightContraction/Model=0x01/D=2/LeftGrade=0/RightGrade=4/Library=GATL",
      "run_type": "iteration",
      "iterations": 497778,
      "real_time": 1.5475619586033903e-03,
      "cpu_time": 1.3183587864469704e-03,
      "time_unit": "ms"
    },
    {
      "name": "BM_Product_ScalarProduct/Model=0x01/D=2/LeftGrade=0/RightGrade=4/Library=GATL",
      "run_name": "BM_Product_ScalarProduct/Model=0x01/D=2/LeftGrade=0/RightGrade=4/Library=GATL",
      "run_type": "iteration",
      "iterations": 640000,
      "real_time": 1.5380640616058372e-03,
      "cpu_time": 1.4404296875000001e-03,
      "time_unit": "ms"
    }
  ]
}
