{
  "context": {
    "date": "2019-03-23 01:26:31",
    "executable": "/mnt/c/Users/laffe/Repositories/GitHub/ga-developers/ga-benchmark/build/GABenchmark_Products_ConformalModel_D3_LEFTGRADE5_RIGHTGRADE0_GATL",
    "num_cpus": 8,
    "mhz_per_cpu": 1992,
    "cpu_scaling_enabled": false,
    "caches": [
    ],
    "load_avg": [0.52,0.58,0.59],
    "library_build_type": "release"
  },
  "benchmarks": [
    {
      "name": "BM_Product_DotProduct/Model=0x01/D=3/LeftGrade=5/RightGrade=0/Library=GATL",
      "run_name": "BM_Product_DotProduct/Model=0x01/D=3/LeftGrade=5/RightGrade=0/Library=GATL",
      "run_type": "iteration",
      "iterations": 344615,
      "real_time": 1.5434014905775586e-03,
      "cpu_time": 1.6775967383892169e-03,
      "time_unit": "ms"
    },
    {
      "name": "BM_Product_GeometricProduct/Model=0x01/D=3/LeftGrade=5/RightGrade=0/Library=GATL",
      "run_name": "BM_Product_GeometricProduct/Model=0x01/D=3/LeftGrade=5/RightGrade=0/Library=GATL",
      "run_type": "iteration",
      "iterations": 448000,
      "real_time": 1.5404964200830104e-03,
      "cpu_time": 1.1858258928571428e-03,
      "time_unit": "ms"
    },
    {
      "name": "BM_Product_HestenesInnerProduct/Model=0x01/D=3/LeftGrade=5/RightGrade=0/Library=GATL",
      "run_name": "BM_Product_HestenesInnerProduct/Model=0x01/D=3/LeftGrade=5/RightGrade=0/Library=GATL",
      "run_type": "iteration",
      "iterations": 448000,
      "real_time": 1.5537883809884079e-03,
      "cpu_time": 1.6392299107142857e-03,
      "time_unit": "ms"
    },
    {
      "name": "BM_Product_LeftContraction/Model=0x01/D=3/LeftGrade=5/RightGrade=0/Library=GATL",
      "run_name": "BM_Product_LeftContraction/Model=0x01/D=3/LeftGrade=5/RightGrade=0/Library=GATL",
      "run_type": "iteration",
      "iterations": 746667,
      "real_time": 1.5360812684990055e-03,
      "cpu_time": 1.5066957559393946e-03,
      "time_unit": "ms"
    },
    {
      "name": "BM_Product_OuterProduct/Model=0x01/D=3/LeftGrade=5/RightGrade=0/Library=GATL",
      "run_name": "BM_Product_OuterProduct/Model=0x01/D=3/LeftGrade=5/RightGrade=0/Library=GATL",
      "run_type": "iteration",
      "iterations": 640000,
      "real_time": 1.5494656038754328e-03,
      "cpu_time": 1.6357421875000000e-03,
      "time_unit": "ms"
    },
    {
      "name": "BM_Product_RegressiveProduct/Model=0x01/D=3/LeftGrade=5/RightGrade=0/Library=GATL",
      "run_name": "BM_Product_RegressiveProduct/Model=0x01/D=3/LeftGrade=5/RightGrade=0/Library=GATL",
      "run_type": "iteration",
      "iterations": 407273,
      "real_time": 1.5362953315933546e-03,
      "cpu_time": 1.8798815536507454e-03,
      "time_unit": "ms"
    },
    {
      "name": "BM_Product_RightContraction/Model=0x01/D=3/LeftGrade=5/RightGrade=0/Library=GATL",
      "run_name": "BM_Product_RightContraction/Model=0x01/D=3/LeftGrade=5/RightGrade=0/Library=GATL",
      "run_type": "iteration",
      "iterations": 407273,
      "real_time": 1.5395270542334636e-03,
      "cpu_time": 1.6113270459863530e-03,
      "time_unit": "ms"
    },
    {
      "name": "BM_Product_ScalarProduct/Model=0x01/D=3/LeftGrade=5/RightGrade=0/Library=GATL",
      "run_name": "BM_Product_ScalarProduct/Model=0x01/D=3/LeftGrade=5/RightGrade=0/Library=GATL",
      "run_type": "iteration",
      "iterations": 497778,
      "real_time": 1.5562017345124794e-03,
      "cpu_time": 1.7264222203472231e-03,
      "time_unit": "ms"
    }
  ]
}
