{
  "context": {
    "date": "2019-03-23 04:53:58",
    "executable": "/mnt/c/Users/laffe/Repositories/GitHub/ga-developers/ga-benchmark/build/GABenchmark_Products_EuclideanModel_D2_LEFTGRADE1_RIGHTGRADE2_GluCatMatrixMulti",
    "num_cpus": 8,
    "mhz_per_cpu": 1992,
    "cpu_scaling_enabled": false,
    "caches": [
    ],
    "load_avg": [0.52,0.58,0.59],
    "library_build_type": "release"
  },
  "benchmarks": [
    {
      "name": "BM_Product_GeometricProduct/Model=0x02/D=2/LeftGrade=1/RightGrade=2/Library=GluCatMatrixMulti",
      "run_name": "BM_Product_GeometricProduct/Model=0x02/D=2/LeftGrade=1/RightGrade=2/Library=GluCatMatrixMulti",
      "run_type": "iteration",
      "iterations": 280000,
      "real_time": 2.3080861482802514e-03,
      "cpu_time": 2.1763392857142858e-03,
      "time_unit": "ms"
    },
    {
      "name": "BM_Product_HestenesInnerProduct/Model=0x02/D=2/LeftGrade=1/RightGrade=2/Library=GluCatMatrixMulti",
      "run_name": "BM_Product_HestenesInnerProduct/Model=0x02/D=2/LeftGrade=1/RightGrade=2/Library=GluCatMatrixMulti",
      "run_type": "iteration",
      "iterations": 160000,
      "real_time": 5.0291975581785667e-03,
      "cpu_time": 5.6640624999999998e-03,
      "time_unit": "ms"
    },
    {
      "name": "BM_Product_LeftContraction/Model=0x02/D=2/LeftGrade=1/RightGrade=2/Library=GluCatMatrixMulti",
      "run_name": "BM_Product_LeftContraction/Model=0x02/D=2/LeftGrade=1/RightGrade=2/Library=GluCatMatrixMulti",
      "run_type": "iteration",
      "iterations": 100000,
      "real_time": 4.9744410096900539e-03,
      "cpu_time": 6.5624999999999998e-03,
      "time_unit": "ms"
    },
    {
      "name": "BM_Product_OuterProduct/Model=0x02/D=2/LeftGrade=1/RightGrade=2/Library=GluCatMatrixMulti",
      "run_name": "BM_Product_OuterProduct/Model=0x02/D=2/LeftGrade=1/RightGrade=2/Library=GluCatMatrixMulti",
      "run_type": "iteration",
      "iterations": 256327,
      "real_time": 3.6901622079748802e-03,
      "cpu_time": 3.1088219344821266e-03,
      "time_unit": "ms"
    }
  ]
}
