{
  "context": {
    "date": "2019-03-23 07:08:35",
    "executable": "/mnt/c/Users/laffe/Repositories/GitHub/ga-developers/ga-benchmark/build/GABenchmark_Products_EuclideanModel_D2_LEFTGRADE1_RIGHTGRADE2_Versor",
    "num_cpus": 8,
    "mhz_per_cpu": 1992,
    "cpu_scaling_enabled": false,
    "caches": [
    ],
    "load_avg": [0.52,0.58,0.59],
    "library_build_type": "release"
  },
  "benchmarks": [
    {
      "name": "BM_Product_GeometricProduct/Model=0x02/D=2/LeftGrade=1/RightGrade=2/Library=Versor",
      "run_name": "BM_Product_GeometricProduct/Model=0x02/D=2/LeftGrade=1/RightGrade=2/Library=Versor",
      "run_type": "iteration",
      "iterations": 407273,
      "real_time": 1.5431253605249435e-03,
      "cpu_time": 1.8031516943180620e-03,
      "time_unit": "ms"
    },
    {
      "name": "BM_Product_LeftContraction/Model=0x02/D=2/LeftGrade=1/RightGrade=2/Library=Versor",
      "run_name": "BM_Product_LeftContraction/Model=0x02/D=2/LeftGrade=1/RightGrade=2/Library=Versor",
      "run_type": "iteration",
      "iterations": 896000,
      "real_time": 1.5476214245739226e-03,
      "cpu_time": 1.4648437500000000e-03,
      "time_unit": "ms"
    },
    {
      "name": "BM_Product_OuterProduct/Model=0x02/D=2/LeftGrade=1/RightGrade=2/Library=Versor",
      "run_name": "BM_Product_OuterProduct/Model=0x02/D=2/LeftGrade=1/RightGrade=2/Library=Versor",
      "run_type": "iteration",
      "iterations": 407273,
      "real_time": 1.5385245185182495e-03,
      "cpu_time": 1.5345971866536697e-03,
      "time_unit": "ms"
    }
  ]
}
