{
  "context": {
    "date": "2019-03-23 01:12:13",
    "executable": "/mnt/c/Users/laffe/Repositories/GitHub/ga-developers/ga-benchmark/build/GABenchmark_Products_ConformalModel_D2_LEFTGRADE0_RIGHTGRADE2_GATL",
    "num_cpus": 8,
    "mhz_per_cpu": 1992,
    "cpu_scaling_enabled": false,
    "caches": [
    ],
    "load_avg": [0.52,0.58,0.59],
    "library_build_type": "release"
  },
  "benchmarks": [
    {
      "name": "BM_Product_DotProduct/Model=0x01/D=2/LeftGrade=0/RightGrade=2/Library=GATL",
      "run_name": "BM_Product_DotProduct/Model=0x01/D=2/LeftGrade=0/RightGrade=2/Library=GATL",
      "run_type": "iteration",
      "iterations": 512000,
      "real_time": 1.5645232136876075e-03,
      "cpu_time": 1.7700195312500000e-03,
      "time_unit": "ms"
    },
    {
      "name": "BM_Product_GeometricProduct/Model=0x01/D=2/LeftGrade=0/RightGrade=2/Library=GATL",
      "run_name": "BM_Product_GeometricProduct/Model=0x01/D=2/LeftGrade=0/RightGrade=2/Library=GATL",
      "run_type": "iteration",
      "iterations": 373333,
      "real_time": 1.8087310768357923e-03,
      "cpu_time": 1.7159613535369228e-03,
      "time_unit": "ms"
    },
    {
      "name": "BM_Product_HestenesInnerProduct/Model=0x01/D=2/LeftGrade=0/RightGrade=2/Library=GATL",
      "run_name": "BM_Product_HestenesInnerProduct/Model=0x01/D=2/LeftGrade=0/RightGrade=2/Library=GATL",
      "run_type": "iteration",
      "iterations": 373333,
      "real_time": 1.9619120309025437e-03,
      "cpu_time": 1.7159613535369228e-03,
      "time_unit": "ms"
    },
    {
      "name": "BM_Product_LeftContraction/Model=0x01/D=2/LeftGrade=0/RightGrade=2/Library=GATL",
      "run_name": "BM_Product_LeftContraction/Model=0x01/D=2/LeftGrade=0/RightGrade=2/Library=GATL",
      "run_type": "iteration",
      "iterations": 298667,
      "real_time": 2.1223596830128298e-03,
      "cpu_time": 2.0403158032189696e-03,
      "time_unit": "ms"
    },
    {
      "name": "BM_Product_OuterProduct/Model=0x01/D=2/LeftGrade=0/RightGrade=2/Library=GATL",
      "run_name": "BM_Product_OuterProduct/Model=0x01/D=2/LeftGrade=0/RightGrade=2/Library=GATL",
      "run_type": "iteration",
      "iterations": 344615,
      "real_time": 2.0829824818693297e-03,
      "cpu_time": 1.7682776431670124e-03,
      "time_unit": "ms"
    },
    {
      "name": "BM_Product_RegressiveProduct/Model=0x01/D=2/LeftGrade=0/RightGrade=2/Library=GATL",
      "run_name": "BM_Product_RegressiveProduct/Model=0x01/D=2/LeftGrade=0/RightGrade=2/Library=GATL",
      "run_type": "iteration",
      "iterations": 448000,
      "real_time": 1.7307323376891354e-03,
      "cpu_time": 1.6043526785714285e-03,
      "time_unit": "ms"
    },
    {
      "name": "BM_Product_RightContraction/Model=0x01/D=2/LeftGrade=0/RightGrade=2/Library=GATL",
      "run_name": "BM_Product_RightContraction/Model=0x01/D=2/LeftGrade=0/RightGrade=2/Library=GATL",
      "run_type": "iteration",
      "iterations": 746667,
      "real_time": 1.6633066815850282e-03,
      "cpu_time": 1.6113274056574081e-03,
      "time_unit": "ms"
    },
    {
      "name": "BM_Product_ScalarProduct/Model=0x01/D=2/LeftGrade=0/RightGrade=2/Library=GATL",
      "run_name": "BM_Product_ScalarProduct/Model=0x01/D=2/LeftGrade=0/RightGrade=2/Library=GATL",
      "run_type": "iteration",
      "iterations": 344615,
      "real_time": 1.5901855372105734e-03,
      "cpu_time": 1.6322562860003192e-03,
      "time_unit": "ms"
    }
  ]
}
