{
  "context": {
    "date": "2019-03-23 02:37:34",
    "executable": "/mnt/c/Users/laffe/Repositories/GitHub/ga-developers/ga-benchmark/build/GABenchmark_Products_EuclideanModel_D4_LEFTGRADE0_RIGHTGRADE4_Gaalop",
    "num_cpus": 8,
    "mhz_per_cpu": 1992,
    "cpu_scaling_enabled": false,
    "caches": [
    ],
    "load_avg": [0.52,0.58,0.59],
    "library_build_type": "release"
  },
  "benchmarks": [
    {
      "name": "BM_Product_GeometricProduct/Model=0x02/D=4/LeftGrade=0/RightGrade=4/Library=Gaalop",
      "run_name": "BM_Product_GeometricProduct/Model=0x02/D=4/LeftGrade=0/RightGrade=4/Library=Gaalop",
      "run_type": "iteration",
      "iterations": 344615,
      "real_time": 1.5470690344983418e-03,
      "cpu_time": 1.7229371907781148e-03,
      "time_unit": "ms"
    },
    {
      "name": "BM_Product_HestenesInnerProduct/Model=0x02/D=4/LeftGrade=0/RightGrade=4/Library=Gaalop",
      "run_name": "BM_Product_HestenesInnerProduct/Model=0x02/D=4/LeftGrade=0/RightGrade=4/Library=Gaalop",
      "run_type": "iteration",
      "iterations": 407273,
      "real_time": 1.5624330691650849e-03,
      "cpu_time": 1.8031516943180618e-03,
      "time_unit": "ms"
    },
    {
      "name": "BM_Product_OuterProduct/Model=0x02/D=4/LeftGrade=0/RightGrade=4/Library=Gaalop",
      "run_name": "BM_Product_OuterProduct/Model=0x02/D=4/LeftGrade=0/RightGrade=4/Library=Gaalop",
      "run_type": "iteration",
      "iterations": 746667,
      "real_time": 1.5468985489207180e-03,
      "cpu_time": 1.3602114463341758e-03,
      "time_unit": "ms"
    }
  ]
}
