{
  "context": {
    "date": "2019-03-23 03:19:29",
    "executable": "/mnt/c/Users/laffe/Repositories/GitHub/ga-developers/ga-benchmark/build/GABenchmark_Products_EuclideanModel_D4_LEFTGRADE2_RIGHTGRADE1_Garamon",
    "num_cpus": 8,
    "mhz_per_cpu": 1992,
    "cpu_scaling_enabled": false,
    "caches": [
    ],
    "load_avg": [0.52,0.58,0.59],
    "library_build_type": "release"
  },
  "benchmarks": [
    {
      "name": "BM_Product_GeometricProduct/Model=0x02/D=4/LeftGrade=2/RightGrade=1/Library=Garamon",
      "run_name": "BM_Product_GeometricProduct/Model=0x02/D=4/LeftGrade=2/RightGrade=1/Library=Garamon",
      "run_type": "iteration",
      "iterations": 373333,
      "real_time": 1.7268816400818610e-03,
      "cpu_time": 1.8833722172966227e-03,
      "time_unit": "ms"
    },
    {
      "name": "BM_Product_HestenesInnerProduct/Model=0x02/D=4/LeftGrade=2/RightGrade=1/Library=Garamon",
      "run_name": "BM_Product_HestenesInnerProduct/Model=0x02/D=4/LeftGrade=2/RightGrade=1/Library=Garamon",
      "run_type": "iteration",
      "iterations": 373333,
      "real_time": 1.6826953464253128e-03,
      "cpu_time": 1.3392869100775982e-03,
      "time_unit": "ms"
    },
    {
      "name": "BM_Product_LeftContraction/Model=0x02/D=4/LeftGrade=2/RightGrade=1/Library=Garamon",
      "run_name": "BM_Product_LeftContraction/Model=0x02/D=4/LeftGrade=2/RightGrade=1/Library=Garamon",
      "run_type": "iteration",
      "iterations": 497778,
      "real_time": 1.5831788480082909e-03,
      "cpu_time": 1.6008642406856069e-03,
      "time_unit": "ms"
    },
    {
      "name": "BM_Product_OuterProduct/Model=0x02/D=4/LeftGrade=2/RightGrade=1/Library=Garamon",
      "run_name": "BM_Product_OuterProduct/Model=0x02/D=4/LeftGrade=2/RightGrade=1/Library=Garamon",
      "run_type": "iteration",
      "iterations": 373333,
      "real_time": 1.6999314258802000e-03,
      "cpu_time": 1.8833722172966227e-03,
      "time_unit": "ms"
    },
    {
      "name": "BM_Product_RightContraction/Model=0x02/D=4/LeftGrade=2/RightGrade=1/Library=Garamon",
      "run_name": "BM_Product_RightContraction/Model=0x02/D=4/LeftGrade=2/RightGrade=1/Library=Garamon",
      "run_type": "iteration",
      "iterations": 477867,
      "real_time": 1.6771676913094156e-03,
      "cpu_time": 1.7329612632803687e-03,
      "time_unit": "ms"
    },
    {
      "name": "BM_Product_ScalarProduct/Model=0x02/D=4/LeftGrade=2/RightGrade=1/Library=Garamon",
      "run_name": "BM_Product_ScalarProduct/Model=0x02/D=4/LeftGrade=2/RightGrade=1/Library=Garamon",
      "run_type": "iteration",
      "iterations": 448000,
      "real_time": 1.5945154179592333e-03,
      "cpu_time": 1.3253348214285715e-03,
      "time_unit": "ms"
    }
  ]
}
