{
  "context": {
    "date": "2019-03-23 07:03:56",
    "executable": "/mnt/c/Users/laffe/Repositories/GitHub/ga-developers/ga-benchmark/build/GABenchmark_Products_ConformalModel_D2_LEFTGRADE4_RIGHTGRADE0_Versor",
    "num_cpus": 8,
    "mhz_per_cpu": 1992,
    "cpu_scaling_enabled": false,
    "caches": [
    ],
    "load_avg": [0.52,0.58,0.59],
    "library_build_type": "release"
  },
  "benchmarks": [
    {
      "name": "BM_Product_GeometricProduct/Model=0x01/D=2/LeftGrade=4/RightGrade=0/Library=Versor",
      "run_name": "BM_Product_GeometricProduct/Model=0x01/D=2/LeftGrade=4/RightGrade=0/Library=Versor",
      "run_type": "iteration",
      "iterations": 640000,
      "real_time": 1.5389237478302675e-03,
      "cpu_time": 1.6845703124999997e-03,
      "time_unit": "ms"
    },
    {
      "name": "BM_Product_LeftContraction/Model=0x01/D=2/LeftGrade=4/RightGrade=0/Library=Versor",
      "run_name": "BM_Product_LeftContraction/Model=0x01/D=2/LeftGrade=4/RightGrade=0/Library=Versor",
      "run_type": "iteration",
      "iterations": 448000,
      "real_time": 1.5405573566178127e-03,
      "cpu_time": 1.5694754464285715e-03,
      "time_unit": "ms"
    },
    {
      "name": "BM_Product_OuterProduct/Model=0x01/D=2/LeftGrade=4/RightGrade=0/Library=Versor",
      "run_name": "BM_Product_OuterProduct/Model=0x01/D=2/LeftGrade=4/RightGrade=0/Library=Versor",
      "run_type": "iteration",
      "iterations": 560000,
      "real_time": 1.5523564212864065e-03,
      "cpu_time": 1.4787946428571428e-03,
      "time_unit": "ms"
    }
  ]
}
