{
  "context": {
    "date": "2019-03-23 02:34:14",
    "executable": "/mnt/c/Users/laffe/Repositories/GitHub/ga-developers/ga-benchmark/build/GABenchmark_Products_ConformalModel_D3_LEFTGRADE5_RIGHTGRADE2_Gaalop",
    "num_cpus": 8,
    "mhz_per_cpu": 1992,
    "cpu_scaling_enabled": false,
    "caches": [
    ],
    "load_avg": [0.52,0.58,0.59],
    "library_build_type": "release"
  },
  "benchmarks": [
    {
      "name": "BM_Product_GeometricProduct/Model=0x01/D=3/LeftGrade=5/RightGrade=2/Library=Gaalop",
      "run_name": "BM_Product_GeometricProduct/Model=0x01/D=3/LeftGrade=5/RightGrade=2/Library=Gaalop",
      "run_type": "iteration",
      "iterations": 560000,
      "real_time": 1.5532655358713651e-03,
      "cpu_time": 1.5904017857142859e-03,
      "time_unit": "ms"
    },
    {
      "name": "BM_Product_HestenesInnerProduct/Model=0x01/D=3/LeftGrade=5/RightGrade=2/Library=Gaalop",
      "run_name": "BM_Product_HestenesInnerProduct/Model=0x01/D=3/LeftGrade=5/RightGrade=2/Library=Gaalop",
      "run_type": "iteration",
      "iterations": 651637,
      "real_time": 1.5646459558208961e-03,
      "cpu_time": 1.5345967156561091e-03,
      "time_unit": "ms"
    },
    {
      "name": "BM_Product_OuterProduct/Model=0x01/D=3/LeftGrade=5/RightGrade=2/Library=Gaalop",
      "run_name": "BM_Product_OuterProduct/Model=0x01/D=3/LeftGrade=5/RightGrade=2/Library=Gaalop",
      "run_type": "iteration",
      "iterations": 407273,
      "real_time": 1.5477026539495663e-03,
      "cpu_time": 1.4962322569873278e-03,
      "time_unit": "ms"
    }
  ]
}
