{
  "context": {
    "date": "2019-03-23 02:32:08",
    "executable": "/mnt/c/Users/laffe/Repositories/GitHub/ga-developers/ga-benchmark/build/GABenchmark_Products_ConformalModel_D3_LEFTGRADE1_RIGHTGRADE5_Gaalop",
    "num_cpus": 8,
    "mhz_per_cpu": 1992,
    "cpu_scaling_enabled": false,
    "caches": [
    ],
    "load_avg": [0.52,0.58,0.59],
    "library_build_type": "release"
  },
  "benchmarks": [
    {
      "name": "BM_Product_GeometricProduct/Model=0x01/D=3/LeftGrade=1/RightGrade=5/Library=Gaalop",
      "run_name": "BM_Product_GeometricProduct/Model=0x01/D=3/LeftGrade=1/RightGrade=5/Library=Gaalop",
      "run_type": "iteration",
      "iterations": 497778,
      "real_time": 1.5610942922416214e-03,
      "cpu_time": 1.4753062610239908e-03,
      "time_unit": "ms"
    },
    {
      "name": "BM_Product_HestenesInnerProduct/Model=0x01/D=3/LeftGrade=1/RightGrade=5/Library=Gaalop",
      "run_name": "BM_Product_HestenesInnerProduct/Model=0x01/D=3/LeftGrade=1/RightGrade=5/Library=Gaalop",
      "run_type": "iteration",
      "iterations": 320000,
      "real_time": 1.5488115603147889e-03,
      "cpu_time": 1.7089843750000000e-03,
      "time_unit": "ms"
    },
    {
      "name": "BM_Product_OuterProduct/Model=0x01/D=3/LeftGrade=1/RightGrade=5/Library=Gaalop",
      "run_name": "BM_Product_OuterProduct/Model=0x01/D=3/LeftGrade=1/RightGrade=5/Library=Gaalop",
      "run_type": "iteration",
      "iterations": 448000,
      "real_time": 1.5459924134120229e-03,
      "cpu_time": 1.3602120535714285e-03,
      "time_unit": "ms"
    }
  ]
}
