{
  "context": {
    "date": "2019-03-23 02:37:52",
    "executable": "/mnt/c/Users/laffe/Repositories/GitHub/ga-developers/ga-benchmark/build/GABenchmark_Products_EuclideanModel_D4_LEFTGRADE1_RIGHTGRADE2_Gaalop",
    "num_cpus": 8,
    "mhz_per_cpu": 1992,
    "cpu_scaling_enabled": false,
    "caches": [
    ],
    "load_avg": [0.52,0.58,0.59],
    "library_build_type": "release"
  },
  "benchmarks": [
    {
      "name": "BM_Product_GeometricProduct/Model=0x02/D=4/LeftGrade=1/RightGrade=2/Library=Gaalop",
      "run_name": "BM_Product_GeometricProduct/Model=0x02/D=4/LeftGrade=1/RightGrade=2/Library=Gaalop",
      "run_type": "iteration",
      "iterations": 560000,
      "real_time": 1.5593078617322524e-03,
      "cpu_time": 1.7020089285714288e-03,
      "time_unit": "ms"
    },
    {
      "name": "BM_Product_HestenesInnerProduct/Model=0x02/D=4/LeftGrade=1/RightGrade=2/Library=Gaalop",
      "run_name": "BM_Product_HestenesInnerProduct/Model=0x02/D=4/LeftGrade=1/RightGrade=2/Library=Gaalop",
      "run_type": "iteration",
      "iterations": 746667,
      "real_time": 1.5548912698684525e-03,
      "cpu_time": 1.5276220858829973e-03,
      "time_unit": "ms"
    },
    {
      "name": "BM_Product_OuterProduct/Model=0x02/D=4/LeftGrade=1/RightGrade=2/Library=Gaalop",
      "run_name": "BM_Product_OuterProduct/Model=0x02/D=4/LeftGrade=1/RightGrade=2/Library=Gaalop",
      "run_type": "iteration",
      "iterations": 560000,
      "real_time": 1.5564187467264543e-03,
      "cpu_time": 1.7020089285714286e-03,
      "time_unit": "ms"
    }
  ]
}
