{
  "context": {
    "date": "2019-03-23 07:07:47",
    "executable": "/mnt/c/Users/laffe/Repositories/GitHub/ga-developers/ga-benchmark/build/GABenchmark_Products_ConformalModel_D3_LEFTGRADE5_RIGHTGRADE3_Versor",
    "num_cpus": 8,
    "mhz_per_cpu": 1992,
    "cpu_scaling_enabled": false,
    "caches": [
    ],
    "load_avg": [0.52,0.58,0.59],
    "library_build_type": "release"
  },
  "benchmarks": [
    {
      "name": "BM_Product_GeometricProduct/Model=0x01/D=3/LeftGrade=5/RightGrade=3/Library=Versor",
      "run_name": "BM_Product_GeometricProduct/Model=0x01/D=3/LeftGrade=5/RightGrade=3/Library=Versor",
      "run_type": "iteration",
      "iterations": 448000,
      "real_time": 1.5542290203874082e-03,
      "cpu_time": 1.7089843750000000e-03,
      "time_unit": "ms"
    },
    {
      "name": "BM_Product_LeftContraction/Model=0x01/D=3/LeftGrade=5/RightGrade=3/Library=Versor",
      "run_name": "BM_Product_LeftContraction/Model=0x01/D=3/LeftGrade=5/RightGrade=3/Library=Versor",
      "run_type": "iteration",
      "iterations": 588575,
      "real_time": 1.5358525170579389e-03,
      "cpu_time": 1.5397358025740135e-03,
      "time_unit": "ms"
    },
    {
      "name": "BM_Product_OuterProduct/Model=0x01/D=3/LeftGrade=5/RightGrade=3/Library=Versor",
      "run_name": "BM_Product_OuterProduct/Model=0x01/D=3/LeftGrade=5/RightGrade=3/Library=Versor",
      "run_type": "iteration",
      "iterations": 344615,
      "real_time": 1.5657672882478427e-03,
      "cpu_time": 1.8589585479448080e-03,
      "time_unit": "ms"
    }
  ]
}
