{
  "context": {
    "date": "2019-03-23 04:59:55",
    "executable": "/mnt/c/Users/laffe/Repositories/GitHub/ga-developers/ga-benchmark/build/GABenchmark_Products_EuclideanModel_D3_LEFTGRADE2_RIGHTGRADE2_GluCatMatrixMulti",
    "num_cpus": 8,
    "mhz_per_cpu": 1992,
    "cpu_scaling_enabled": false,
    "caches": [
    ],
    "load_avg": [0.52,0.58,0.59],
    "library_build_type": "release"
  },
  "benchmarks": [
    {
      "name": "BM_Product_GeometricProduct/Model=0x02/D=3/LeftGrade=2/RightGrade=2/Library=GluCatMatrixMulti",
      "run_name": "BM_Product_GeometricProduct/Model=0x02/D=3/LeftGrade=2/RightGrade=2/Library=GluCatMatrixMulti",
      "run_type": "iteration",
      "iterations": 320000,
      "real_time": 2.8448112358091747e-03,
      "cpu_time": 2.6367187500000002e-03,
      "time_unit": "ms"
    },
    {
      "name": "BM_Product_HestenesInnerProduct/Model=0x02/D=3/LeftGrade=2/RightGrade=2/Library=GluCatMatrixMulti",
      "run_name": "BM_Product_HestenesInnerProduct/Model=0x02/D=3/LeftGrade=2/RightGrade=2/Library=GluCatMatrixMulti",
      "run_type": "iteration",
      "iterations": 74667,
      "real_time": 7.0284837692057888e-03,
      "cpu_time": 7.1149235940910979e-03,
      "time_unit": "ms"
    },
    {
      "name": "BM_Product_LeftContraction/Model=0x02/D=3/LeftGrade=2/RightGrade=2/Library=GluCatMatrixMulti",
      "run_name": "BM_Product_LeftContraction/Model=0x02/D=3/LeftGrade=2/RightGrade=2/Library=GluCatMatrixMulti",
      "run_type": "iteration",
      "iterations": 107328,
      "real_time": 7.1952509302826064e-03,
      "cpu_time": 8.0069972420989868e-03,
      "time_unit": "ms"
    },
    {
      "name": "BM_Product_OuterProduct/Model=0x02/D=3/LeftGrade=2/RightGrade=2/Library=GluCatMatrixMulti",
      "run_name": "BM_Product_OuterProduct/Model=0x02/D=3/LeftGrade=2/RightGrade=2/Library=GluCatMatrixMulti",
      "run_type": "iteration",
      "iterations": 179200,
      "real_time": 6.5826110377591772e-03,
      "cpu_time": 6.9754464285714289e-03,
      "time_unit": "ms"
    }
  ]
}
