{
  "context": {
    "date": "2019-03-23 07:07:02",
    "executable": "/mnt/c/Users/laffe/Repositories/GitHub/ga-developers/ga-benchmark/build/GABenchmark_Products_ConformalModel_D3_LEFTGRADE4_RIGHTGRADE2_Versor",
    "num_cpus": 8,
    "mhz_per_cpu": 1992,
    "cpu_scaling_enabled": false,
    "caches": [
    ],
    "load_avg": [0.52,0.58,0.59],
    "library_build_type": "release"
  },
  "benchmarks": [
    {
      "name": "BM_Product_GeometricProduct/Model=0x01/D=3/LeftGrade=4/RightGrade=2/Library=Versor",
      "run_name": "BM_Product_GeometricProduct/Model=0x01/D=3/LeftGrade=4/RightGrade=2/Library=Versor",
      "run_type": "iteration",
      "iterations": 571806,
      "real_time": 1.5525450891307035e-03,
      "cpu_time": 1.3662850687121157e-03,
      "time_unit": "ms"
    },
    {
      "name": "BM_Product_LeftContraction/Model=0x01/D=3/LeftGrade=4/RightGrade=2/Library=Versor",
      "run_name": "BM_Product_LeftContraction/Model=0x01/D=3/LeftGrade=4/RightGrade=2/Library=Versor",
      "run_type": "iteration",
      "iterations": 373333,
      "real_time": 1.5598990612416888e-03,
      "cpu_time": 1.7578140694768478e-03,
      "time_unit": "ms"
    },
    {
      "name": "BM_Product_OuterProduct/Model=0x01/D=3/LeftGrade=4/RightGrade=2/Library=Versor",
      "run_name": "BM_Product_OuterProduct/Model=0x01/D=3/LeftGrade=4/RightGrade=2/Library=Versor",
      "run_type": "iteration",
      "iterations": 497778,
      "real_time": 1.5364063973262892e-03,
      "cpu_time": 1.5694747457702027e-03,
      "time_unit": "ms"
    }
  ]
}
