{
  "context": {
    "date": "2019-03-23 03:01:58",
    "executable": "/mnt/c/Users/laffe/Repositories/GitHub/ga-developers/ga-benchmark/build/GABenchmark_Products_ConformalModel_D2_LEFTGRADE3_RIGHTGRADE4_Garamon",
    "num_cpus": 8,
    "mhz_per_cpu": 1992,
    "cpu_scaling_enabled": false,
    "caches": [
    ],
    "load_avg": [0.52,0.58,0.59],
    "library_build_type": "release"
  },
  "benchmarks": [
    {
      "name": "BM_Product_GeometricProduct/Model=0x01/D=2/LeftGrade=3/RightGrade=4/Library=Garamon",
      "run_name": "BM_Product_GeometricProduct/Model=0x01/D=2/LeftGrade=3/RightGrade=4/Library=Garamon",
      "run_type": "iteration",
      "iterations": 448000,
      "real_time": 1.9510305819494533e-03,
      "cpu_time": 2.1275111607142855e-03,
      "time_unit": "ms"
    },
    {
      "name": "BM_Product_HestenesInnerProduct/Model=0x01/D=2/LeftGrade=3/RightGrade=4/Library=Garamon",
      "run_name": "BM_Product_HestenesInnerProduct/Model=0x01/D=2/LeftGrade=3/RightGrade=4/Library=Garamon",
      "run_type": "iteration",
      "iterations": 280000,
      "real_time": 1.9084821324213408e-03,
      "cpu_time": 2.4553571428571428e-03,
      "time_unit": "ms"
    },
    {
      "name": "BM_Product_LeftContraction/Model=0x01/D=2/LeftGrade=3/RightGrade=4/Library=Garamon",
      "run_name": "BM_Product_LeftContraction/Model=0x01/D=2/LeftGrade=3/RightGrade=4/Library=Garamon",
      "run_type": "iteration",
      "iterations": 298667,
      "real_time": 1.9840933192515307e-03,
      "cpu_time": 2.0403158032189696e-03,
      "time_unit": "ms"
    },
    {
      "name": "BM_Product_OuterProduct/Model=0x01/D=2/LeftGrade=3/RightGrade=4/Library=Garamon",
      "run_name": "BM_Product_OuterProduct/Model=0x01/D=2/LeftGrade=3/RightGrade=4/Library=Garamon",
      "run_type": "iteration",
      "iterations": 448000,
      "real_time": 1.8569671831625914e-03,
      "cpu_time": 1.7787388392857143e-03,
      "time_unit": "ms"
    },
    {
      "name": "BM_Product_RightContraction/Model=0x01/D=2/LeftGrade=3/RightGrade=4/Library=Garamon",
      "run_name": "BM_Product_RightContraction/Model=0x01/D=2/LeftGrade=3/RightGrade=4/Library=Garamon",
      "run_type": "iteration",
      "iterations": 373333,
      "real_time": 1.8524792362041389e-03,
      "cpu_time": 2.0507830810563223e-03,
      "time_unit": "ms"
    },
    {
      "name": "BM_Product_ScalarProduct/Model=0x01/D=2/LeftGrade=3/RightGrade=4/Library=Garamon",
      "run_name": "BM_Product_ScalarProduct/Model=0x01/D=2/LeftGrade=3/RightGrade=4/Library=Garamon",
      "run_type": "iteration",
      "iterations": 477867,
      "real_time": 1.8462287777014903e-03,
      "cpu_time": 1.6675664986282794e-03,
      "time_unit": "ms"
    }
  ]
}
