{
  "context": {
    "date": "2019-03-23 03:11:28",
    "executable": "/mnt/c/Users/laffe/Repositories/GitHub/ga-developers/ga-benchmark/build/GABenchmark_Products_ConformalModel_D3_LEFTGRADE5_RIGHTGRADE4_Garamon",
    "num_cpus": 8,
    "mhz_per_cpu": 1992,
    "cpu_scaling_enabled": false,
    "caches": [
    ],
    "load_avg": [0.52,0.58,0.59],
    "library_build_type": "release"
  },
  "benchmarks": [
    {
      "name": "BM_Product_GeometricProduct/Model=0x01/D=3/LeftGrade=5/RightGrade=4/Library=Garamon",
      "run_name": "BM_Product_GeometricProduct/Model=0x01/D=3/LeftGrade=5/RightGrade=4/Library=Garamon",
      "run_type": "iteration",
      "iterations": 448000,
      "real_time": 1.7113966397508712e-03,
      "cpu_time": 1.8484933035714285e-03,
      "time_unit": "ms"
    },
    {
      "name": "BM_Product_HestenesInnerProduct/Model=0x01/D=3/LeftGrade=5/RightGrade=4/Library=Garamon",
      "run_name": "BM_Product_HestenesInnerProduct/Model=0x01/D=3/LeftGrade=5/RightGrade=4/Library=Garamon",
      "run_type": "iteration",
      "iterations": 497778,
      "real_time": 1.7181938597047456e-03,
      "cpu_time": 1.7892012101780313e-03,
      "time_unit": "ms"
    },
    {
      "name": "BM_Product_LeftContraction/Model=0x01/D=3/LeftGrade=5/RightGrade=4/Library=Garamon",
      "run_name": "BM_Product_LeftContraction/Model=0x01/D=3/LeftGrade=5/RightGrade=4/Library=Garamon",
      "run_type": "iteration",
      "iterations": 344615,
      "real_time": 1.5934251092685977e-03,
      "cpu_time": 1.4962349288336258e-03,
      "time_unit": "ms"
    },
    {
      "name": "BM_Product_OuterProduct/Model=0x01/D=3/LeftGrade=5/RightGrade=4/Library=Garamon",
      "run_name": "BM_Product_OuterProduct/Model=0x01/D=3/LeftGrade=5/RightGrade=4/Library=Garamon",
      "run_type": "iteration",
      "iterations": 373333,
      "real_time": 1.6105918952109054e-03,
      "cpu_time": 1.5485504897772230e-03,
      "time_unit": "ms"
    },
    {
      "name": "BM_Product_RightContraction/Model=0x01/D=3/LeftGrade=5/RightGrade=4/Library=Garamon",
      "run_name": "BM_Product_RightContraction/Model=0x01/D=3/LeftGrade=5/RightGrade=4/Library=Garamon",
      "run_type": "iteration",
      "iterations": 320000,
      "real_time": 1.7126893779277452e-03,
      "cpu_time": 1.7089843750000000e-03,
      "time_unit": "ms"
    },
    {
      "name": "BM_Product_ScalarProduct/Model=0x01/D=3/LeftGrade=5/RightGrade=4/Library=Garamon",
      "run_name": "BM_Product_ScalarProduct/Model=0x01/D=3/LeftGrade=5/RightGrade=4/Library=Garamon",
      "run_type": "iteration",
      "iterations": 298667,
      "real_time": 1.5999591530161817e-03,
      "cpu_time": 1.8310526439144598e-03,
      "time_unit": "ms"
    }
  ]
}
