{
  "context": {
    "date": "2019-03-23 01:31:19",
    "executable": "/mnt/c/Users/laffe/Repositories/GitHub/ga-developers/ga-benchmark/build/GABenchmark_Products_EuclideanModel_D3_LEFTGRADE0_RIGHTGRADE3_GATL",
    "num_cpus": 8,
    "mhz_per_cpu": 1992,
    "cpu_scaling_enabled": false,
    "caches": [
    ],
    "load_avg": [0.52,0.58,0.59],
    "library_build_type": "release"
  },
  "benchmarks": [
    {
      "name": "BM_Product_DotProduct/Model=0x02/D=3/LeftGrade=0/RightGrade=3/Library=GATL",
      "run_name": "BM_Product_DotProduct/Model=0x02/D=3/LeftGrade=0/RightGrade=3/Library=GATL",
      "run_type": "iteration",
      "iterations": 746667,
      "real_time": 1.5509705158113043e-03,
      "cpu_time": 1.4857694259957919e-03,
      "time_unit": "ms"
    },
    {
      "name": "BM_Product_GeometricProduct/Model=0x02/D=3/LeftGrade=0/RightGrade=3/Library=GATL",
      "run_name": "BM_Product_GeometricProduct/Model=0x02/D=3/LeftGrade=0/RightGrade=3/Library=GATL",
      "run_type": "iteration",
      "iterations": 344615,
      "real_time": 1.6926526780968603e-03,
      "cpu_time": 1.7229371907781148e-03,
      "time_unit": "ms"
    },
    {
      "name": "BM_Product_HestenesInnerProduct/Model=0x02/D=3/LeftGrade=0/RightGrade=3/Library=GATL",
      "run_name": "BM_Product_HestenesInnerProduct/Model=0x02/D=3/LeftGrade=0/RightGrade=3/Library=GATL",
      "run_type": "iteration",
      "iterations": 746667,
      "real_time": 1.8243329678027623e-03,
      "cpu_time": 1.7578117152626271e-03,
      "time_unit": "ms"
    },
    {
      "name": "BM_Product_LeftContraction/Model=0x02/D=3/LeftGrade=0/RightGrade=3/Library=GATL",
      "run_name": "BM_Product_LeftContraction/Model=0x02/D=3/LeftGrade=0/RightGrade=3/Library=GATL",
      "run_type": "iteration",
      "iterations": 497778,
      "real_time": 1.5693726803584248e-03,
      "cpu_time": 1.6008642406856069e-03,
      "time_unit": "ms"
    },
    {
      "name": "BM_Product_OuterProduct/Model=0x02/D=3/LeftGrade=0/RightGrade=3/Library=GATL",
      "run_name": "BM_Product_OuterProduct/Model=0x02/D=3/LeftGrade=0/RightGrade=3/Library=GATL",
      "run_type": "iteration",
      "iterations": 407273,
      "real_time": 1.5442491872948516e-03,
      "cpu_time": 1.5345971866536697e-03,
      "time_unit": "ms"
    },
    {
      "name": "BM_Product_RegressiveProduct/Model=0x02/D=3/LeftGrade=0/RightGrade=3/Library=GATL",
      "run_name": "BM_Product_RegressiveProduct/Model=0x02/D=3/LeftGrade=0/RightGrade=3/Library=GATL",
      "run_type": "iteration",
      "iterations": 619456,
      "real_time": 1.5414909255146419e-03,
      "cpu_time": 1.3620822140717017e-03,
      "time_unit": "ms"
    },
    {
      "name": "BM_Product_RightContraction/Model=0x02/D=3/LeftGrade=0/RightGrade=3/Library=GATL",
      "run_name": "BM_Product_RightContraction/Model=0x02/D=3/LeftGrade=0/RightGrade=3/Library=GATL",
      "run_type": "iteration",
      "iterations": 373333,
      "real_time": 1.5404579837645746e-03,
      "cpu_time": 1.4648450578973731e-03,
      "time_unit": "ms"
    },
    {
      "name": "BM_Product_ScalarProduct/Model=0x02/D=3/LeftGrade=0/RightGrade=3/Library=GATL",
      "run_name": "BM_Product_ScalarProduct/Model=0x02/D=3/LeftGrade=0/RightGrade=3/Library=GATL",
      "run_type": "iteration",
      "iterations": 497778,
      "real_time": 1.5580909451845370e-03,
      "cpu_time": 1.5380852508547988e-03,
      "time_unit": "ms"
    }
  ]
}
