{
  "context": {
    "date": "2019-03-23 07:05:21",
    "executable": "/mnt/c/Users/laffe/Repositories/GitHub/ga-developers/ga-benchmark/build/GABenchmark_Products_ConformalModel_D3_LEFTGRADE1_RIGHTGRADE3_Versor",
    "num_cpus": 8,
    "mhz_per_cpu": 1992,
    "cpu_scaling_enabled": false,
    "caches": [
    ],
    "load_avg": [0.52,0.58,0.59],
    "library_build_type": "release"
  },
  "benchmarks": [
    {
      "name": "BM_Product_GeometricProduct/Model=0x01/D=3/LeftGrade=1/RightGrade=3/Library=Versor",
      "run_name": "BM_Product_GeometricProduct/Model=0x01/D=3/LeftGrade=1/RightGrade=3/Library=Versor",
      "run_type": "iteration",
      "iterations": 560000,
      "real_time": 1.5567990975146780e-03,
      "cpu_time": 1.6183035714285718e-03,
      "time_unit": "ms"
    },
    {
      "name": "BM_Product_LeftContraction/Model=0x01/D=3/LeftGrade=1/RightGrade=3/Library=Versor",
      "run_name": "BM_Product_LeftContraction/Model=0x01/D=3/LeftGrade=1/RightGrade=3/Library=Versor",
      "run_type": "iteration",
      "iterations": 497778,
      "real_time": 1.5597310447063575e-03,
      "cpu_time": 1.5066957559393946e-03,
      "time_unit": "ms"
    },
    {
      "name": "BM_Product_OuterProduct/Model=0x01/D=3/LeftGrade=1/RightGrade=3/Library=Versor",
      "run_name": "BM_Product_OuterProduct/Model=0x01/D=3/LeftGrade=1/RightGrade=3/Library=Versor",
      "run_type": "iteration",
      "iterations": 497778,
      "real_time": 1.5449636158525906e-03,
      "cpu_time": 1.6322537356010108e-03,
      "time_unit": "ms"
    }
  ]
}
