{
  "context": {
    "date": "2019-03-23 02:28:53",
    "executable": "/mnt/c/Users/laffe/Repositories/GitHub/ga-developers/ga-benchmark/build/GABenchmark_Products_ConformalModel_D2_LEFTGRADE0_RIGHTGRADE3_Gaalop",
    "num_cpus": 8,
    "mhz_per_cpu": 1992,
    "cpu_scaling_enabled": false,
    "caches": [
    ],
    "load_avg": [0.52,0.58,0.59],
    "library_build_type": "release"
  },
  "benchmarks": [
    {
      "name": "BM_Product_GeometricProduct/Model=0x01/D=2/LeftGrade=0/RightGrade=3/Library=Gaalop",
      "run_name": "BM_Product_GeometricProduct/Model=0x01/D=2/LeftGrade=0/RightGrade=3/Library=Gaalop",
      "run_type": "iteration",
      "iterations": 497778,
      "real_time": 1.5560661614988647e-03,
      "cpu_time": 1.6322537356010113e-03,
      "time_unit": "ms"
    },
    {
      "name": "BM_Product_HestenesInnerProduct/Model=0x01/D=2/LeftGrade=0/RightGrade=3/Library=Gaalop",
      "run_name": "BM_Product_HestenesInnerProduct/Model=0x01/D=2/LeftGrade=0/RightGrade=3/Library=Gaalop",
      "run_type": "iteration",
      "iterations": 404645,
      "real_time": 1.5423729414570666e-03,
      "cpu_time": 1.7376342225901716e-03,
      "time_unit": "ms"
    },
    {
      "name": "BM_Product_OuterProduct/Model=0x01/D=2/LeftGrade=0/RightGrade=3/Library=Gaalop",
      "run_name": "BM_Product_OuterProduct/Model=0x01/D=2/LeftGrade=0/RightGrade=3/Library=Gaalop",
      "run_type": "iteration",
      "iterations": 498024,
      "real_time": 1.5492827557894886e-03,
      "cpu_time": 1.3804555603746005e-03,
      "time_unit": "ms"
    }
  ]
}
