{
  "context": {
    "date": "2019-03-23 02:38:10",
    "executable": "/mnt/c/Users/laffe/Repositories/GitHub/ga-developers/ga-benchmark/build/GABenchmark_Products_EuclideanModel_D4_LEFTGRADE2_RIGHTGRADE0_Gaalop",
    "num_cpus": 8,
    "mhz_per_cpu": 1992,
    "cpu_scaling_enabled": false,
    "caches": [
    ],
    "load_avg": [0.52,0.58,0.59],
    "library_build_type": "release"
  },
  "benchmarks": [
    {
      "name": "BM_Product_GeometricProduct/Model=0x02/D=4/LeftGrade=2/RightGrade=0/Library=Gaalop",
      "run_name": "BM_Product_GeometricProduct/Model=0x02/D=4/LeftGrade=2/RightGrade=0/Library=Gaalop",
      "run_type": "iteration",
      "iterations": 497778,
      "real_time": 1.5567696768396700e-03,
      "cpu_time": 1.4439167661085869e-03,
      "time_unit": "ms"
    },
    {
      "name": "BM_Product_HestenesInnerProduct/Model=0x02/D=4/LeftGrade=2/RightGrade=0/Library=Gaalop",
      "run_name": "BM_Product_HestenesInnerProduct/Model=0x02/D=4/LeftGrade=2/RightGrade=0/Library=Gaalop",
      "run_type": "iteration",
      "iterations": 373333,
      "real_time": 1.5794507807190216e-03,
      "cpu_time": 1.4229923419574481e-03,
      "time_unit": "ms"
    },
    {
      "name": "BM_Product_OuterProduct/Model=0x02/D=4/LeftGrade=2/RightGrade=0/Library=Gaalop",
      "run_name": "BM_Product_OuterProduct/Model=0x02/D=4/LeftGrade=2/RightGrade=0/Library=Gaalop",
      "run_type": "iteration",
      "iterations": 560000,
      "real_time": 1.5570369634328278e-03,
      "cpu_time": 1.5904017857142857e-03,
      "time_unit": "ms"
    }
  ]
}
