{
  "context": {
    "date": "2019-03-23 02:59:14",
    "executable": "/mnt/c/Users/laffe/Repositories/GitHub/ga-developers/ga-benchmark/build/GABenchmark_Products_ConformalModel_D2_LEFTGRADE1_RIGHTGRADE3_Garamon",
    "num_cpus": 8,
    "mhz_per_cpu": 1992,
    "cpu_scaling_enabled": false,
    "caches": [
    ],
    "load_avg": [0.52,0.58,0.59],
    "library_build_type": "release"
  },
  "benchmarks": [
    {
      "name": "BM_Product_GeometricProduct/Model=0x01/D=2/LeftGrade=1/RightGrade=3/Library=Garamon",
      "run_name": "BM_Product_GeometricProduct/Model=0x01/D=2/LeftGrade=1/RightGrade=3/Library=Garamon",
      "run_type": "iteration",
      "iterations": 280000,
      "real_time": 1.7255063958665623e-03,
      "cpu_time": 1.8973214285714286e-03,
      "time_unit": "ms"
    },
    {
      "name": "BM_Product_HestenesInnerProduct/Model=0x01/D=2/LeftGrade=1/RightGrade=3/Library=Garamon",
      "run_name": "BM_Product_HestenesInnerProduct/Model=0x01/D=2/LeftGrade=1/RightGrade=3/Library=Garamon",
      "run_type": "iteration",
      "iterations": 448000,
      "real_time": 1.6780908559407440e-03,
      "cpu_time": 1.6392299107142857e-03,
      "time_unit": "ms"
    },
    {
      "name": "BM_Product_LeftContraction/Model=0x01/D=2/LeftGrade=1/RightGrade=3/Library=Garamon",
      "run_name": "BM_Product_LeftContraction/Model=0x01/D=2/LeftGrade=1/RightGrade=3/Library=Garamon",
      "run_type": "iteration",
      "iterations": 448000,
      "real_time": 1.7048995741788531e-03,
      "cpu_time": 1.7787388392857143e-03,
      "time_unit": "ms"
    },
    {
      "name": "BM_Product_OuterProduct/Model=0x01/D=2/LeftGrade=1/RightGrade=3/Library=Garamon",
      "run_name": "BM_Product_OuterProduct/Model=0x01/D=2/LeftGrade=1/RightGrade=3/Library=Garamon",
      "run_type": "iteration",
      "iterations": 344615,
      "real_time": 1.6195995537021360e-03,
      "cpu_time": 1.7229371907781148e-03,
      "time_unit": "ms"
    },
    {
      "name": "BM_Product_RightContraction/Model=0x01/D=2/LeftGrade=1/RightGrade=3/Library=Garamon",
      "run_name": "BM_Product_RightContraction/Model=0x01/D=2/LeftGrade=1/RightGrade=3/Library=Garamon",
      "run_type": "iteration",
      "iterations": 532371,
      "real_time": 1.5941493844822418e-03,
      "cpu_time": 1.3794421559401246e-03,
      "time_unit": "ms"
    },
    {
      "name": "BM_Product_ScalarProduct/Model=0x01/D=2/LeftGrade=1/RightGrade=3/Library=Garamon",
      "run_name": "BM_Product_ScalarProduct/Model=0x01/D=2/LeftGrade=1/RightGrade=3/Library=Garamon",
      "run_type": "iteration",
      "iterations": 407273,
      "real_time": 1.5770382422886787e-03,
      "cpu_time": 1.4962322569873278e-03,
      "time_unit": "ms"
    }
  ]
}
