{
  "context": {
    "date": "2019-03-23 02:31:56",
    "executable": "/mnt/c/Users/laffe/Repositories/GitHub/ga-developers/ga-benchmark/build/GABenchmark_Products_ConformalModel_D3_LEFTGRADE1_RIGHTGRADE3_Gaalop",
    "num_cpus": 8,
    "mhz_per_cpu": 1992,
    "cpu_scaling_enabled": false,
    "caches": [
    ],
    "load_avg": [0.52,0.58,0.59],
    "library_build_type": "release"
  },
  "benchmarks": [
    {
      "name": "BM_Product_GeometricProduct/Model=0x01/D=3/LeftGrade=1/RightGrade=3/Library=Gaalop",
      "run_name": "BM_Product_GeometricProduct/Model=0x01/D=3/LeftGrade=1/RightGrade=3/Library=Gaalop",
      "run_type": "iteration",
      "iterations": 448000,
      "real_time": 1.5589412955055845e-03,
      "cpu_time": 1.7438616071428572e-03,
      "time_unit": "ms"
    },
    {
      "name": "BM_Product_HestenesInnerProduct/Model=0x01/D=3/LeftGrade=1/RightGrade=3/Library=Gaalop",
      "run_name": "BM_Product_HestenesInnerProduct/Model=0x01/D=3/LeftGrade=1/RightGrade=3/Library=Gaalop",
      "run_type": "iteration",
      "iterations": 560000,
      "real_time": 1.5662249943748715e-03,
      "cpu_time": 1.6741071428571428e-03,
      "time_unit": "ms"
    },
    {
      "name": "BM_Product_OuterProduct/Model=0x01/D=3/LeftGrade=1/RightGrade=3/Library=Gaalop",
      "run_name": "BM_Product_OuterProduct/Model=0x01/D=3/LeftGrade=1/RightGrade=3/Library=Gaalop",
      "run_type": "iteration",
      "iterations": 497778,
      "real_time": 1.5496797788001622e-03,
      "cpu_time": 1.5066957559393946e-03,
      "time_unit": "ms"
    }
  ]
}
