{
  "context": {
    "date": "2019-03-23 07:06:43",
    "executable": "/mnt/c/Users/laffe/Repositories/GitHub/ga-developers/ga-benchmark/build/GABenchmark_Products_ConformalModel_D3_LEFTGRADE3_RIGHTGRADE5_Versor",
    "num_cpus": 8,
    "mhz_per_cpu": 1992,
    "cpu_scaling_enabled": false,
    "caches": [
    ],
    "load_avg": [0.52,0.58,0.59],
    "library_build_type": "release"
  },
  "benchmarks": [
    {
      "name": "BM_Product_GeometricProduct/Model=0x01/D=3/LeftGrade=3/RightGrade=5/Library=Versor",
      "run_name": "BM_Product_GeometricProduct/Model=0x01/D=3/LeftGrade=3/RightGrade=5/Library=Versor",
      "run_type": "iteration",
      "iterations": 407273,
      "real_time": 1.5413150265655455e-03,
      "cpu_time": 1.4962322569873278e-03,
      "time_unit": "ms"
    },
    {
      "name": "BM_Product_LeftContraction/Model=0x01/D=3/LeftGrade=3/RightGrade=5/Library=Versor",
      "run_name": "BM_Product_LeftContraction/Model=0x01/D=3/LeftGrade=3/RightGrade=5/Library=Versor",
      "run_type": "iteration",
      "iterations": 608194,
      "real_time": 1.5449340269783876e-03,
      "cpu_time": 1.6442122086044913e-03,
      "time_unit": "ms"
    },
    {
      "name": "BM_Product_OuterProduct/Model=0x01/D=3/LeftGrade=3/RightGrade=5/Library=Versor",
      "run_name": "BM_Product_OuterProduct/Model=0x01/D=3/LeftGrade=3/RightGrade=5/Library=Versor",
      "run_type": "iteration",
      "iterations": 373333,
      "real_time": 1.5441112961203322e-03,
      "cpu_time": 1.4648450578973731e-03,
      "time_unit": "ms"
    }
  ]
}
