{
  "context": {
    "date": "2019-03-23 01:21:34",
    "executable": "/mnt/c/Users/laffe/Repositories/GitHub/ga-developers/ga-benchmark/build/GABenchmark_Products_ConformalModel_D3_LEFTGRADE2_RIGHTGRADE0_GATL",
    "num_cpus": 8,
    "mhz_per_cpu": 1992,
    "cpu_scaling_enabled": false,
    "caches": [
    ],
    "load_avg": [0.52,0.58,0.59],
    "library_build_type": "release"
  },
  "benchmarks": [
    {
      "name": "BM_Product_DotProduct/Model=0x01/D=3/LeftGrade=2/RightGrade=0/Library=GATL",
      "run_name": "BM_Product_DotProduct/Model=0x01/D=3/LeftGrade=2/RightGrade=0/Library=GATL",
      "run_type": "iteration",
      "iterations": 320000,
      "real_time": 1.5438578204339138e-03,
      "cpu_time": 1.5625000000000001e-03,
      "time_unit": "ms"
    },
    {
      "name": "BM_Product_GeometricProduct/Model=0x01/D=3/LeftGrade=2/RightGrade=0/Library=GATL",
      "run_name": "BM_Product_GeometricProduct/Model=0x01/D=3/LeftGrade=2/RightGrade=0/Library=GATL",
      "run_type": "iteration",
      "iterations": 746667,
      "real_time": 1.5478993888737281e-03,
      "cpu_time": 1.5066957559393946e-03,
      "time_unit": "ms"
    },
    {
      "name": "BM_Product_HestenesInnerProduct/Model=0x01/D=3/LeftGrade=2/RightGrade=0/Library=GATL",
      "run_name": "BM_Product_HestenesInnerProduct/Model=0x01/D=3/LeftGrade=2/RightGrade=0/Library=GATL",
      "run_type": "iteration",
      "iterations": 640000,
      "real_time": 1.5398412464492140e-03,
      "cpu_time": 1.5869140625000000e-03,
      "time_unit": "ms"
    },
    {
      "name": "BM_Product_LeftContraction/Model=0x01/D=3/LeftGrade=2/RightGrade=0/Library=GATL",
      "run_name": "BM_Product_LeftContraction/Model=0x01/D=3/LeftGrade=2/RightGrade=0/Library=GATL",
      "run_type": "iteration",
      "iterations": 560000,
      "real_time": 1.5535774881884987e-03,
      "cpu_time": 2.0926339285714285e-03,
      "time_unit": "ms"
    },
    {
      "name": "BM_Product_OuterProduct/Model=0x01/D=3/LeftGrade=2/RightGrade=0/Library=GATL",
      "run_name": "BM_Product_OuterProduct/Model=0x01/D=3/LeftGrade=2/RightGrade=0/Library=GATL",
      "run_type": "iteration",
      "iterations": 448000,
      "real_time": 1.5371096257825098e-03,
      "cpu_time": 1.3602120535714285e-03,
      "time_unit": "ms"
    },
    {
      "name": "BM_Product_RegressiveProduct/Model=0x01/D=3/LeftGrade=2/RightGrade=0/Library=GATL",
      "run_name": "BM_Product_RegressiveProduct/Model=0x01/D=3/LeftGrade=2/RightGrade=0/Library=GATL",
      "run_type": "iteration",
      "iterations": 448000,
      "real_time": 1.5356303547378047e-03,
      "cpu_time": 1.7089843750000000e-03,
      "time_unit": "ms"
    },
    {
      "name": "BM_Product_RightContraction/Model=0x01/D=3/LeftGrade=2/RightGrade=0/Library=GATL",
      "run_name": "BM_Product_RightContraction/Model=0x01/D=3/LeftGrade=2/RightGrade=0/Library=GATL",
      "run_type": "iteration",
      "iterations": 640000,
      "real_time": 1.5427514273142150e-03,
      "cpu_time": 1.5869140625000000e-03,
      "time_unit": "ms"
    },
    {
      "name": "BM_Product_ScalarProduct/Model=0x01/D=3/LeftGrade=2/RightGrade=0/Library=GATL",
      "run_name": "BM_Product_ScalarProduct/Model=0x01/D=3/LeftGrade=2/RightGrade=0/Library=GATL",
      "run_type": "iteration",
      "iterations": 344615,
      "real_time": 1.5390833268384228e-03,
      "cpu_time": 1.7229371907781148e-03,
      "time_unit": "ms"
    }
  ]
}
