{
  "context": {
    "date": "2019-03-23 07:03:37",
    "executable": "/mnt/c/Users/laffe/Repositories/GitHub/ga-developers/ga-benchmark/build/GABenchmark_Products_ConformalModel_D2_LEFTGRADE3_RIGHTGRADE2_Versor",
    "num_cpus": 8,
    "mhz_per_cpu": 1992,
    "cpu_scaling_enabled": false,
    "caches": [
    ],
    "load_avg": [0.52,0.58,0.59],
    "library_build_type": "release"
  },
  "benchmarks": [
    {
      "name": "BM_Product_GeometricProduct/Model=0x01/D=2/LeftGrade=3/RightGrade=2/Library=Versor",
      "run_name": "BM_Product_GeometricProduct/Model=0x01/D=2/LeftGrade=3/RightGrade=2/Library=Versor",
      "run_type": "iteration",
      "iterations": 407273,
      "real_time": 1.5526644546855011e-03,
      "cpu_time": 1.5345971866536697e-03,
      "time_unit": "ms"
    },
    {
      "name": "BM_Product_LeftContraction/Model=0x01/D=2/LeftGrade=3/RightGrade=2/Library=Versor",
      "run_name": "BM_Product_LeftContraction/Model=0x01/D=2/LeftGrade=3/RightGrade=2/Library=Versor",
      "run_type": "iteration",
      "iterations": 746667,
      "real_time": 1.5456176673846562e-03,
      "cpu_time": 1.6741063954882163e-03,
      "time_unit": "ms"
    },
    {
      "name": "BM_Product_OuterProduct/Model=0x01/D=2/LeftGrade=3/RightGrade=2/Library=Versor",
      "run_name": "BM_Product_OuterProduct/Model=0x01/D=2/LeftGrade=3/RightGrade=2/Library=Versor",
      "run_type": "iteration",
      "iterations": 407273,
      "real_time": 1.5366324205981605e-03,
      "cpu_time": 1.6496919756526949e-03,
      "time_unit": "ms"
    }
  ]
}
