{
  "context": {
    "date": "2019-03-23 07:11:06",
    "executable": "/mnt/c/Users/laffe/Repositories/GitHub/ga-developers/ga-benchmark/build/GABenchmark_Products_EuclideanModel_D4_LEFTGRADE1_RIGHTGRADE0_Versor",
    "num_cpus": 8,
    "mhz_per_cpu": 1992,
    "cpu_scaling_enabled": false,
    "caches": [
    ],
    "load_avg": [0.52,0.58,0.59],
    "library_build_type": "release"
  },
  "benchmarks": [
    {
      "name": "BM_Product_GeometricProduct/Model=0x02/D=4/LeftGrade=1/RightGrade=0/Library=Versor",
      "run_name": "BM_Product_GeometricProduct/Model=0x02/D=4/LeftGrade=1/RightGrade=0/Library=Versor",
      "run_type": "iteration",
      "iterations": 560000,
      "real_time": 1.5358801743007332e-03,
      "cpu_time": 1.3671874999999999e-03,
      "time_unit": "ms"
    },
    {
      "name": "BM_Product_LeftContraction/Model=0x02/D=4/LeftGrade=1/RightGrade=0/Library=Versor",
      "run_name": "BM_Product_LeftContraction/Model=0x02/D=4/LeftGrade=1/RightGrade=0/Library=Versor",
      "run_type": "iteration",
      "iterations": 497778,
      "real_time": 1.5345812750922685e-03,
      "cpu_time": 1.2869692915315663e-03,
      "time_unit": "ms"
    },
    {
      "name": "BM_Product_OuterProduct/Model=0x02/D=4/LeftGrade=1/RightGrade=0/Library=Versor",
      "run_name": "BM_Product_OuterProduct/Model=0x02/D=4/LeftGrade=1/RightGrade=0/Library=Versor",
      "run_type": "iteration",
      "iterations": 497778,
      "real_time": 1.5552929306918073e-03,
      "cpu_time": 1.4125272711931825e-03,
      "time_unit": "ms"
    }
  ]
}
