{
  "context": {
    "date": "2019-03-23 02:32:19",
    "executable": "/mnt/c/Users/laffe/Repositories/GitHub/ga-developers/ga-benchmark/build/GABenchmark_Products_ConformalModel_D3_LEFTGRADE2_RIGHTGRADE1_Gaalop",
    "num_cpus": 8,
    "mhz_per_cpu": 1992,
    "cpu_scaling_enabled": false,
    "caches": [
    ],
    "load_avg": [0.52,0.58,0.59],
    "library_build_type": "release"
  },
  "benchmarks": [
    {
      "name": "BM_Product_GeometricProduct/Model=0x01/D=3/LeftGrade=2/RightGrade=1/Library=Gaalop",
      "run_name": "BM_Product_GeometricProduct/Model=0x01/D=3/LeftGrade=2/RightGrade=1/Library=Gaalop",
      "run_type": "iteration",
      "iterations": 373333,
      "real_time": 1.5788312097155747e-03,
      "cpu_time": 2.0089303651163975e-03,
      "time_unit": "ms"
    },
    {
      "name": "BM_Product_HestenesInnerProduct/Model=0x01/D=3/LeftGrade=2/RightGrade=1/Library=Gaalop",
      "run_name": "BM_Product_HestenesInnerProduct/Model=0x01/D=3/LeftGrade=2/RightGrade=1/Library=Gaalop",
      "run_type": "iteration",
      "iterations": 497778,
      "real_time": 1.5515319981434326e-03,
      "cpu_time": 1.3811377762777785e-03,
      "time_unit": "ms"
    },
    {
      "name": "BM_Product_OuterProduct/Model=0x01/D=3/LeftGrade=2/RightGrade=1/Library=Gaalop",
      "run_name": "BM_Product_OuterProduct/Model=0x01/D=3/LeftGrade=2/RightGrade=1/Library=Gaalop",
      "run_type": "iteration",
      "iterations": 896000,
      "real_time": 1.5604926432258384e-03,
      "cpu_time": 1.5520368303571428e-03,
      "time_unit": "ms"
    }
  ]
}
