{
  "context": {
    "date": "2019-03-23 02:34:01",
    "executable": "/mnt/c/Users/laffe/Repositories/GitHub/ga-developers/ga-benchmark/build/GABenchmark_Products_ConformalModel_D3_LEFTGRADE5_RIGHTGRADE0_Gaalop",
    "num_cpus": 8,
    "mhz_per_cpu": 1992,
    "cpu_scaling_enabled": false,
    "caches": [
    ],
    "load_avg": [0.52,0.58,0.59],
    "library_build_type": "release"
  },
  "benchmarks": [
    {
      "name": "BM_Product_GeometricProduct/Model=0x01/D=3/LeftGrade=5/RightGrade=0/Library=Gaalop",
      "run_name": "BM_Product_GeometricProduct/Model=0x01/D=3/LeftGrade=5/RightGrade=0/Library=Gaalop",
      "run_type": "iteration",
      "iterations": 498024,
      "real_time": 1.5667841390917480e-03,
      "cpu_time": 1.6628214704512232e-03,
      "time_unit": "ms"
    },
    {
      "name": "BM_Product_HestenesInnerProduct/Model=0x01/D=3/LeftGrade=5/RightGrade=0/Library=Gaalop",
      "run_name": "BM_Product_HestenesInnerProduct/Model=0x01/D=3/LeftGrade=5/RightGrade=0/Library=Gaalop",
      "run_type": "iteration",
      "iterations": 497778,
      "real_time": 1.5471085547915837e-03,
      "cpu_time": 1.4125272711931825e-03,
      "time_unit": "ms"
    },
    {
      "name": "BM_Product_OuterProduct/Model=0x01/D=3/LeftGrade=5/RightGrade=0/Library=Gaalop",
      "run_name": "BM_Product_OuterProduct/Model=0x01/D=3/LeftGrade=5/RightGrade=0/Library=Gaalop",
      "run_type": "iteration",
      "iterations": 560000,
      "real_time": 1.5471469703438093e-03,
      "cpu_time": 1.7578125000000000e-03,
      "time_unit": "ms"
    }
  ]
}
