{
  "context": {
    "date": "2019-03-23 01:28:43",
    "executable": "/mnt/c/Users/laffe/Repositories/GitHub/ga-developers/ga-benchmark/build/GABenchmark_Products_EuclideanModel_D2_LEFTGRADE0_RIGHTGRADE2_GATL",
    "num_cpus": 8,
    "mhz_per_cpu": 1992,
    "cpu_scaling_enabled": false,
    "caches": [
    ],
    "load_avg": [0.52,0.58,0.59],
    "library_build_type": "release"
  },
  "benchmarks": [
    {
      "name": "BM_Product_DotProduct/Model=0x02/D=2/LeftGrade=0/RightGrade=2/Library=GATL",
      "run_name": "BM_Product_DotProduct/Model=0x02/D=2/LeftGrade=0/RightGrade=2/Library=GATL",
      "run_type": "iteration",
      "iterations": 448000,
      "real_time": 1.5420129424715664e-03,
      "cpu_time": 1.2904575892857143e-03,
      "time_unit": "ms"
    },
    {
      "name": "BM_Product_GeometricProduct/Model=0x02/D=2/LeftGrade=0/RightGrade=2/Library=GATL",
      "run_name": "BM_Product_GeometricProduct/Model=0x02/D=2/LeftGrade=0/RightGrade=2/Library=GATL",
      "run_type": "iteration",
      "iterations": 640000,
      "real_time": 1.5399585870909504e-03,
      "cpu_time": 1.6601562500000000e-03,
      "time_unit": "ms"
    },
    {
      "name": "BM_Product_HestenesInnerProduct/Model=0x02/D=2/LeftGrade=0/RightGrade=2/Library=GATL",
      "run_name": "BM_Product_HestenesInnerProduct/Model=0x02/D=2/LeftGrade=0/RightGrade=2/Library=GATL",
      "run_type": "iteration",
      "iterations": 431622,
      "real_time": 1.5451835150084095e-03,
      "cpu_time": 1.4480262822562334e-03,
      "time_unit": "ms"
    },
    {
      "name": "BM_Product_LeftContraction/Model=0x02/D=2/LeftGrade=0/RightGrade=2/Library=GATL",
      "run_name": "BM_Product_LeftContraction/Model=0x02/D=2/LeftGrade=0/RightGrade=2/Library=GATL",
      "run_type": "iteration",
      "iterations": 640000,
      "real_time": 1.5531432764873897e-03,
      "cpu_time": 1.6357421875000000e-03,
      "time_unit": "ms"
    },
    {
      "name": "BM_Product_OuterProduct/Model=0x02/D=2/LeftGrade=0/RightGrade=2/Library=GATL",
      "run_name": "BM_Product_OuterProduct/Model=0x02/D=2/LeftGrade=0/RightGrade=2/Library=GATL",
      "run_type": "iteration",
      "iterations": 640000,
      "real_time": 1.5401287464555935e-03,
      "cpu_time": 1.3183593750000001e-03,
      "time_unit": "ms"
    },
    {
      "name": "BM_Product_RegressiveProduct/Model=0x02/D=2/LeftGrade=0/RightGrade=2/Library=GATL",
      "run_name": "BM_Product_RegressiveProduct/Model=0x02/D=2/LeftGrade=0/RightGrade=2/Library=GATL",
      "run_type": "iteration",
      "iterations": 448000,
      "real_time": 1.5600198672213342e-03,
      "cpu_time": 1.6043526785714285e-03,
      "time_unit": "ms"
    },
    {
      "name": "BM_Product_RightContraction/Model=0x02/D=2/LeftGrade=0/RightGrade=2/Library=GATL",
      "run_name": "BM_Product_RightContraction/Model=0x02/D=2/LeftGrade=0/RightGrade=2/Library=GATL",
      "run_type": "iteration",
      "iterations": 640000,
      "real_time": 1.5417484425597650e-03,
      "cpu_time": 1.4404296875000001e-03,
      "time_unit": "ms"
    },
    {
      "name": "BM_Product_ScalarProduct/Model=0x02/D=2/LeftGrade=0/RightGrade=2/Library=GATL",
      "run_name": "BM_Product_ScalarProduct/Model=0x02/D=2/LeftGrade=0/RightGrade=2/Library=GATL",
      "run_type": "iteration",
      "iterations": 448000,
      "real_time": 1.5375912956057749e-03,
      "cpu_time": 1.7787388392857143e-03,
      "time_unit": "ms"
    }
  ]
}
