{
  "context": {
    "date": "2019-03-23 07:05:02",
    "executable": "/mnt/c/Users/laffe/Repositories/GitHub/ga-developers/ga-benchmark/build/GABenchmark_Products_ConformalModel_D3_LEFTGRADE1_RIGHTGRADE0_Versor",
    "num_cpus": 8,
    "mhz_per_cpu": 1992,
    "cpu_scaling_enabled": false,
    "caches": [
    ],
    "load_avg": [0.52,0.58,0.59],
    "library_build_type": "release"
  },
  "benchmarks": [
    {
      "name": "BM_Product_GeometricProduct/Model=0x01/D=3/LeftGrade=1/RightGrade=0/Library=Versor",
      "run_name": "BM_Product_GeometricProduct/Model=0x01/D=3/LeftGrade=1/RightGrade=0/Library=Versor",
      "run_type": "iteration",
      "iterations": 746667,
      "real_time": 1.5432520755278535e-03,
      "cpu_time": 1.7159590553754217e-03,
      "time_unit": "ms"
    },
    {
      "name": "BM_Product_LeftContraction/Model=0x01/D=3/LeftGrade=1/RightGrade=0/Library=Versor",
      "run_name": "BM_Product_LeftContraction/Model=0x01/D=3/LeftGrade=1/RightGrade=0/Library=Versor",
      "run_type": "iteration",
      "iterations": 407273,
      "real_time": 1.5343705517566236e-03,
      "cpu_time": 1.6880569053190366e-03,
      "time_unit": "ms"
    },
    {
      "name": "BM_Product_OuterProduct/Model=0x01/D=3/LeftGrade=1/RightGrade=0/Library=Versor",
      "run_name": "BM_Product_OuterProduct/Model=0x01/D=3/LeftGrade=1/RightGrade=0/Library=Versor",
      "run_type": "iteration",
      "iterations": 373333,
      "real_time": 1.5600214845349666e-03,
      "cpu_time": 1.5904032057171480e-03,
      "time_unit": "ms"
    }
  ]
}
