{
  "context": {
    "date": "2019-03-23 04:57:57",
    "executable": "/mnt/c/Users/laffe/Repositories/GitHub/ga-developers/ga-benchmark/build/GABenchmark_Products_EuclideanModel_D3_LEFTGRADE1_RIGHTGRADE2_GluCatMatrixMulti",
    "num_cpus": 8,
    "mhz_per_cpu": 1992,
    "cpu_scaling_enabled": false,
    "caches": [
    ],
    "load_avg": [0.52,0.58,0.59],
    "library_build_type": "release"
  },
  "benchmarks": [
    {
      "name": "BM_Product_GeometricProduct/Model=0x02/D=3/LeftGrade=1/RightGrade=2/Library=GluCatMatrixMulti",
      "run_name": "BM_Product_GeometricProduct/Model=0x02/D=3/LeftGrade=1/RightGrade=2/Library=GluCatMatrixMulti",
      "run_type": "iteration",
      "iterations": 373333,
      "real_time": 2.7918977912090707e-03,
      "cpu_time": 2.6785738201551964e-03,
      "time_unit": "ms"
    },
    {
      "name": "BM_Product_HestenesInnerProduct/Model=0x02/D=3/LeftGrade=1/RightGrade=2/Library=GluCatMatrixMulti",
      "run_name": "BM_Product_HestenesInnerProduct/Model=0x02/D=3/LeftGrade=1/RightGrade=2/Library=GluCatMatrixMulti",
      "run_type": "iteration",
      "iterations": 89600,
      "real_time": 9.5539654460351040e-03,
      "cpu_time": 7.6729910714285711e-03,
      "time_unit": "ms"
    },
    {
      "name": "BM_Product_LeftContraction/Model=0x02/D=3/LeftGrade=1/RightGrade=2/Library=GluCatMatrixMulti",
      "run_name": "BM_Product_LeftContraction/Model=0x02/D=3/LeftGrade=1/RightGrade=2/Library=GluCatMatrixMulti",
      "run_type": "iteration",
      "iterations": 89600,
      "real_time": 9.6054084653068063e-03,
      "cpu_time": 9.2424665178571421e-03,
      "time_unit": "ms"
    },
    {
      "name": "BM_Product_OuterProduct/Model=0x02/D=3/LeftGrade=1/RightGrade=2/Library=GluCatMatrixMulti",
      "run_name": "BM_Product_OuterProduct/Model=0x02/D=3/LeftGrade=1/RightGrade=2/Library=GluCatMatrixMulti",
      "run_type": "iteration",
      "iterations": 74667,
      "real_time": 7.5614863754197188e-03,
      "cpu_time": 8.1612358873397895e-03,
      "time_unit": "ms"
    }
  ]
}
