{
  "context": {
    "date": "2019-03-23 05:04:42",
    "executable": "/mnt/c/Users/laffe/Repositories/GitHub/ga-developers/ga-benchmark/build/GABenchmark_Products_EuclideanModel_D4_LEFTGRADE1_RIGHTGRADE0_GluCatMatrixMulti",
    "num_cpus": 8,
    "mhz_per_cpu": 1992,
    "cpu_scaling_enabled": false,
    "caches": [
    ],
    "load_avg": [0.52,0.58,0.59],
    "library_build_type": "release"
  },
  "benchmarks": [
    {
      "name": "BM_Product_GeometricProduct/Model=0x02/D=4/LeftGrade=1/RightGrade=0/Library=GluCatMatrixMulti",
      "run_name": "BM_Product_GeometricProduct/Model=0x02/D=4/LeftGrade=1/RightGrade=0/Library=GluCatMatrixMulti",
      "run_type": "iteration",
      "iterations": 29867,
      "real_time": 2.2935818880687294e-02,
      "cpu_time": 2.0926105735427060e-02,
      "time_unit": "ms"
    },
    {
      "name": "BM_Product_HestenesInnerProduct/Model=0x02/D=4/LeftGrade=1/RightGrade=0/Library=GluCatMatrixMulti",
      "run_name": "BM_Product_HestenesInnerProduct/Model=0x02/D=4/LeftGrade=1/RightGrade=0/Library=GluCatMatrixMulti",
      "run_type": "iteration",
      "iterations": 56000,
      "real_time": 1.9430362606986558e-02,
      "cpu_time": 2.0089285714285716e-02,
      "time_unit": "ms"
    },
    {
      "name": "BM_Product_LeftContraction/Model=0x02/D=4/LeftGrade=1/RightGrade=0/Library=GluCatMatrixMulti",
      "run_name": "BM_Product_LeftContraction/Model=0x02/D=4/LeftGrade=1/RightGrade=0/Library=GluCatMatrixMulti",
      "run_type": "iteration",
      "iterations": 34462,
      "real_time": 1.9352489645638217e-02,
      "cpu_time": 1.8589315768092390e-02,
      "time_unit": "ms"
    },
    {
      "name": "BM_Product_OuterProduct/Model=0x02/D=4/LeftGrade=1/RightGrade=0/Library=GluCatMatrixMulti",
      "run_name": "BM_Product_OuterProduct/Model=0x02/D=4/LeftGrade=1/RightGrade=0/Library=GluCatMatrixMulti",
      "run_type": "iteration",
      "iterations": 26353,
      "real_time": 2.5535885935280819e-02,
      "cpu_time": 2.6681023033430729e-02,
      "time_unit": "ms"
    }
  ]
}
