{
  "context": {
    "date": "2019-03-23 02:38:05",
    "executable": "/mnt/c/Users/laffe/Repositories/GitHub/ga-developers/ga-benchmark/build/GABenchmark_Products_EuclideanModel_D4_LEFTGRADE1_RIGHTGRADE4_Gaalop",
    "num_cpus": 8,
    "mhz_per_cpu": 1992,
    "cpu_scaling_enabled": false,
    "caches": [
    ],
    "load_avg": [0.52,0.58,0.59],
    "library_build_type": "release"
  },
  "benchmarks": [
    {
      "name": "BM_Product_GeometricProduct/Model=0x02/D=4/LeftGrade=1/RightGrade=4/Library=Gaalop",
      "run_name": "BM_Product_GeometricProduct/Model=0x02/D=4/LeftGrade=1/RightGrade=4/Library=Gaalop",
      "run_type": "iteration",
      "iterations": 407273,
      "real_time": 1.5537911803119168e-03,
      "cpu_time": 1.5345971866536697e-03,
      "time_unit": "ms"
    },
    {
      "name": "BM_Product_HestenesInnerProduct/Model=0x02/D=4/LeftGrade=1/RightGrade=4/Library=Gaalop",
      "run_name": "BM_Product_HestenesInnerProduct/Model=0x02/D=4/LeftGrade=1/RightGrade=4/Library=Gaalop",
      "run_type": "iteration",
      "iterations": 344615,
      "real_time": 1.5694232720493027e-03,
      "cpu_time": 1.4508944764447282e-03,
      "time_unit": "ms"
    },
    {
      "name": "BM_Product_OuterProduct/Model=0x02/D=4/LeftGrade=1/RightGrade=4/Library=Gaalop",
      "run_name": "BM_Product_OuterProduct/Model=0x02/D=4/LeftGrade=1/RightGrade=4/Library=Gaalop",
      "run_type": "iteration",
      "iterations": 497778,
      "real_time": 1.5455528348503576e-03,
      "cpu_time": 1.5380852508547988e-03,
      "time_unit": "ms"
    }
  ]
}
