{
  "context": {
    "date": "2019-03-23 03:05:09",
    "executable": "/mnt/c/Users/laffe/Repositories/GitHub/ga-developers/ga-benchmark/build/GABenchmark_Products_ConformalModel_D3_LEFTGRADE1_RIGHTGRADE1_Garamon",
    "num_cpus": 8,
    "mhz_per_cpu": 1992,
    "cpu_scaling_enabled": false,
    "caches": [
    ],
    "load_avg": [0.52,0.58,0.59],
    "library_build_type": "release"
  },
  "benchmarks": [
    {
      "name": "BM_Product_GeometricProduct/Model=0x01/D=3/LeftGrade=1/RightGrade=1/Library=Garamon",
      "run_name": "BM_Product_GeometricProduct/Model=0x01/D=3/LeftGrade=1/RightGrade=1/Library=Garamon",
      "run_type": "iteration",
      "iterations": 320000,
      "real_time": 1.7268990686716279e-03,
      "cpu_time": 2.0019531249999998e-03,
      "time_unit": "ms"
    },
    {
      "name": "BM_Product_HestenesInnerProduct/Model=0x01/D=3/LeftGrade=1/RightGrade=1/Library=Garamon",
      "run_name": "BM_Product_HestenesInnerProduct/Model=0x01/D=3/LeftGrade=1/RightGrade=1/Library=Garamon",
      "run_type": "iteration",
      "iterations": 407273,
      "real_time": 1.6214097414140041e-03,
      "cpu_time": 1.6113270459863530e-03,
      "time_unit": "ms"
    },
    {
      "name": "BM_Product_LeftContraction/Model=0x01/D=3/LeftGrade=1/RightGrade=1/Library=Garamon",
      "run_name": "BM_Product_LeftContraction/Model=0x01/D=3/LeftGrade=1/RightGrade=1/Library=Garamon",
      "run_type": "iteration",
      "iterations": 539526,
      "real_time": 1.6195601376278266e-03,
      "cpu_time": 1.4769909142469501e-03,
      "time_unit": "ms"
    },
    {
      "name": "BM_Product_OuterProduct/Model=0x01/D=3/LeftGrade=1/RightGrade=1/Library=Garamon",
      "run_name": "BM_Product_OuterProduct/Model=0x01/D=3/LeftGrade=1/RightGrade=1/Library=Garamon",
      "run_type": "iteration",
      "iterations": 344615,
      "real_time": 1.6837546241526447e-03,
      "cpu_time": 1.7229371907781148e-03,
      "time_unit": "ms"
    },
    {
      "name": "BM_Product_RightContraction/Model=0x01/D=3/LeftGrade=1/RightGrade=1/Library=Garamon",
      "run_name": "BM_Product_RightContraction/Model=0x01/D=3/LeftGrade=1/RightGrade=1/Library=Garamon",
      "run_type": "iteration",
      "iterations": 497778,
      "real_time": 1.6260999922403335e-03,
      "cpu_time": 1.6008642406856069e-03,
      "time_unit": "ms"
    },
    {
      "name": "BM_Product_ScalarProduct/Model=0x01/D=3/LeftGrade=1/RightGrade=1/Library=Garamon",
      "run_name": "BM_Product_ScalarProduct/Model=0x01/D=3/LeftGrade=1/RightGrade=1/Library=Garamon",
      "run_type": "iteration",
      "iterations": 497778,
      "real_time": 1.6372382863134827e-03,
      "cpu_time": 1.9775381796704556e-03,
      "time_unit": "ms"
    }
  ]
}
