{
  "context": {
    "date": "2019-03-23 07:05:15",
    "executable": "/mnt/c/Users/laffe/Repositories/GitHub/ga-developers/ga-benchmark/build/GABenchmark_Products_ConformalModel_D3_LEFTGRADE1_RIGHTGRADE2_Versor",
    "num_cpus": 8,
    "mhz_per_cpu": 1992,
    "cpu_scaling_enabled": false,
    "caches": [
    ],
    "load_avg": [0.52,0.58,0.59],
    "library_build_type": "release"
  },
  "benchmarks": [
    {
      "name": "BM_Product_GeometricProduct/Model=0x01/D=3/LeftGrade=1/RightGrade=2/Library=Versor",
      "run_name": "BM_Product_GeometricProduct/Model=0x01/D=3/LeftGrade=1/RightGrade=2/Library=Versor",
      "run_type": "iteration",
      "iterations": 560000,
      "real_time": 1.5517828555727776e-03,
      "cpu_time": 1.6462053571428571e-03,
      "time_unit": "ms"
    },
    {
      "name": "BM_Product_LeftContraction/Model=0x01/D=3/LeftGrade=1/RightGrade=2/Library=Versor",
      "run_name": "BM_Product_LeftContraction/Model=0x01/D=3/LeftGrade=1/RightGrade=2/Library=Versor",
      "run_type": "iteration",
      "iterations": 373333,
      "real_time": 1.5594697006748098e-03,
      "cpu_time": 1.4229923419574481e-03,
      "time_unit": "ms"
    },
    {
      "name": "BM_Product_OuterProduct/Model=0x01/D=3/LeftGrade=1/RightGrade=2/Library=Versor",
      "run_name": "BM_Product_OuterProduct/Model=0x01/D=3/LeftGrade=1/RightGrade=2/Library=Versor",
      "run_type": "iteration",
      "iterations": 448000,
      "real_time": 1.5430866166882748e-03,
      "cpu_time": 1.5694754464285715e-03,
      "time_unit": "ms"
    }
  ]
}
