{
  "context": {
    "date": "2019-03-23 04:52:47",
    "executable": "/mnt/c/Users/laffe/Repositories/GitHub/ga-developers/ga-benchmark/build/GABenchmark_Products_EuclideanModel_D2_LEFTGRADE0_RIGHTGRADE2_GluCatMatrixMulti",
    "num_cpus": 8,
    "mhz_per_cpu": 1992,
    "cpu_scaling_enabled": false,
    "caches": [
    ],
    "load_avg": [0.52,0.58,0.59],
    "library_build_type": "release"
  },
  "benchmarks": [
    {
      "name": "BM_Product_GeometricProduct/Model=0x02/D=2/LeftGrade=0/RightGrade=2/Library=GluCatMatrixMulti",
      "run_name": "BM_Product_GeometricProduct/Model=0x02/D=2/LeftGrade=0/RightGrade=2/Library=GluCatMatrixMulti",
      "run_type": "iteration",
      "iterations": 223004,
      "real_time": 3.8377320547560356e-03,
      "cpu_time": 3.2931023658768453e-03,
      "time_unit": "ms"
    },
    {
      "name": "BM_Product_HestenesInnerProduct/Model=0x02/D=2/LeftGrade=0/RightGrade=2/Library=GluCatMatrixMulti",
      "run_name": "BM_Product_HestenesInnerProduct/Model=0x02/D=2/LeftGrade=0/RightGrade=2/Library=GluCatMatrixMulti",
      "run_type": "iteration",
      "iterations": 407273,
      "real_time": 2.7232003657227566e-03,
      "cpu_time": 2.1868009909814792e-03,
      "time_unit": "ms"
    },
    {
      "name": "BM_Product_LeftContraction/Model=0x02/D=2/LeftGrade=0/RightGrade=2/Library=GluCatMatrixMulti",
      "run_name": "BM_Product_LeftContraction/Model=0x02/D=2/LeftGrade=0/RightGrade=2/Library=GluCatMatrixMulti",
      "run_type": "iteration",
      "iterations": 250880,
      "real_time": 3.2912755166446968e-03,
      "cpu_time": 3.4877232142857145e-03,
      "time_unit": "ms"
    },
    {
      "name": "BM_Product_OuterProduct/Model=0x02/D=2/LeftGrade=0/RightGrade=2/Library=GluCatMatrixMulti",
      "run_name": "BM_Product_OuterProduct/Model=0x02/D=2/LeftGrade=0/RightGrade=2/Library=GluCatMatrixMulti",
      "run_type": "iteration",
      "iterations": 213333,
      "real_time": 3.3244837324851351e-03,
      "cpu_time": 3.7353573989959360e-03,
      "time_unit": "ms"
    }
  ]
}
