{
  "context": {
    "date": "2019-03-23 01:28:25",
    "executable": "/mnt/c/Users/laffe/Repositories/GitHub/ga-developers/ga-benchmark/build/GABenchmark_Products_EuclideanModel_D2_LEFTGRADE0_RIGHTGRADE1_GATL",
    "num_cpus": 8,
    "mhz_per_cpu": 1992,
    "cpu_scaling_enabled": false,
    "caches": [
    ],
    "load_avg": [0.52,0.58,0.59],
    "library_build_type": "release"
  },
  "benchmarks": [
    {
      "name": "BM_Product_DotProduct/Model=0x02/D=2/LeftGrade=0/RightGrade=1/Library=GATL",
      "run_name": "BM_Product_DotProduct/Model=0x02/D=2/LeftGrade=0/RightGrade=1/Library=GATL",
      "run_type": "iteration",
      "iterations": 539526,
      "real_time": 1.5418552495070218e-03,
      "cpu_time": 1.4769909142469501e-03,
      "time_unit": "ms"
    },
    {
      "name": "BM_Product_GeometricProduct/Model=0x02/D=2/LeftGrade=0/RightGrade=1/Library=GATL",
      "run_name": "BM_Product_GeometricProduct/Model=0x02/D=2/LeftGrade=0/RightGrade=1/Library=GATL",
      "run_type": "iteration",
      "iterations": 746667,
      "real_time": 1.5609452238787981e-03,
      "cpu_time": 1.5904010757138054e-03,
      "time_unit": "ms"
    },
    {
      "name": "BM_Product_HestenesInnerProduct/Model=0x02/D=2/LeftGrade=0/RightGrade=1/Library=GATL",
      "run_name": "BM_Product_HestenesInnerProduct/Model=0x02/D=2/LeftGrade=0/RightGrade=1/Library=GATL",
      "run_type": "iteration",
      "iterations": 373333,
      "real_time": 1.5404569018806827e-03,
      "cpu_time": 1.6322559216570729e-03,
      "time_unit": "ms"
    },
    {
      "name": "BM_Product_LeftContraction/Model=0x02/D=2/LeftGrade=0/RightGrade=1/Library=GATL",
      "run_name": "BM_Product_LeftContraction/Model=0x02/D=2/LeftGrade=0/RightGrade=1/Library=GATL",
      "run_type": "iteration",
      "iterations": 448000,
      "real_time": 1.5469962094617326e-03,
      "cpu_time": 1.4648437500000000e-03,
      "time_unit": "ms"
    },
    {
      "name": "BM_Product_OuterProduct/Model=0x02/D=2/LeftGrade=0/RightGrade=1/Library=GATL",
      "run_name": "BM_Product_OuterProduct/Model=0x02/D=2/LeftGrade=0/RightGrade=1/Library=GATL",
      "run_type": "iteration",
      "iterations": 560000,
      "real_time": 1.5576841142319608e-03,
      "cpu_time": 1.4787946428571428e-03,
      "time_unit": "ms"
    },
    {
      "name": "BM_Product_RegressiveProduct/Model=0x02/D=2/LeftGrade=0/RightGrade=1/Library=GATL",
      "run_name": "BM_Product_RegressiveProduct/Model=0x02/D=2/LeftGrade=0/RightGrade=1/Library=GATL",
      "run_type": "iteration",
      "iterations": 896000,
      "real_time": 1.5391905123059197e-03,
      "cpu_time": 1.3078962053571428e-03,
      "time_unit": "ms"
    },
    {
      "name": "BM_Product_RightContraction/Model=0x02/D=2/LeftGrade=0/RightGrade=1/Library=GATL",
      "run_name": "BM_Product_RightContraction/Model=0x02/D=2/LeftGrade=0/RightGrade=1/Library=GATL",
      "run_type": "iteration",
      "iterations": 497778,
      "real_time": 1.5551032891647973e-03,
      "cpu_time": 1.4753062610239906e-03,
      "time_unit": "ms"
    },
    {
      "name": "BM_Product_ScalarProduct/Model=0x02/D=2/LeftGrade=0/RightGrade=1/Library=GATL",
      "run_name": "BM_Product_ScalarProduct/Model=0x02/D=2/LeftGrade=0/RightGrade=1/Library=GATL",
      "run_type": "iteration",
      "iterations": 497778,
      "real_time": 1.5364168349426828e-03,
      "cpu_time": 1.6636432305164150e-03,
      "time_unit": "ms"
    }
  ]
}
