{
  "context": {
    "date": "2019-03-23 02:57:38",
    "executable": "/mnt/c/Users/laffe/Repositories/GitHub/ga-developers/ga-benchmark/build/GABenchmark_Products_ConformalModel_D2_LEFTGRADE0_RIGHTGRADE1_Garamon",
    "num_cpus": 8,
    "mhz_per_cpu": 1992,
    "cpu_scaling_enabled": false,
    "caches": [
    ],
    "load_avg": [0.52,0.58,0.59],
    "library_build_type": "release"
  },
  "benchmarks": [
    {
      "name": "BM_Product_GeometricProduct/Model=0x01/D=2/LeftGrade=0/RightGrade=1/Library=Garamon",
      "run_name": "BM_Product_GeometricProduct/Model=0x01/D=2/LeftGrade=0/RightGrade=1/Library=Garamon",
      "run_type": "iteration",
      "iterations": 448000,
      "real_time": 1.6930104841646556e-03,
      "cpu_time": 1.9880022321428570e-03,
      "time_unit": "ms"
    },
    {
      "name": "BM_Product_HestenesInnerProduct/Model=0x01/D=2/LeftGrade=0/RightGrade=1/Library=Garamon",
      "run_name": "BM_Product_HestenesInnerProduct/Model=0x01/D=2/LeftGrade=0/RightGrade=1/Library=Garamon",
      "run_type": "iteration",
      "iterations": 407273,
      "real_time": 1.6864366151785192e-03,
      "cpu_time": 1.6496919756526949e-03,
      "time_unit": "ms"
    },
    {
      "name": "BM_Product_LeftContraction/Model=0x01/D=2/LeftGrade=0/RightGrade=1/Library=Garamon",
      "run_name": "BM_Product_LeftContraction/Model=0x01/D=2/LeftGrade=0/RightGrade=1/Library=Garamon",
      "run_type": "iteration",
      "iterations": 560000,
      "real_time": 1.6760005417121907e-03,
      "cpu_time": 1.7020089285714286e-03,
      "time_unit": "ms"
    },
    {
      "name": "BM_Product_OuterProduct/Model=0x01/D=2/LeftGrade=0/RightGrade=1/Library=Garamon",
      "run_name": "BM_Product_OuterProduct/Model=0x01/D=2/LeftGrade=0/RightGrade=1/Library=Garamon",
      "run_type": "iteration",
      "iterations": 597333,
      "real_time": 1.6695295590092500e-03,
      "cpu_time": 1.5694763222524120e-03,
      "time_unit": "ms"
    },
    {
      "name": "BM_Product_RightContraction/Model=0x01/D=2/LeftGrade=0/RightGrade=1/Library=Garamon",
      "run_name": "BM_Product_RightContraction/Model=0x01/D=2/LeftGrade=0/RightGrade=1/Library=Garamon",
      "run_type": "iteration",
      "iterations": 373333,
      "real_time": 1.5767154308645509e-03,
      "cpu_time": 1.5066977738372980e-03,
      "time_unit": "ms"
    },
    {
      "name": "BM_Product_ScalarProduct/Model=0x01/D=2/LeftGrade=0/RightGrade=1/Library=Garamon",
      "run_name": "BM_Product_ScalarProduct/Model=0x01/D=2/LeftGrade=0/RightGrade=1/Library=Garamon",
      "run_type": "iteration",
      "iterations": 640000,
      "real_time": 1.5755182846987736e-03,
      "cpu_time": 1.6113281249999999e-03,
      "time_unit": "ms"
    }
  ]
}
