{
  "context": {
    "date": "2019-03-23 02:38:27",
    "executable": "/mnt/c/Users/laffe/Repositories/GitHub/ga-developers/ga-benchmark/build/GABenchmark_Products_EuclideanModel_D4_LEFTGRADE2_RIGHTGRADE3_Gaalop",
    "num_cpus": 8,
    "mhz_per_cpu": 1992,
    "cpu_scaling_enabled": false,
    "caches": [
    ],
    "load_avg": [0.52,0.58,0.59],
    "library_build_type": "release"
  },
  "benchmarks": [
    {
      "name": "BM_Product_GeometricProduct/Model=0x02/D=4/LeftGrade=2/RightGrade=3/Library=Gaalop",
      "run_name": "BM_Product_GeometricProduct/Model=0x02/D=4/LeftGrade=2/RightGrade=3/Library=Gaalop",
      "run_type": "iteration",
      "iterations": 344615,
      "real_time": 1.5762189762190126e-03,
      "cpu_time": 1.5869158336114214e-03,
      "time_unit": "ms"
    },
    {
      "name": "BM_Product_HestenesInnerProduct/Model=0x02/D=4/LeftGrade=2/RightGrade=3/Library=Gaalop",
      "run_name": "BM_Product_HestenesInnerProduct/Model=0x02/D=4/LeftGrade=2/RightGrade=3/Library=Gaalop",
      "run_type": "iteration",
      "iterations": 640000,
      "real_time": 1.5504900195082883e-03,
      "cpu_time": 1.6113281249999999e-03,
      "time_unit": "ms"
    },
    {
      "name": "BM_Product_OuterProduct/Model=0x02/D=4/LeftGrade=2/RightGrade=3/Library=Gaalop",
      "run_name": "BM_Product_OuterProduct/Model=0x02/D=4/LeftGrade=2/RightGrade=3/Library=Gaalop",
      "run_type": "iteration",
      "iterations": 560000,
      "real_time": 1.5450799929177656e-03,
      "cpu_time": 1.6462053571428571e-03,
      "time_unit": "ms"
    }
  ]
}
