{
  "context": {
    "date": "2019-03-23 02:31:44",
    "executable": "/mnt/c/Users/laffe/Repositories/GitHub/ga-developers/ga-benchmark/build/GABenchmark_Products_ConformalModel_D3_LEFTGRADE1_RIGHTGRADE1_Gaalop",
    "num_cpus": 8,
    "mhz_per_cpu": 1992,
    "cpu_scaling_enabled": false,
    "caches": [
    ],
    "load_avg": [0.52,0.58,0.59],
    "library_build_type": "release"
  },
  "benchmarks": [
    {
      "name": "BM_Product_GeometricProduct/Model=0x01/D=3/LeftGrade=1/RightGrade=1/Library=Gaalop",
      "run_name": "BM_Product_GeometricProduct/Model=0x01/D=3/LeftGrade=1/RightGrade=1/Library=Gaalop",
      "run_type": "iteration",
      "iterations": 560000,
      "real_time": 1.5521285668780496e-03,
      "cpu_time": 1.4508928571428570e-03,
      "time_unit": "ms"
    },
    {
      "name": "BM_Product_HestenesInnerProduct/Model=0x01/D=3/LeftGrade=1/RightGrade=1/Library=Gaalop",
      "run_name": "BM_Product_HestenesInnerProduct/Model=0x01/D=3/LeftGrade=1/RightGrade=1/Library=Gaalop",
      "run_type": "iteration",
      "iterations": 746667,
      "real_time": 1.5540820802684892e-03,
      "cpu_time": 1.4229904361649837e-03,
      "time_unit": "ms"
    },
    {
      "name": "BM_Product_OuterProduct/Model=0x01/D=3/LeftGrade=1/RightGrade=1/Library=Gaalop",
      "run_name": "BM_Product_OuterProduct/Model=0x01/D=3/LeftGrade=1/RightGrade=1/Library=Gaalop",
      "run_type": "iteration",
      "iterations": 497778,
      "real_time": 1.5585212722286717e-03,
      "cpu_time": 1.3183587864469704e-03,
      "time_unit": "ms"
    }
  ]
}
