{
  "context": {
    "date": "2019-03-23 04:04:50",
    "executable": "/mnt/c/Users/laffe/Repositories/GitHub/ga-developers/ga-benchmark/build/GABenchmark_Products_EuclideanModel_D3_LEFTGRADE0_RIGHTGRADE2_GluCatFramedMulti",
    "num_cpus": 8,
    "mhz_per_cpu": 1992,
    "cpu_scaling_enabled": false,
    "caches": [
    ],
    "load_avg": [0.52,0.58,0.59],
    "library_build_type": "release"
  },
  "benchmarks": [
    {
      "name": "BM_Product_GeometricProduct/Model=0x02/D=3/LeftGrade=0/RightGrade=2/Library=GluCatFramedMulti",
      "run_name": "BM_Product_GeometricProduct/Model=0x02/D=3/LeftGrade=0/RightGrade=2/Library=GluCatFramedMulti",
      "run_type": "iteration",
      "iterations": 320000,
      "real_time": 1.8181356195782427e-03,
      "cpu_time": 1.9042968750000000e-03,
      "time_unit": "ms"
    },
    {
      "name": "BM_Product_HestenesInnerProduct/Model=0x02/D=3/LeftGrade=0/RightGrade=2/Library=GluCatFramedMulti",
      "run_name": "BM_Product_HestenesInnerProduct/Model=0x02/D=3/LeftGrade=0/RightGrade=2/Library=GluCatFramedMulti",
      "run_type": "iteration",
      "iterations": 407273,
      "real_time": 1.6179567809837016e-03,
      "cpu_time": 1.4962322569873278e-03,
      "time_unit": "ms"
    },
    {
      "name": "BM_Product_LeftContraction/Model=0x02/D=3/LeftGrade=0/RightGrade=2/Library=GluCatFramedMulti",
      "run_name": "BM_Product_LeftContraction/Model=0x02/D=3/LeftGrade=0/RightGrade=2/Library=GluCatFramedMulti",
      "run_type": "iteration",
      "iterations": 448000,
      "real_time": 1.8119225512366807e-03,
      "cpu_time": 1.7787388392857143e-03,
      "time_unit": "ms"
    },
    {
      "name": "BM_Product_OuterProduct/Model=0x02/D=3/LeftGrade=0/RightGrade=2/Library=GluCatFramedMulti",
      "run_name": "BM_Product_OuterProduct/Model=0x02/D=3/LeftGrade=0/RightGrade=2/Library=GluCatFramedMulti",
      "run_type": "iteration",
      "iterations": 448000,
      "real_time": 1.8032919575229503e-03,
      "cpu_time": 1.7787388392857143e-03,
      "time_unit": "ms"
    }
  ]
}
