{
  "context": {
    "date": "2019-03-23 02:58:46",
    "executable": "/mnt/c/Users/laffe/Repositories/GitHub/ga-developers/ga-benchmark/build/GABenchmark_Products_ConformalModel_D2_LEFTGRADE1_RIGHTGRADE1_Garamon",
    "num_cpus": 8,
    "mhz_per_cpu": 1992,
    "cpu_scaling_enabled": false,
    "caches": [
    ],
    "load_avg": [0.52,0.58,0.59],
    "library_build_type": "release"
  },
  "benchmarks": [
    {
      "name": "BM_Product_GeometricProduct/Model=0x01/D=2/LeftGrade=1/RightGrade=1/Library=Garamon",
      "run_name": "BM_Product_GeometricProduct/Model=0x01/D=2/LeftGrade=1/RightGrade=1/Library=Garamon",
      "run_type": "iteration",
      "iterations": 448000,
      "real_time": 1.7359095921035208e-03,
      "cpu_time": 1.6043526785714285e-03,
      "time_unit": "ms"
    },
    {
      "name": "BM_Product_HestenesInnerProduct/Model=0x01/D=2/LeftGrade=1/RightGrade=1/Library=Garamon",
      "run_name": "BM_Product_HestenesInnerProduct/Model=0x01/D=2/LeftGrade=1/RightGrade=1/Library=Garamon",
      "run_type": "iteration",
      "iterations": 746667,
      "real_time": 1.6175497343467256e-03,
      "cpu_time": 1.5694747457702027e-03,
      "time_unit": "ms"
    },
    {
      "name": "BM_Product_LeftContraction/Model=0x01/D=2/LeftGrade=1/RightGrade=1/Library=Garamon",
      "run_name": "BM_Product_LeftContraction/Model=0x01/D=2/LeftGrade=1/RightGrade=1/Library=Garamon",
      "run_type": "iteration",
      "iterations": 477867,
      "real_time": 1.6222434107228641e-03,
      "cpu_time": 1.7002638809543241e-03,
      "time_unit": "ms"
    },
    {
      "name": "BM_Product_OuterProduct/Model=0x01/D=2/LeftGrade=1/RightGrade=1/Library=Garamon",
      "run_name": "BM_Product_OuterProduct/Model=0x01/D=2/LeftGrade=1/RightGrade=1/Library=Garamon",
      "run_type": "iteration",
      "iterations": 407273,
      "real_time": 1.6810465964683856e-03,
      "cpu_time": 1.7647867646517202e-03,
      "time_unit": "ms"
    },
    {
      "name": "BM_Product_RightContraction/Model=0x01/D=2/LeftGrade=1/RightGrade=1/Library=Garamon",
      "run_name": "BM_Product_RightContraction/Model=0x01/D=2/LeftGrade=1/RightGrade=1/Library=Garamon",
      "run_type": "iteration",
      "iterations": 497778,
      "real_time": 1.6321645340895447e-03,
      "cpu_time": 1.2555797966161623e-03,
      "time_unit": "ms"
    },
    {
      "name": "BM_Product_ScalarProduct/Model=0x01/D=2/LeftGrade=1/RightGrade=1/Library=Garamon",
      "run_name": "BM_Product_ScalarProduct/Model=0x01/D=2/LeftGrade=1/RightGrade=1/Library=Garamon",
      "run_type": "iteration",
      "iterations": 373333,
      "real_time": 1.6141334606073515e-03,
      "cpu_time": 1.8415195013566977e-03,
      "time_unit": "ms"
    }
  ]
}
