{
  "context": {
    "date": "2019-03-23 02:29:18",
    "executable": "/mnt/c/Users/laffe/Repositories/GitHub/ga-developers/ga-benchmark/build/GABenchmark_Products_ConformalModel_D2_LEFTGRADE1_RIGHTGRADE2_Gaalop",
    "num_cpus": 8,
    "mhz_per_cpu": 1992,
    "cpu_scaling_enabled": false,
    "caches": [
    ],
    "load_avg": [0.52,0.58,0.59],
    "library_build_type": "release"
  },
  "benchmarks": [
    {
      "name": "BM_Product_GeometricProduct/Model=0x01/D=2/LeftGrade=1/RightGrade=2/Library=Gaalop",
      "run_name": "BM_Product_GeometricProduct/Model=0x01/D=2/LeftGrade=1/RightGrade=2/Library=Gaalop",
      "run_type": "iteration",
      "iterations": 344615,
      "real_time": 1.5701028571104541e-03,
      "cpu_time": 1.7682776431670124e-03,
      "time_unit": "ms"
    },
    {
      "name": "BM_Product_HestenesInnerProduct/Model=0x01/D=2/LeftGrade=1/RightGrade=2/Library=Gaalop",
      "run_name": "BM_Product_HestenesInnerProduct/Model=0x01/D=2/LeftGrade=1/RightGrade=2/Library=Gaalop",
      "run_type": "iteration",
      "iterations": 407273,
      "real_time": 1.5473640627073819e-03,
      "cpu_time": 1.4962322569873278e-03,
      "time_unit": "ms"
    },
    {
      "name": "BM_Product_OuterProduct/Model=0x01/D=2/LeftGrade=1/RightGrade=2/Library=Gaalop",
      "run_name": "BM_Product_OuterProduct/Model=0x01/D=2/LeftGrade=1/RightGrade=2/Library=Gaalop",
      "run_type": "iteration",
      "iterations": 407273,
      "real_time": 1.5511833655392508e-03,
      "cpu_time": 1.5345971866536697e-03,
      "time_unit": "ms"
    }
  ]
}
