{
  "context": {
    "date": "2019-03-23 03:10:57",
    "executable": "/mnt/c/Users/laffe/Repositories/GitHub/ga-developers/ga-benchmark/build/GABenchmark_Products_ConformalModel_D3_LEFTGRADE5_RIGHTGRADE2_Garamon",
    "num_cpus": 8,
    "mhz_per_cpu": 1992,
    "cpu_scaling_enabled": false,
    "caches": [
    ],
    "load_avg": [0.52,0.58,0.59],
    "library_build_type": "release"
  },
  "benchmarks": [
    {
      "name": "BM_Product_GeometricProduct/Model=0x01/D=3/LeftGrade=5/RightGrade=2/Library=Garamon",
      "run_name": "BM_Product_GeometricProduct/Model=0x01/D=3/LeftGrade=5/RightGrade=2/Library=Garamon",
      "run_type": "iteration",
      "iterations": 407273,
      "real_time": 1.7325541043106490e-03,
      "cpu_time": 1.6113270459863535e-03,
      "time_unit": "ms"
    },
    {
      "name": "BM_Product_HestenesInnerProduct/Model=0x01/D=3/LeftGrade=5/RightGrade=2/Library=Garamon",
      "run_name": "BM_Product_HestenesInnerProduct/Model=0x01/D=3/LeftGrade=5/RightGrade=2/Library=Garamon",
      "run_type": "iteration",
      "iterations": 498024,
      "real_time": 1.6921399563256665e-03,
      "cpu_time": 1.9138133905193325e-03,
      "time_unit": "ms"
    },
    {
      "name": "BM_Product_LeftContraction/Model=0x01/D=3/LeftGrade=5/RightGrade=2/Library=Garamon",
      "run_name": "BM_Product_LeftContraction/Model=0x01/D=3/LeftGrade=5/RightGrade=2/Library=Garamon",
      "run_type": "iteration",
      "iterations": 497778,
      "real_time": 1.5948326395374452e-03,
      "cpu_time": 1.8833696949242433e-03,
      "time_unit": "ms"
    },
    {
      "name": "BM_Product_OuterProduct/Model=0x01/D=3/LeftGrade=5/RightGrade=2/Library=Garamon",
      "run_name": "BM_Product_OuterProduct/Model=0x01/D=3/LeftGrade=5/RightGrade=2/Library=Garamon",
      "run_type": "iteration",
      "iterations": 448000,
      "real_time": 1.5884433192435868e-03,
      "cpu_time": 1.6741071428571428e-03,
      "time_unit": "ms"
    },
    {
      "name": "BM_Product_RightContraction/Model=0x01/D=3/LeftGrade=5/RightGrade=2/Library=Garamon",
      "run_name": "BM_Product_RightContraction/Model=0x01/D=3/LeftGrade=5/RightGrade=2/Library=Garamon",
      "run_type": "iteration",
      "iterations": 407273,
      "real_time": 1.7151409638285237e-03,
      "cpu_time": 1.2660426789892776e-03,
      "time_unit": "ms"
    },
    {
      "name": "BM_Product_ScalarProduct/Model=0x01/D=3/LeftGrade=5/RightGrade=2/Library=Garamon",
      "run_name": "BM_Product_ScalarProduct/Model=0x01/D=3/LeftGrade=5/RightGrade=2/Library=Garamon",
      "run_type": "iteration",
      "iterations": 344615,
      "real_time": 1.5983372681554607e-03,
      "cpu_time": 1.7682776431670124e-03,
      "time_unit": "ms"
    }
  ]
}
