{
  "context": {
    "date": "2019-03-23 02:29:47",
    "executable": "/mnt/c/Users/laffe/Repositories/GitHub/ga-developers/ga-benchmark/build/GABenchmark_Products_ConformalModel_D2_LEFTGRADE2_RIGHTGRADE2_Gaalop",
    "num_cpus": 8,
    "mhz_per_cpu": 1992,
    "cpu_scaling_enabled": false,
    "caches": [
    ],
    "load_avg": [0.52,0.58,0.59],
    "library_build_type": "release"
  },
  "benchmarks": [
    {
      "name": "BM_Product_GeometricProduct/Model=0x01/D=2/LeftGrade=2/RightGrade=2/Library=Gaalop",
      "run_name": "BM_Product_GeometricProduct/Model=0x01/D=2/LeftGrade=2/RightGrade=2/Library=Gaalop",
      "run_type": "iteration",
      "iterations": 448000,
      "real_time": 1.5570781554613080e-03,
      "cpu_time": 1.8136160714285715e-03,
      "time_unit": "ms"
    },
    {
      "name": "BM_Product_HestenesInnerProduct/Model=0x01/D=2/LeftGrade=2/RightGrade=2/Library=Gaalop",
      "run_name": "BM_Product_HestenesInnerProduct/Model=0x01/D=2/LeftGrade=2/RightGrade=2/Library=Gaalop",
      "run_type": "iteration",
      "iterations": 448000,
      "real_time": 1.5631296734812037e-03,
      "cpu_time": 1.3950892857142857e-03,
      "time_unit": "ms"
    },
    {
      "name": "BM_Product_OuterProduct/Model=0x01/D=2/LeftGrade=2/RightGrade=2/Library=Gaalop",
      "run_name": "BM_Product_OuterProduct/Model=0x01/D=2/LeftGrade=2/RightGrade=2/Library=Gaalop",
      "run_type": "iteration",
      "iterations": 497778,
      "real_time": 1.5466824423180300e-03,
      "cpu_time": 1.8205907050934352e-03,
      "time_unit": "ms"
    }
  ]
}
