{
  "context": {
    "date": "2019-03-23 01:13:52",
    "executable": "/mnt/c/Users/laffe/Repositories/GitHub/ga-developers/ga-benchmark/build/GABenchmark_Products_ConformalModel_D2_LEFTGRADE1_RIGHTGRADE3_GATL",
    "num_cpus": 8,
    "mhz_per_cpu": 1992,
    "cpu_scaling_enabled": false,
    "caches": [
    ],
    "load_avg": [0.52,0.58,0.59],
    "library_build_type": "release"
  },
  "benchmarks": [
    {
      "name": "BM_Product_DotProduct/Model=0x01/D=2/LeftGrade=1/RightGrade=3/Library=GATL",
      "run_name": "BM_Product_DotProduct/Model=0x01/D=2/LeftGrade=1/RightGrade=3/Library=GATL",
      "run_type": "iteration",
      "iterations": 448000,
      "real_time": 1.5478921786780120e-03,
      "cpu_time": 1.8833705357142860e-03,
      "time_unit": "ms"
    },
    {
      "name": "BM_Product_GeometricProduct/Model=0x01/D=2/LeftGrade=1/RightGrade=3/Library=GATL",
      "run_name": "BM_Product_GeometricProduct/Model=0x01/D=2/LeftGrade=1/RightGrade=3/Library=GATL",
      "run_type": "iteration",
      "iterations": 477867,
      "real_time": 1.5556322191531526e-03,
      "cpu_time": 1.4713822046720114e-03,
      "time_unit": "ms"
    },
    {
      "name": "BM_Product_HestenesInnerProduct/Model=0x01/D=2/LeftGrade=1/RightGrade=3/Library=GATL",
      "run_name": "BM_Product_HestenesInnerProduct/Model=0x01/D=2/LeftGrade=1/RightGrade=3/Library=GATL",
      "run_type": "iteration",
      "iterations": 448000,
      "real_time": 1.5446196456261013e-03,
      "cpu_time": 1.3253348214285715e-03,
      "time_unit": "ms"
    },
    {
      "name": "BM_Product_LeftContraction/Model=0x01/D=2/LeftGrade=1/RightGrade=3/Library=GATL",
      "run_name": "BM_Product_LeftContraction/Model=0x01/D=2/LeftGrade=1/RightGrade=3/Library=GATL",
      "run_type": "iteration",
      "iterations": 640000,
      "real_time": 1.5563843764539343e-03,
      "cpu_time": 1.8310546875000000e-03,
      "time_unit": "ms"
    },
    {
      "name": "BM_Product_OuterProduct/Model=0x01/D=2/LeftGrade=1/RightGrade=3/Library=GATL",
      "run_name": "BM_Product_OuterProduct/Model=0x01/D=2/LeftGrade=1/RightGrade=3/Library=GATL",
      "run_type": "iteration",
      "iterations": 560000,
      "real_time": 1.5419064326644210e-03,
      "cpu_time": 1.5066964285714286e-03,
      "time_unit": "ms"
    },
    {
      "name": "BM_Product_RegressiveProduct/Model=0x01/D=2/LeftGrade=1/RightGrade=3/Library=GATL",
      "run_name": "BM_Product_RegressiveProduct/Model=0x01/D=2/LeftGrade=1/RightGrade=3/Library=GATL",
      "run_type": "iteration",
      "iterations": 497778,
      "real_time": 1.5437938198198840e-03,
      "cpu_time": 1.7264222203472231e-03,
      "time_unit": "ms"
    },
    {
      "name": "BM_Product_RightContraction/Model=0x01/D=2/LeftGrade=1/RightGrade=3/Library=GATL",
      "run_name": "BM_Product_RightContraction/Model=0x01/D=2/LeftGrade=1/RightGrade=3/Library=GATL",
      "run_type": "iteration",
      "iterations": 344615,
      "real_time": 1.5655586613770539e-03,
      "cpu_time": 1.6322562860003192e-03,
      "time_unit": "ms"
    },
    {
      "name": "BM_Product_ScalarProduct/Model=0x01/D=2/LeftGrade=1/RightGrade=3/Library=GATL",
      "run_name": "BM_Product_ScalarProduct/Model=0x01/D=2/LeftGrade=1/RightGrade=3/Library=GATL",
      "run_type": "iteration",
      "iterations": 448000,
      "real_time": 1.5419716532310954e-03,
      "cpu_time": 1.5345982142857143e-03,
      "time_unit": "ms"
    }
  ]
}
