{
  "context": {
    "date": "2019-03-23 03:11:42",
    "executable": "/mnt/c/Users/laffe/Repositories/GitHub/ga-developers/ga-benchmark/build/GABenchmark_Products_ConformalModel_D3_LEFTGRADE5_RIGHTGRADE5_Garamon",
    "num_cpus": 8,
    "mhz_per_cpu": 1992,
    "cpu_scaling_enabled": false,
    "caches": [
    ],
    "load_avg": [0.52,0.58,0.59],
    "library_build_type": "release"
  },
  "benchmarks": [
    {
      "name": "BM_Product_GeometricProduct/Model=0x01/D=3/LeftGrade=5/RightGrade=5/Library=Garamon",
      "run_name": "BM_Product_GeometricProduct/Model=0x01/D=3/LeftGrade=5/RightGrade=5/Library=Garamon",
      "run_type": "iteration",
      "iterations": 344615,
      "real_time": 1.6294737660730750e-03,
      "cpu_time": 1.6775967383892169e-03,
      "time_unit": "ms"
    },
    {
      "name": "BM_Product_HestenesInnerProduct/Model=0x01/D=3/LeftGrade=5/RightGrade=5/Library=Garamon",
      "run_name": "BM_Product_HestenesInnerProduct/Model=0x01/D=3/LeftGrade=5/RightGrade=5/Library=Garamon",
      "run_type": "iteration",
      "iterations": 248889,
      "real_time": 1.6382238716304968e-03,
      "cpu_time": 2.1972646440782838e-03,
      "time_unit": "ms"
    },
    {
      "name": "BM_Product_LeftContraction/Model=0x01/D=3/LeftGrade=5/RightGrade=5/Library=Garamon",
      "run_name": "BM_Product_LeftContraction/Model=0x01/D=3/LeftGrade=5/RightGrade=5/Library=Garamon",
      "run_type": "iteration",
      "iterations": 320000,
      "real_time": 1.6445575065517914e-03,
      "cpu_time": 1.6601562500000000e-03,
      "time_unit": "ms"
    },
    {
      "name": "BM_Product_OuterProduct/Model=0x01/D=3/LeftGrade=5/RightGrade=5/Library=Garamon",
      "run_name": "BM_Product_OuterProduct/Model=0x01/D=3/LeftGrade=5/RightGrade=5/Library=Garamon",
      "run_type": "iteration",
      "iterations": 448000,
      "real_time": 1.6095294612179195e-03,
      "cpu_time": 1.6043526785714285e-03,
      "time_unit": "ms"
    },
    {
      "name": "BM_Product_RightContraction/Model=0x01/D=3/LeftGrade=5/RightGrade=5/Library=Garamon",
      "run_name": "BM_Product_RightContraction/Model=0x01/D=3/LeftGrade=5/RightGrade=5/Library=Garamon",
      "run_type": "iteration",
      "iterations": 373333,
      "real_time": 1.6211534994365943e-03,
      "cpu_time": 1.5485504897772230e-03,
      "time_unit": "ms"
    },
    {
      "name": "BM_Product_ScalarProduct/Model=0x01/D=3/LeftGrade=5/RightGrade=5/Library=Garamon",
      "run_name": "BM_Product_ScalarProduct/Model=0x01/D=3/LeftGrade=5/RightGrade=5/Library=Garamon",
      "run_type": "iteration",
      "iterations": 448000,
      "real_time": 1.6256828095200554e-03,
      "cpu_time": 2.1972656250000000e-03,
      "time_unit": "ms"
    }
  ]
}
