{
  "context": {
    "date": "2019-03-23 07:08:49",
    "executable": "/mnt/c/Users/laffe/Repositories/GitHub/ga-developers/ga-benchmark/build/GABenchmark_Products_EuclideanModel_D2_LEFTGRADE2_RIGHTGRADE1_Versor",
    "num_cpus": 8,
    "mhz_per_cpu": 1992,
    "cpu_scaling_enabled": false,
    "caches": [
    ],
    "load_avg": [0.52,0.58,0.59],
    "library_build_type": "release"
  },
  "benchmarks": [
    {
      "name": "BM_Product_GeometricProduct/Model=0x02/D=2/LeftGrade=2/RightGrade=1/Library=Versor",
      "run_name": "BM_Product_GeometricProduct/Model=0x02/D=2/LeftGrade=2/RightGrade=1/Library=Versor",
      "run_type": "iteration",
      "iterations": 407273,
      "real_time": 1.5403765985553379e-03,
      "cpu_time": 1.5345971866536697e-03,
      "time_unit": "ms"
    },
    {
      "name": "BM_Product_LeftContraction/Model=0x02/D=2/LeftGrade=2/RightGrade=1/Library=Versor",
      "run_name": "BM_Product_LeftContraction/Model=0x02/D=2/LeftGrade=2/RightGrade=1/Library=Versor",
      "run_type": "iteration",
      "iterations": 344615,
      "real_time": 1.5427189684039321e-03,
      "cpu_time": 1.6775967383892169e-03,
      "time_unit": "ms"
    },
    {
      "name": "BM_Product_OuterProduct/Model=0x02/D=2/LeftGrade=2/RightGrade=1/Library=Versor",
      "run_name": "BM_Product_OuterProduct/Model=0x02/D=2/LeftGrade=2/RightGrade=1/Library=Versor",
      "run_type": "iteration",
      "iterations": 746667,
      "real_time": 1.5400798468396767e-03,
      "cpu_time": 1.5066957559393946e-03,
      "time_unit": "ms"
    }
  ]
}
