{
  "context": {
    "date": "2019-03-23 05:07:41",
    "executable": "/mnt/c/Users/laffe/Repositories/GitHub/ga-developers/ga-benchmark/build/GABenchmark_Products_EuclideanModel_D4_LEFTGRADE2_RIGHTGRADE0_GluCatMatrixMulti",
    "num_cpus": 8,
    "mhz_per_cpu": 1992,
    "cpu_scaling_enabled": false,
    "caches": [
    ],
    "load_avg": [0.52,0.58,0.59],
    "library_build_type": "release"
  },
  "benchmarks": [
    {
      "name": "BM_Product_GeometricProduct/Model=0x02/D=4/LeftGrade=2/RightGrade=0/Library=GluCatMatrixMulti",
      "run_name": "BM_Product_GeometricProduct/Model=0x02/D=4/LeftGrade=2/RightGrade=0/Library=GluCatMatrixMulti",
      "run_type": "iteration",
      "iterations": 20364,
      "real_time": 3.2881285618261480e-02,
      "cpu_time": 3.2225987035945786e-02,
      "time_unit": "ms"
    },
    {
      "name": "BM_Product_HestenesInnerProduct/Model=0x02/D=4/LeftGrade=2/RightGrade=0/Library=GluCatMatrixMulti",
      "run_name": "BM_Product_HestenesInnerProduct/Model=0x02/D=4/LeftGrade=2/RightGrade=0/Library=GluCatMatrixMulti",
      "run_type": "iteration",
      "iterations": 32582,
      "real_time": 2.7867215165961471e-02,
      "cpu_time": 2.5896200356024798e-02,
      "time_unit": "ms"
    },
    {
      "name": "BM_Product_LeftContraction/Model=0x02/D=4/LeftGrade=2/RightGrade=0/Library=GluCatMatrixMulti",
      "run_name": "BM_Product_LeftContraction/Model=0x02/D=4/LeftGrade=2/RightGrade=0/Library=GluCatMatrixMulti",
      "run_type": "iteration",
      "iterations": 21333,
      "real_time": 2.7579806149753288e-02,
      "cpu_time": 2.6367599493742091e-02,
      "time_unit": "ms"
    },
    {
      "name": "BM_Product_OuterProduct/Model=0x02/D=4/LeftGrade=2/RightGrade=0/Library=GluCatMatrixMulti",
      "run_name": "BM_Product_OuterProduct/Model=0x02/D=4/LeftGrade=2/RightGrade=0/Library=GluCatMatrixMulti",
      "run_type": "iteration",
      "iterations": 19478,
      "real_time": 3.8900688168646204e-02,
      "cpu_time": 4.1713728308861282e-02,
      "time_unit": "ms"
    }
  ]
}
