{
  "context": {
    "date": "2019-03-23 01:23:14",
    "executable": "/mnt/c/Users/laffe/Repositories/GitHub/ga-developers/ga-benchmark/build/GABenchmark_Products_ConformalModel_D3_LEFTGRADE3_RIGHTGRADE0_GATL",
    "num_cpus": 8,
    "mhz_per_cpu": 1992,
    "cpu_scaling_enabled": false,
    "caches": [
    ],
    "load_avg": [0.52,0.58,0.59],
    "library_build_type": "release"
  },
  "benchmarks": [
    {
      "name": "BM_Product_DotProduct/Model=0x01/D=3/LeftGrade=3/RightGrade=0/Library=GATL",
      "run_name": "BM_Product_DotProduct/Model=0x01/D=3/LeftGrade=3/RightGrade=0/Library=GATL",
      "run_type": "iteration",
      "iterations": 560000,
      "real_time": 1.5436951916074446e-03,
      "cpu_time": 1.3392857142857143e-03,
      "time_unit": "ms"
    },
    {
      "name": "BM_Product_GeometricProduct/Model=0x01/D=3/LeftGrade=3/RightGrade=0/Library=GATL",
      "run_name": "BM_Product_GeometricProduct/Model=0x01/D=3/LeftGrade=3/RightGrade=0/Library=GATL",
      "run_type": "iteration",
      "iterations": 373333,
      "real_time": 1.5439714554162818e-03,
      "cpu_time": 1.7578140694768478e-03,
      "time_unit": "ms"
    },
    {
      "name": "BM_Product_HestenesInnerProduct/Model=0x01/D=3/LeftGrade=3/RightGrade=0/Library=GATL",
      "run_name": "BM_Product_HestenesInnerProduct/Model=0x01/D=3/LeftGrade=3/RightGrade=0/Library=GATL",
      "run_type": "iteration",
      "iterations": 497778,
      "real_time": 1.5521481375616933e-03,
      "cpu_time": 1.5694747457702027e-03,
      "time_unit": "ms"
    },
    {
      "name": "BM_Product_LeftContraction/Model=0x01/D=3/LeftGrade=3/RightGrade=0/Library=GATL",
      "run_name": "BM_Product_LeftContraction/Model=0x01/D=3/LeftGrade=3/RightGrade=0/Library=GATL",
      "run_type": "iteration",
      "iterations": 448000,
      "real_time": 1.5403896891906957e-03,
      "cpu_time": 1.7787388392857143e-03,
      "time_unit": "ms"
    },
    {
      "name": "BM_Product_OuterProduct/Model=0x01/D=3/LeftGrade=3/RightGrade=0/Library=GATL",
      "run_name": "BM_Product_OuterProduct/Model=0x01/D=3/LeftGrade=3/RightGrade=0/Library=GATL",
      "run_type": "iteration",
      "iterations": 448000,
      "real_time": 1.5407102617765694e-03,
      "cpu_time": 1.3950892857142857e-03,
      "time_unit": "ms"
    },
    {
      "name": "BM_Product_RegressiveProduct/Model=0x01/D=3/LeftGrade=3/RightGrade=0/Library=GATL",
      "run_name": "BM_Product_RegressiveProduct/Model=0x01/D=3/LeftGrade=3/RightGrade=0/Library=GATL",
      "run_type": "iteration",
      "iterations": 497778,
      "real_time": 1.5483958764437608e-03,
      "cpu_time": 1.4125272711931825e-03,
      "time_unit": "ms"
    },
    {
      "name": "BM_Product_RightContraction/Model=0x01/D=3/LeftGrade=3/RightGrade=0/Library=GATL",
      "run_name": "BM_Product_RightContraction/Model=0x01/D=3/LeftGrade=3/RightGrade=0/Library=GATL",
      "run_type": "iteration",
      "iterations": 1000000,
      "real_time": 1.5371934983995743e-03,
      "cpu_time": 1.4843750000000000e-03,
      "time_unit": "ms"
    },
    {
      "name": "BM_Product_ScalarProduct/Model=0x01/D=3/LeftGrade=3/RightGrade=0/Library=GATL",
      "run_name": "BM_Product_ScalarProduct/Model=0x01/D=3/LeftGrade=3/RightGrade=0/Library=GATL",
      "run_type": "iteration",
      "iterations": 448000,
      "real_time": 1.5521314615918008e-03,
      "cpu_time": 1.3253348214285715e-03,
      "time_unit": "ms"
    }
  ]
}
