{
  "context": {
    "date": "2019-03-23 02:32:32",
    "executable": "/mnt/c/Users/laffe/Repositories/GitHub/ga-developers/ga-benchmark/build/GABenchmark_Products_ConformalModel_D3_LEFTGRADE2_RIGHTGRADE3_Gaalop",
    "num_cpus": 8,
    "mhz_per_cpu": 1992,
    "cpu_scaling_enabled": false,
    "caches": [
    ],
    "load_avg": [0.52,0.58,0.59],
    "library_build_type": "release"
  },
  "benchmarks": [
    {
      "name": "BM_Product_GeometricProduct/Model=0x01/D=3/LeftGrade=2/RightGrade=3/Library=Gaalop",
      "run_name": "BM_Product_GeometricProduct/Model=0x01/D=3/LeftGrade=2/RightGrade=3/Library=Gaalop",
      "run_type": "iteration",
      "iterations": 571806,
      "real_time": 1.5784682284164864e-03,
      "cpu_time": 1.5302392769575696e-03,
      "time_unit": "ms"
    },
    {
      "name": "BM_Product_HestenesInnerProduct/Model=0x01/D=3/LeftGrade=2/RightGrade=3/Library=Gaalop",
      "run_name": "BM_Product_HestenesInnerProduct/Model=0x01/D=3/LeftGrade=2/RightGrade=3/Library=Gaalop",
      "run_type": "iteration",
      "iterations": 344615,
      "real_time": 1.5529675007187188e-03,
      "cpu_time": 1.4508944764447282e-03,
      "time_unit": "ms"
    },
    {
      "name": "BM_Product_OuterProduct/Model=0x01/D=3/LeftGrade=2/RightGrade=3/Library=Gaalop",
      "run_name": "BM_Product_OuterProduct/Model=0x01/D=3/LeftGrade=2/RightGrade=3/Library=Gaalop",
      "run_type": "iteration",
      "iterations": 407273,
      "real_time": 1.5549970000011577e-03,
      "cpu_time": 1.6496919756526949e-03,
      "time_unit": "ms"
    }
  ]
}
