{
  "context": {
    "date": "2019-03-23 01:26:15",
    "executable": "/mnt/c/Users/laffe/Repositories/GitHub/ga-developers/ga-benchmark/build/GABenchmark_Products_ConformalModel_D3_LEFTGRADE4_RIGHTGRADE5_GATL",
    "num_cpus": 8,
    "mhz_per_cpu": 1992,
    "cpu_scaling_enabled": false,
    "caches": [
    ],
    "load_avg": [0.52,0.58,0.59],
    "library_build_type": "release"
  },
  "benchmarks": [
    {
      "name": "BM_Product_DotProduct/Model=0x01/D=3/LeftGrade=4/RightGrade=5/Library=GATL",
      "run_name": "BM_Product_DotProduct/Model=0x01/D=3/LeftGrade=4/RightGrade=5/Library=GATL",
      "run_type": "iteration",
      "iterations": 407273,
      "real_time": 1.5420184944166452e-03,
      "cpu_time": 1.6880569053190366e-03,
      "time_unit": "ms"
    },
    {
      "name": "BM_Product_GeometricProduct/Model=0x01/D=3/LeftGrade=4/RightGrade=5/Library=GATL",
      "run_name": "BM_Product_GeometricProduct/Model=0x01/D=3/LeftGrade=4/RightGrade=5/Library=GATL",
      "run_type": "iteration",
      "iterations": 497778,
      "real_time": 1.5381117805955214e-03,
      "cpu_time": 1.4439167661085865e-03,
      "time_unit": "ms"
    },
    {
      "name": "BM_Product_HestenesInnerProduct/Model=0x01/D=3/LeftGrade=4/RightGrade=5/Library=GATL",
      "run_name": "BM_Product_HestenesInnerProduct/Model=0x01/D=3/LeftGrade=4/RightGrade=5/Library=GATL",
      "run_type": "iteration",
      "iterations": 448000,
      "real_time": 1.5522055904771800e-03,
      "cpu_time": 1.3253348214285715e-03,
      "time_unit": "ms"
    },
    {
      "name": "BM_Product_LeftContraction/Model=0x01/D=3/LeftGrade=4/RightGrade=5/Library=GATL",
      "run_name": "BM_Product_LeftContraction/Model=0x01/D=3/LeftGrade=4/RightGrade=5/Library=GATL",
      "run_type": "iteration",
      "iterations": 560000,
      "real_time": 1.5418446312001574e-03,
      "cpu_time": 1.3671874999999999e-03,
      "time_unit": "ms"
    },
    {
      "name": "BM_Product_OuterProduct/Model=0x01/D=3/LeftGrade=4/RightGrade=5/Library=GATL",
      "run_name": "BM_Product_OuterProduct/Model=0x01/D=3/LeftGrade=4/RightGrade=5/Library=GATL",
      "run_type": "iteration",
      "iterations": 560000,
      "real_time": 1.5497641072475484e-03,
      "cpu_time": 1.7857142857142857e-03,
      "time_unit": "ms"
    },
    {
      "name": "BM_Product_RegressiveProduct/Model=0x01/D=3/LeftGrade=4/RightGrade=5/Library=GATL",
      "run_name": "BM_Product_RegressiveProduct/Model=0x01/D=3/LeftGrade=4/RightGrade=5/Library=GATL",
      "run_type": "iteration",
      "iterations": 640000,
      "real_time": 1.5392479686852311e-03,
      "cpu_time": 1.4892578124999999e-03,
      "time_unit": "ms"
    },
    {
      "name": "BM_Product_RightContraction/Model=0x01/D=3/LeftGrade=4/RightGrade=5/Library=GATL",
      "run_name": "BM_Product_RightContraction/Model=0x01/D=3/LeftGrade=4/RightGrade=5/Library=GATL",
      "run_type": "iteration",
      "iterations": 448000,
      "real_time": 1.5392234321812534e-03,
      "cpu_time": 1.6741071428571428e-03,
      "time_unit": "ms"
    },
    {
      "name": "BM_Product_ScalarProduct/Model=0x01/D=3/LeftGrade=4/RightGrade=5/Library=GATL",
      "run_name": "BM_Product_ScalarProduct/Model=0x01/D=3/LeftGrade=4/RightGrade=5/Library=GATL",
      "run_type": "iteration",
      "iterations": 448000,
      "real_time": 1.5584767805713845e-03,
      "cpu_time": 1.7787388392857143e-03,
      "time_unit": "ms"
    }
  ]
}
