{
  "context": {
    "date": "2019-03-23 07:06:08",
    "executable": "/mnt/c/Users/laffe/Repositories/GitHub/ga-developers/ga-benchmark/build/GABenchmark_Products_ConformalModel_D3_LEFTGRADE2_RIGHTGRADE5_Versor",
    "num_cpus": 8,
    "mhz_per_cpu": 1992,
    "cpu_scaling_enabled": false,
    "caches": [
    ],
    "load_avg": [0.52,0.58,0.59],
    "library_build_type": "release"
  },
  "benchmarks": [
    {
      "name": "BM_Product_GeometricProduct/Model=0x01/D=3/LeftGrade=2/RightGrade=5/Library=Versor",
      "run_name": "BM_Product_GeometricProduct/Model=0x01/D=3/LeftGrade=2/RightGrade=5/Library=Versor",
      "run_type": "iteration",
      "iterations": 560000,
      "real_time": 1.5593580348649994e-03,
      "cpu_time": 1.5345982142857145e-03,
      "time_unit": "ms"
    },
    {
      "name": "BM_Product_LeftContraction/Model=0x01/D=3/LeftGrade=2/RightGrade=5/Library=Versor",
      "run_name": "BM_Product_LeftContraction/Model=0x01/D=3/LeftGrade=2/RightGrade=5/Library=Versor",
      "run_type": "iteration",
      "iterations": 448000,
      "real_time": 1.5391564640075167e-03,
      "cpu_time": 1.4648437500000000e-03,
      "time_unit": "ms"
    },
    {
      "name": "BM_Product_OuterProduct/Model=0x01/D=3/LeftGrade=2/RightGrade=5/Library=Versor",
      "run_name": "BM_Product_OuterProduct/Model=0x01/D=3/LeftGrade=2/RightGrade=5/Library=Versor",
      "run_type": "iteration",
      "iterations": 746667,
      "real_time": 1.5455510914667277e-03,
      "cpu_time": 1.2765061265597650e-03,
      "time_unit": "ms"
    }
  ]
}
