{
  "context": {
    "date": "2019-03-23 01:37:53",
    "executable": "/mnt/c/Users/laffe/Repositories/GitHub/ga-developers/ga-benchmark/build/GABenchmark_Products_EuclideanModel_D4_LEFTGRADE2_RIGHTGRADE1_GATL",
    "num_cpus": 8,
    "mhz_per_cpu": 1992,
    "cpu_scaling_enabled": false,
    "caches": [
    ],
    "load_avg": [0.52,0.58,0.59],
    "library_build_type": "release"
  },
  "benchmarks": [
    {
      "name": "BM_Product_DotProduct/Model=0x02/D=4/LeftGrade=2/RightGrade=1/Library=GATL",
      "run_name": "BM_Product_DotProduct/Model=0x02/D=4/LeftGrade=2/RightGrade=1/Library=GATL",
      "run_type": "iteration",
      "iterations": 497778,
      "real_time": 1.5593009235847243e-03,
      "cpu_time": 1.5694747457702027e-03,
      "time_unit": "ms"
    },
    {
      "name": "BM_Product_GeometricProduct/Model=0x02/D=4/LeftGrade=2/RightGrade=1/Library=GATL",
      "run_name": "BM_Product_GeometricProduct/Model=0x02/D=4/LeftGrade=2/RightGrade=1/Library=GATL",
      "run_type": "iteration",
      "iterations": 448000,
      "real_time": 1.5412660660721095e-03,
      "cpu_time": 1.4648437500000000e-03,
      "time_unit": "ms"
    },
    {
      "name": "BM_Product_HestenesInnerProduct/Model=0x02/D=4/LeftGrade=2/RightGrade=1/Library=GATL",
      "run_name": "BM_Product_HestenesInnerProduct/Model=0x02/D=4/LeftGrade=2/RightGrade=1/Library=GATL",
      "run_type": "iteration",
      "iterations": 344615,
      "real_time": 1.5382499278876259e-03,
      "cpu_time": 1.6775967383892169e-03,
      "time_unit": "ms"
    },
    {
      "name": "BM_Product_LeftContraction/Model=0x02/D=4/LeftGrade=2/RightGrade=1/Library=GATL",
      "run_name": "BM_Product_LeftContraction/Model=0x02/D=4/LeftGrade=2/RightGrade=1/Library=GATL",
      "run_type": "iteration",
      "iterations": 640000,
      "real_time": 1.5554218698525801e-03,
      "cpu_time": 1.6601562500000000e-03,
      "time_unit": "ms"
    },
    {
      "name": "BM_Product_OuterProduct/Model=0x02/D=4/LeftGrade=2/RightGrade=1/Library=GATL",
      "run_name": "BM_Product_OuterProduct/Model=0x02/D=4/LeftGrade=2/RightGrade=1/Library=GATL",
      "run_type": "iteration",
      "iterations": 497778,
      "real_time": 1.5433528587085877e-03,
      "cpu_time": 1.7892012101780313e-03,
      "time_unit": "ms"
    },
    {
      "name": "BM_Product_RegressiveProduct/Model=0x02/D=4/LeftGrade=2/RightGrade=1/Library=GATL",
      "run_name": "BM_Product_RegressiveProduct/Model=0x02/D=4/LeftGrade=2/RightGrade=1/Library=GATL",
      "run_type": "iteration",
      "iterations": 1120000,
      "real_time": 1.5539949905360117e-03,
      "cpu_time": 1.6880580357142858e-03,
      "time_unit": "ms"
    },
    {
      "name": "BM_Product_RightContraction/Model=0x02/D=4/LeftGrade=2/RightGrade=1/Library=GATL",
      "run_name": "BM_Product_RightContraction/Model=0x02/D=4/LeftGrade=2/RightGrade=1/Library=GATL",
      "run_type": "iteration",
      "iterations": 535211,
      "real_time": 1.5500585688358734e-03,
      "cpu_time": 1.4597046772207598e-03,
      "time_unit": "ms"
    },
    {
      "name": "BM_Product_ScalarProduct/Model=0x02/D=4/LeftGrade=2/RightGrade=1/Library=GATL",
      "run_name": "BM_Product_ScalarProduct/Model=0x02/D=4/LeftGrade=2/RightGrade=1/Library=GATL",
      "run_type": "iteration",
      "iterations": 497778,
      "real_time": 1.5428978261094325e-03,
      "cpu_time": 1.6322537356010108e-03,
      "time_unit": "ms"
    }
  ]
}
