{
  "context": {
    "date": "2019-03-23 01:22:41",
    "executable": "/mnt/c/Users/laffe/Repositories/GitHub/ga-developers/ga-benchmark/build/GABenchmark_Products_ConformalModel_D3_LEFTGRADE2_RIGHTGRADE4_GATL",
    "num_cpus": 8,
    "mhz_per_cpu": 1992,
    "cpu_scaling_enabled": false,
    "caches": [
    ],
    "load_avg": [0.52,0.58,0.59],
    "library_build_type": "release"
  },
  "benchmarks": [
    {
      "name": "BM_Product_DotProduct/Model=0x01/D=3/LeftGrade=2/RightGrade=4/Library=GATL",
      "run_name": "BM_Product_DotProduct/Model=0x01/D=3/LeftGrade=2/RightGrade=4/Library=GATL",
      "run_type": "iteration",
      "iterations": 551385,
      "real_time": 1.5691065291708929e-03,
      "cpu_time": 1.3318733734142205e-03,
      "time_unit": "ms"
    },
    {
      "name": "BM_Product_GeometricProduct/Model=0x01/D=3/LeftGrade=2/RightGrade=4/Library=GATL",
      "run_name": "BM_Product_GeometricProduct/Model=0x01/D=3/LeftGrade=2/RightGrade=4/Library=GATL",
      "run_type": "iteration",
      "iterations": 560000,
      "real_time": 1.5567528518399092e-03,
      "cpu_time": 1.5345982142857143e-03,
      "time_unit": "ms"
    },
    {
      "name": "BM_Product_HestenesInnerProduct/Model=0x01/D=3/LeftGrade=2/RightGrade=4/Library=GATL",
      "run_name": "BM_Product_HestenesInnerProduct/Model=0x01/D=3/LeftGrade=2/RightGrade=4/Library=GATL",
      "run_type": "iteration",
      "iterations": 746667,
      "real_time": 1.5630755109816215e-03,
      "cpu_time": 1.4439167661085865e-03,
      "time_unit": "ms"
    },
    {
      "name": "BM_Product_LeftContraction/Model=0x01/D=3/LeftGrade=2/RightGrade=4/Library=GATL",
      "run_name": "BM_Product_LeftContraction/Model=0x01/D=3/LeftGrade=2/RightGrade=4/Library=GATL",
      "run_type": "iteration",
      "iterations": 448000,
      "real_time": 1.5477341424100035e-03,
      "cpu_time": 1.5345982142857143e-03,
      "time_unit": "ms"
    },
    {
      "name": "BM_Product_OuterProduct/Model=0x01/D=3/LeftGrade=2/RightGrade=4/Library=GATL",
      "run_name": "BM_Product_OuterProduct/Model=0x01/D=3/LeftGrade=2/RightGrade=4/Library=GATL",
      "run_type": "iteration",
      "iterations": 497778,
      "real_time": 1.5444647995224135e-03,
      "cpu_time": 1.5380852508547988e-03,
      "time_unit": "ms"
    },
    {
      "name": "BM_Product_RegressiveProduct/Model=0x01/D=3/LeftGrade=2/RightGrade=4/Library=GATL",
      "run_name": "BM_Product_RegressiveProduct/Model=0x01/D=3/LeftGrade=2/RightGrade=4/Library=GATL",
      "run_type": "iteration",
      "iterations": 344615,
      "real_time": 1.5637906110453467e-03,
      "cpu_time": 1.4962349288336258e-03,
      "time_unit": "ms"
    },
    {
      "name": "BM_Product_RightContraction/Model=0x01/D=3/LeftGrade=2/RightGrade=4/Library=GATL",
      "run_name": "BM_Product_RightContraction/Model=0x01/D=3/LeftGrade=2/RightGrade=4/Library=GATL",
      "run_type": "iteration",
      "iterations": 448000,
      "real_time": 1.5401841517034751e-03,
      "cpu_time": 1.5694754464285715e-03,
      "time_unit": "ms"
    },
    {
      "name": "BM_Product_ScalarProduct/Model=0x01/D=3/LeftGrade=2/RightGrade=4/Library=GATL",
      "run_name": "BM_Product_ScalarProduct/Model=0x01/D=3/LeftGrade=2/RightGrade=4/Library=GATL",
      "run_type": "iteration",
      "iterations": 448000,
      "real_time": 1.5355147272982453e-03,
      "cpu_time": 1.5694754464285715e-03,
      "time_unit": "ms"
    }
  ]
}
