{
  "context": {
    "date": "2019-03-23 05:10:21",
    "executable": "/mnt/c/Users/laffe/Repositories/GitHub/ga-developers/ga-benchmark/build/GABenchmark_Products_EuclideanModel_D4_LEFTGRADE3_RIGHTGRADE0_GluCatMatrixMulti",
    "num_cpus": 8,
    "mhz_per_cpu": 1992,
    "cpu_scaling_enabled": false,
    "caches": [
    ],
    "load_avg": [0.52,0.58,0.59],
    "library_build_type": "release"
  },
  "benchmarks": [
    {
      "name": "BM_Product_GeometricProduct/Model=0x02/D=4/LeftGrade=3/RightGrade=0/Library=GluCatMatrixMulti",
      "run_name": "BM_Product_GeometricProduct/Model=0x02/D=4/LeftGrade=3/RightGrade=0/Library=GluCatMatrixMulti",
      "run_type": "iteration",
      "iterations": 30830,
      "real_time": 2.3588345665439353e-02,
      "cpu_time": 1.9765650340577361e-02,
      "time_unit": "ms"
    },
    {
      "name": "BM_Product_HestenesInnerProduct/Model=0x02/D=4/LeftGrade=3/RightGrade=0/Library=GluCatMatrixMulti",
      "run_name": "BM_Product_HestenesInnerProduct/Model=0x02/D=4/LeftGrade=3/RightGrade=0/Library=GluCatMatrixMulti",
      "run_type": "iteration",
      "iterations": 44800,
      "real_time": 2.0117089422585974e-02,
      "cpu_time": 2.1623883928571428e-02,
      "time_unit": "ms"
    },
    {
      "name": "BM_Product_LeftContraction/Model=0x02/D=4/LeftGrade=3/RightGrade=0/Library=GluCatMatrixMulti",
      "run_name": "BM_Product_LeftContraction/Model=0x02/D=4/LeftGrade=3/RightGrade=0/Library=GluCatMatrixMulti",
      "run_type": "iteration",
      "iterations": 64000,
      "real_time": 2.0239439224496891e-02,
      "cpu_time": 2.2705078125000000e-02,
      "time_unit": "ms"
    },
    {
      "name": "BM_Product_OuterProduct/Model=0x02/D=4/LeftGrade=3/RightGrade=0/Library=GluCatMatrixMulti",
      "run_name": "BM_Product_OuterProduct/Model=0x02/D=4/LeftGrade=3/RightGrade=0/Library=GluCatMatrixMulti",
      "run_type": "iteration",
      "iterations": 22400,
      "real_time": 2.6246714488869265e-02,
      "cpu_time": 2.9994419642857144e-02,
      "time_unit": "ms"
    }
  ]
}
