{
  "context": {
    "date": "2019-03-23 05:06:07",
    "executable": "/mnt/c/Users/laffe/Repositories/GitHub/ga-developers/ga-benchmark/build/GABenchmark_Products_EuclideanModel_D4_LEFTGRADE1_RIGHTGRADE3_GluCatMatrixMulti",
    "num_cpus": 8,
    "mhz_per_cpu": 1992,
    "cpu_scaling_enabled": false,
    "caches": [
    ],
    "load_avg": [0.52,0.58,0.59],
    "library_build_type": "release"
  },
  "benchmarks": [
    {
      "name": "BM_Product_GeometricProduct/Model=0x02/D=4/LeftGrade=1/RightGrade=3/Library=GluCatMatrixMulti",
      "run_name": "BM_Product_GeometricProduct/Model=0x02/D=4/LeftGrade=1/RightGrade=3/Library=GluCatMatrixMulti",
      "run_type": "iteration",
      "iterations": 193367,
      "real_time": 4.2936820236335908e-03,
      "cpu_time": 4.1210496103264776e-03,
      "time_unit": "ms"
    },
    {
      "name": "BM_Product_HestenesInnerProduct/Model=0x02/D=4/LeftGrade=1/RightGrade=3/Library=GluCatMatrixMulti",
      "run_name": "BM_Product_HestenesInnerProduct/Model=0x02/D=4/LeftGrade=1/RightGrade=3/Library=GluCatMatrixMulti",
      "run_type": "iteration",
      "iterations": 13380,
      "real_time": 5.7035104501421699e-02,
      "cpu_time": 6.3060538116591930e-02,
      "time_unit": "ms"
    },
    {
      "name": "BM_Product_LeftContraction/Model=0x02/D=4/LeftGrade=1/RightGrade=3/Library=GluCatMatrixMulti",
      "run_name": "BM_Product_LeftContraction/Model=0x02/D=4/LeftGrade=1/RightGrade=3/Library=GluCatMatrixMulti",
      "run_type": "iteration",
      "iterations": 10000,
      "real_time": 5.6983330205548556e-02,
      "cpu_time": 5.4687500000000000e-02,
      "time_unit": "ms"
    },
    {
      "name": "BM_Product_OuterProduct/Model=0x02/D=4/LeftGrade=1/RightGrade=3/Library=GluCatMatrixMulti",
      "run_name": "BM_Product_OuterProduct/Model=0x02/D=4/LeftGrade=1/RightGrade=3/Library=GluCatMatrixMulti",
      "run_type": "iteration",
      "iterations": 20480,
      "real_time": 4.5172934633797013e-02,
      "cpu_time": 5.2642822265625000e-02,
      "time_unit": "ms"
    }
  ]
}
