{
  "context": {
    "date": "2019-03-23 02:38:48",
    "executable": "/mnt/c/Users/laffe/Repositories/GitHub/ga-developers/ga-benchmark/build/GABenchmark_Products_EuclideanModel_D4_LEFTGRADE3_RIGHTGRADE1_Gaalop",
    "num_cpus": 8,
    "mhz_per_cpu": 1992,
    "cpu_scaling_enabled": false,
    "caches": [
    ],
    "load_avg": [0.52,0.58,0.59],
    "library_build_type": "release"
  },
  "benchmarks": [
    {
      "name": "BM_Product_GeometricProduct/Model=0x02/D=4/LeftGrade=3/RightGrade=1/Library=Gaalop",
      "run_name": "BM_Product_GeometricProduct/Model=0x02/D=4/LeftGrade=3/RightGrade=1/Library=Gaalop",
      "run_type": "iteration",
      "iterations": 560000,
      "real_time": 1.5660637621684665e-03,
      "cpu_time": 1.6462053571428567e-03,
      "time_unit": "ms"
    },
    {
      "name": "BM_Product_HestenesInnerProduct/Model=0x02/D=4/LeftGrade=3/RightGrade=1/Library=Gaalop",
      "run_name": "BM_Product_HestenesInnerProduct/Model=0x02/D=4/LeftGrade=3/RightGrade=1/Library=Gaalop",
      "run_type": "iteration",
      "iterations": 448000,
      "real_time": 1.5479890657193859e-03,
      "cpu_time": 1.5345982142857143e-03,
      "time_unit": "ms"
    },
    {
      "name": "BM_Product_OuterProduct/Model=0x02/D=4/LeftGrade=3/RightGrade=1/Library=Gaalop",
      "run_name": "BM_Product_OuterProduct/Model=0x02/D=4/LeftGrade=3/RightGrade=1/Library=Gaalop",
      "run_type": "iteration",
      "iterations": 320000,
      "real_time": 1.5575324881865527e-03,
      "cpu_time": 1.6601562500000000e-03,
      "time_unit": "ms"
    }
  ]
}
