{
  "context": {
    "date": "2019-03-23 07:04:45",
    "executable": "/mnt/c/Users/laffe/Repositories/GitHub/ga-developers/ga-benchmark/build/GABenchmark_Products_ConformalModel_D3_LEFTGRADE0_RIGHTGRADE3_Versor",
    "num_cpus": 8,
    "mhz_per_cpu": 1992,
    "cpu_scaling_enabled": false,
    "caches": [
    ],
    "load_avg": [0.52,0.58,0.59],
    "library_build_type": "release"
  },
  "benchmarks": [
    {
      "name": "BM_Product_GeometricProduct/Model=0x01/D=3/LeftGrade=0/RightGrade=3/Library=Versor",
      "run_name": "BM_Product_GeometricProduct/Model=0x01/D=3/LeftGrade=0/RightGrade=3/Library=Versor",
      "run_type": "iteration",
      "iterations": 497778,
      "real_time": 1.5534043262106904e-03,
      "cpu_time": 1.3811377762777785e-03,
      "time_unit": "ms"
    },
    {
      "name": "BM_Product_LeftContraction/Model=0x01/D=3/LeftGrade=0/RightGrade=3/Library=Versor",
      "run_name": "BM_Product_LeftContraction/Model=0x01/D=3/LeftGrade=0/RightGrade=3/Library=Versor",
      "run_type": "iteration",
      "iterations": 497778,
      "real_time": 1.5363959577220010e-03,
      "cpu_time": 1.5380852508547988e-03,
      "time_unit": "ms"
    },
    {
      "name": "BM_Product_OuterProduct/Model=0x01/D=3/LeftGrade=0/RightGrade=3/Library=Versor",
      "run_name": "BM_Product_OuterProduct/Model=0x01/D=3/LeftGrade=0/RightGrade=3/Library=Versor",
      "run_type": "iteration",
      "iterations": 448000,
      "real_time": 1.5357488791778451e-03,
      "cpu_time": 1.8484933035714285e-03,
      "time_unit": "ms"
    }
  ]
}
