{
  "context": {
    "date": "2019-03-23 03:15:12",
    "executable": "/mnt/c/Users/laffe/Repositories/GitHub/ga-developers/ga-benchmark/build/GABenchmark_Products_EuclideanModel_D3_LEFTGRADE1_RIGHTGRADE3_Garamon",
    "num_cpus": 8,
    "mhz_per_cpu": 1992,
    "cpu_scaling_enabled": false,
    "caches": [
    ],
    "load_avg": [0.52,0.58,0.59],
    "library_build_type": "release"
  },
  "benchmarks": [
    {
      "name": "BM_Product_GeometricProduct/Model=0x02/D=3/LeftGrade=1/RightGrade=3/Library=Garamon",
      "run_name": "BM_Product_GeometricProduct/Model=0x02/D=3/LeftGrade=1/RightGrade=3/Library=Garamon",
      "run_type": "iteration",
      "iterations": 373333,
      "real_time": 1.6246091359047791e-03,
      "cpu_time": 1.6322559216570729e-03,
      "time_unit": "ms"
    },
    {
      "name": "BM_Product_HestenesInnerProduct/Model=0x02/D=3/LeftGrade=1/RightGrade=3/Library=Garamon",
      "run_name": "BM_Product_HestenesInnerProduct/Model=0x02/D=3/LeftGrade=1/RightGrade=3/Library=Garamon",
      "run_type": "iteration",
      "iterations": 344615,
      "real_time": 1.6217843204843296e-03,
      "cpu_time": 1.4962349288336258e-03,
      "time_unit": "ms"
    },
    {
      "name": "BM_Product_LeftContraction/Model=0x02/D=3/LeftGrade=1/RightGrade=3/Library=Garamon",
      "run_name": "BM_Product_LeftContraction/Model=0x02/D=3/LeftGrade=1/RightGrade=3/Library=Garamon",
      "run_type": "iteration",
      "iterations": 497778,
      "real_time": 1.6303243630250944e-03,
      "cpu_time": 2.0717066644166675e-03,
      "time_unit": "ms"
    },
    {
      "name": "BM_Product_OuterProduct/Model=0x02/D=3/LeftGrade=1/RightGrade=3/Library=Garamon",
      "run_name": "BM_Product_OuterProduct/Model=0x02/D=3/LeftGrade=1/RightGrade=3/Library=Garamon",
      "run_type": "iteration",
      "iterations": 373333,
      "real_time": 1.5794668454241236e-03,
      "cpu_time": 1.5904032057171480e-03,
      "time_unit": "ms"
    },
    {
      "name": "BM_Product_RightContraction/Model=0x02/D=3/LeftGrade=1/RightGrade=3/Library=Garamon",
      "run_name": "BM_Product_RightContraction/Model=0x02/D=3/LeftGrade=1/RightGrade=3/Library=Garamon",
      "run_type": "iteration",
      "iterations": 407273,
      "real_time": 1.5763131761486553e-03,
      "cpu_time": 1.6113270459863530e-03,
      "time_unit": "ms"
    },
    {
      "name": "BM_Product_ScalarProduct/Model=0x02/D=3/LeftGrade=1/RightGrade=3/Library=Garamon",
      "run_name": "BM_Product_ScalarProduct/Model=0x02/D=3/LeftGrade=1/RightGrade=3/Library=Garamon",
      "run_type": "iteration",
      "iterations": 373333,
      "real_time": 1.5884979416081392e-03,
      "cpu_time": 1.7159613535369228e-03,
      "time_unit": "ms"
    }
  ]
}
