{
  "context": {
    "date": "2019-03-23 04:04:07",
    "executable": "/mnt/c/Users/laffe/Repositories/GitHub/ga-developers/ga-benchmark/build/GABenchmark_Products_EuclideanModel_D2_LEFTGRADE2_RIGHTGRADE1_GluCatFramedMulti",
    "num_cpus": 8,
    "mhz_per_cpu": 1992,
    "cpu_scaling_enabled": false,
    "caches": [
    ],
    "load_avg": [0.52,0.58,0.59],
    "library_build_type": "release"
  },
  "benchmarks": [
    {
      "name": "BM_Product_GeometricProduct/Model=0x02/D=2/LeftGrade=2/RightGrade=1/Library=GluCatFramedMulti",
      "run_name": "BM_Product_GeometricProduct/Model=0x02/D=2/LeftGrade=2/RightGrade=1/Library=GluCatFramedMulti",
      "run_type": "iteration",
      "iterations": 344615,
      "real_time": 1.7273215046613385e-03,
      "cpu_time": 1.5869158336114214e-03,
      "time_unit": "ms"
    },
    {
      "name": "BM_Product_HestenesInnerProduct/Model=0x02/D=2/LeftGrade=2/RightGrade=1/Library=GluCatFramedMulti",
      "run_name": "BM_Product_HestenesInnerProduct/Model=0x02/D=2/LeftGrade=2/RightGrade=1/Library=GluCatFramedMulti",
      "run_type": "iteration",
      "iterations": 407273,
      "real_time": 1.7013229452262110e-03,
      "cpu_time": 1.6880569053190366e-03,
      "time_unit": "ms"
    },
    {
      "name": "BM_Product_LeftContraction/Model=0x02/D=2/LeftGrade=2/RightGrade=1/Library=GluCatFramedMulti",
      "run_name": "BM_Product_LeftContraction/Model=0x02/D=2/LeftGrade=2/RightGrade=1/Library=GluCatFramedMulti",
      "run_type": "iteration",
      "iterations": 651636,
      "real_time": 1.5947090192426113e-03,
      "cpu_time": 1.3187960763370963e-03,
      "time_unit": "ms"
    },
    {
      "name": "BM_Product_OuterProduct/Model=0x02/D=2/LeftGrade=2/RightGrade=1/Library=GluCatFramedMulti",
      "run_name": "BM_Product_OuterProduct/Model=0x02/D=2/LeftGrade=2/RightGrade=1/Library=GluCatFramedMulti",
      "run_type": "iteration",
      "iterations": 477867,
      "real_time": 1.6067887150362460e-03,
      "cpu_time": 1.7002638809543241e-03,
      "time_unit": "ms"
    }
  ]
}
