{
  "context": {
    "date": "2019-03-23 02:32:50",
    "executable": "/mnt/c/Users/laffe/Repositories/GitHub/ga-developers/ga-benchmark/build/GABenchmark_Products_ConformalModel_D3_LEFTGRADE3_RIGHTGRADE0_Gaalop",
    "num_cpus": 8,
    "mhz_per_cpu": 1992,
    "cpu_scaling_enabled": false,
    "caches": [
    ],
    "load_avg": [0.52,0.58,0.59],
    "library_build_type": "release"
  },
  "benchmarks": [
    {
      "name": "BM_Product_GeometricProduct/Model=0x01/D=3/LeftGrade=3/RightGrade=0/Library=Gaalop",
      "run_name": "BM_Product_GeometricProduct/Model=0x01/D=3/LeftGrade=3/RightGrade=0/Library=Gaalop",
      "run_type": "iteration",
      "iterations": 497778,
      "real_time": 1.5641591177479697e-03,
      "cpu_time": 1.2869692915315663e-03,
      "time_unit": "ms"
    },
    {
      "name": "BM_Product_HestenesInnerProduct/Model=0x01/D=3/LeftGrade=3/RightGrade=0/Library=Gaalop",
      "run_name": "BM_Product_HestenesInnerProduct/Model=0x01/D=3/LeftGrade=3/RightGrade=0/Library=Gaalop",
      "run_type": "iteration",
      "iterations": 497778,
      "real_time": 1.5467614081598146e-03,
      "cpu_time": 1.6950327254318190e-03,
      "time_unit": "ms"
    },
    {
      "name": "BM_Product_OuterProduct/Model=0x01/D=3/LeftGrade=3/RightGrade=0/Library=Gaalop",
      "run_name": "BM_Product_OuterProduct/Model=0x01/D=3/LeftGrade=3/RightGrade=0/Library=Gaalop",
      "run_type": "iteration",
      "iterations": 407273,
      "real_time": 1.5519150564732242e-03,
      "cpu_time": 1.4578673273209861e-03,
      "time_unit": "ms"
    }
  ]
}
