{
  "context": {
    "date": "2019-03-23 02:59:55",
    "executable": "/mnt/c/Users/laffe/Repositories/GitHub/ga-developers/ga-benchmark/build/GABenchmark_Products_ConformalModel_D2_LEFTGRADE2_RIGHTGRADE1_Garamon",
    "num_cpus": 8,
    "mhz_per_cpu": 1992,
    "cpu_scaling_enabled": false,
    "caches": [
    ],
    "load_avg": [0.52,0.58,0.59],
    "library_build_type": "release"
  },
  "benchmarks": [
    {
      "name": "BM_Product_GeometricProduct/Model=0x01/D=2/LeftGrade=2/RightGrade=1/Library=Garamon",
      "run_name": "BM_Product_GeometricProduct/Model=0x01/D=2/LeftGrade=2/RightGrade=1/Library=Garamon",
      "run_type": "iteration",
      "iterations": 373333,
      "real_time": 1.7170228660807346e-03,
      "cpu_time": 1.7578140694768478e-03,
      "time_unit": "ms"
    },
    {
      "name": "BM_Product_HestenesInnerProduct/Model=0x01/D=2/LeftGrade=2/RightGrade=1/Library=Garamon",
      "run_name": "BM_Product_HestenesInnerProduct/Model=0x01/D=2/LeftGrade=2/RightGrade=1/Library=Garamon",
      "run_type": "iteration",
      "iterations": 373333,
      "real_time": 1.6766961451098298e-03,
      "cpu_time": 1.6322559216570729e-03,
      "time_unit": "ms"
    },
    {
      "name": "BM_Product_LeftContraction/Model=0x01/D=2/LeftGrade=2/RightGrade=1/Library=Garamon",
      "run_name": "BM_Product_LeftContraction/Model=0x01/D=2/LeftGrade=2/RightGrade=1/Library=Garamon",
      "run_type": "iteration",
      "iterations": 640000,
      "real_time": 1.5932675097246828e-03,
      "cpu_time": 1.3916015625000000e-03,
      "time_unit": "ms"
    },
    {
      "name": "BM_Product_OuterProduct/Model=0x01/D=2/LeftGrade=2/RightGrade=1/Library=Garamon",
      "run_name": "BM_Product_OuterProduct/Model=0x01/D=2/LeftGrade=2/RightGrade=1/Library=Garamon",
      "run_type": "iteration",
      "iterations": 560000,
      "real_time": 1.6838564193416719e-03,
      "cpu_time": 1.6741071428571428e-03,
      "time_unit": "ms"
    },
    {
      "name": "BM_Product_RightContraction/Model=0x01/D=2/LeftGrade=2/RightGrade=1/Library=Garamon",
      "run_name": "BM_Product_RightContraction/Model=0x01/D=2/LeftGrade=2/RightGrade=1/Library=Garamon",
      "run_type": "iteration",
      "iterations": 495566,
      "real_time": 1.6758121186885662e-03,
      "cpu_time": 1.7656578538479235e-03,
      "time_unit": "ms"
    },
    {
      "name": "BM_Product_ScalarProduct/Model=0x01/D=2/LeftGrade=2/RightGrade=1/Library=Garamon",
      "run_name": "BM_Product_ScalarProduct/Model=0x01/D=2/LeftGrade=2/RightGrade=1/Library=Garamon",
      "run_type": "iteration",
      "iterations": 298667,
      "real_time": 1.5777782531180757e-03,
      "cpu_time": 1.9880000133928421e-03,
      "time_unit": "ms"
    }
  ]
}
