{
  "context": {
    "date": "2019-03-23 04:56:28",
    "executable": "/mnt/c/Users/laffe/Repositories/GitHub/ga-developers/ga-benchmark/build/GABenchmark_Products_EuclideanModel_D3_LEFTGRADE0_RIGHTGRADE2_GluCatMatrixMulti",
    "num_cpus": 8,
    "mhz_per_cpu": 1992,
    "cpu_scaling_enabled": false,
    "caches": [
    ],
    "load_avg": [0.52,0.58,0.59],
    "library_build_type": "release"
  },
  "benchmarks": [
    {
      "name": "BM_Product_GeometricProduct/Model=0x02/D=3/LeftGrade=0/RightGrade=2/Library=GluCatMatrixMulti",
      "run_name": "BM_Product_GeometricProduct/Model=0x02/D=3/LeftGrade=0/RightGrade=2/Library=GluCatMatrixMulti",
      "run_type": "iteration",
      "iterations": 161858,
      "real_time": 6.0346223264272541e-03,
      "cpu_time": 6.5643959520073148e-03,
      "time_unit": "ms"
    },
    {
      "name": "BM_Product_HestenesInnerProduct/Model=0x02/D=3/LeftGrade=0/RightGrade=2/Library=GluCatMatrixMulti",
      "run_name": "BM_Product_HestenesInnerProduct/Model=0x02/D=3/LeftGrade=0/RightGrade=2/Library=GluCatMatrixMulti",
      "run_type": "iteration",
      "iterations": 144516,
      "real_time": 4.2674735205445917e-03,
      "cpu_time": 4.6491391956599961e-03,
      "time_unit": "ms"
    },
    {
      "name": "BM_Product_LeftContraction/Model=0x02/D=3/LeftGrade=0/RightGrade=2/Library=GluCatMatrixMulti",
      "run_name": "BM_Product_LeftContraction/Model=0x02/D=3/LeftGrade=0/RightGrade=2/Library=GluCatMatrixMulti",
      "run_type": "iteration",
      "iterations": 100000,
      "real_time": 7.1781199751421807e-03,
      "cpu_time": 8.7500000000000008e-03,
      "time_unit": "ms"
    },
    {
      "name": "BM_Product_OuterProduct/Model=0x02/D=3/LeftGrade=0/RightGrade=2/Library=GluCatMatrixMulti",
      "run_name": "BM_Product_OuterProduct/Model=0x02/D=3/LeftGrade=0/RightGrade=2/Library=GluCatMatrixMulti",
      "run_type": "iteration",
      "iterations": 89600,
      "real_time": 7.2028315409105358e-03,
      "cpu_time": 6.9754464285714289e-03,
      "time_unit": "ms"
    }
  ]
}
