{
  "context": {
    "date": "2019-03-23 01:11:43",
    "executable": "/mnt/c/Users/laffe/Repositories/GitHub/ga-developers/ga-benchmark/build/GABenchmark_Products_ConformalModel_D2_LEFTGRADE0_RIGHTGRADE0_GATL",
    "num_cpus": 8,
    "mhz_per_cpu": 1992,
    "cpu_scaling_enabled": false,
    "caches": [
    ],
    "load_avg": [0.52,0.58,0.59],
    "library_build_type": "release"
  },
  "benchmarks": [
    {
      "name": "BM_Product_DotProduct/Model=0x01/D=2/LeftGrade=0/RightGrade=0/Library=GATL",
      "run_name": "BM_Product_DotProduct/Model=0x01/D=2/LeftGrade=0/RightGrade=0/Library=GATL",
      "run_type": "iteration",
      "iterations": 497778,
      "real_time": 1.5505809833672316e-03,
      "cpu_time": 1.7578117152626271e-03,
      "time_unit": "ms"
    },
    {
      "name": "BM_Product_GeometricProduct/Model=0x01/D=2/LeftGrade=0/RightGrade=0/Library=GATL",
      "run_name": "BM_Product_GeometricProduct/Model=0x01/D=2/LeftGrade=0/RightGrade=0/Library=GATL",
      "run_type": "iteration",
      "iterations": 560000,
      "real_time": 1.5570385729785942e-03,
      "cpu_time": 1.6183035714285715e-03,
      "time_unit": "ms"
    },
    {
      "name": "BM_Product_HestenesInnerProduct/Model=0x01/D=2/LeftGrade=0/RightGrade=0/Library=GATL",
      "run_name": "BM_Product_HestenesInnerProduct/Model=0x01/D=2/LeftGrade=0/RightGrade=0/Library=GATL",
      "run_type": "iteration",
      "iterations": 497778,
      "real_time": 1.5504799259349888e-03,
      "cpu_time": 1.4125272711931825e-03,
      "time_unit": "ms"
    },
    {
      "name": "BM_Product_LeftContraction/Model=0x01/D=2/LeftGrade=0/RightGrade=0/Library=GATL",
      "run_name": "BM_Product_LeftContraction/Model=0x01/D=2/LeftGrade=0/RightGrade=0/Library=GATL",
      "run_type": "iteration",
      "iterations": 407273,
      "real_time": 1.5389620644847407e-03,
      "cpu_time": 1.7647867646517202e-03,
      "time_unit": "ms"
    },
    {
      "name": "BM_Product_OuterProduct/Model=0x01/D=2/LeftGrade=0/RightGrade=0/Library=GATL",
      "run_name": "BM_Product_OuterProduct/Model=0x01/D=2/LeftGrade=0/RightGrade=0/Library=GATL",
      "run_type": "iteration",
      "iterations": 640000,
      "real_time": 1.6241170439570852e-03,
      "cpu_time": 1.3427734375000000e-03,
      "time_unit": "ms"
    },
    {
      "name": "BM_Product_RegressiveProduct/Model=0x01/D=2/LeftGrade=0/RightGrade=0/Library=GATL",
      "run_name": "BM_Product_RegressiveProduct/Model=0x01/D=2/LeftGrade=0/RightGrade=0/Library=GATL",
      "run_type": "iteration",
      "iterations": 373333,
      "real_time": 1.6100227065689709e-03,
      "cpu_time": 1.7159613535369228e-03,
      "time_unit": "ms"
    },
    {
      "name": "BM_Product_RightContraction/Model=0x01/D=2/LeftGrade=0/RightGrade=0/Library=GATL",
      "run_name": "BM_Product_RightContraction/Model=0x01/D=2/LeftGrade=0/RightGrade=0/Library=GATL",
      "run_type": "iteration",
      "iterations": 560000,
      "real_time": 1.6093033899129035e-03,
      "cpu_time": 1.4787946428571428e-03,
      "time_unit": "ms"
    },
    {
      "name": "BM_Product_ScalarProduct/Model=0x01/D=2/LeftGrade=0/RightGrade=0/Library=GATL",
      "run_name": "BM_Product_ScalarProduct/Model=0x01/D=2/LeftGrade=0/RightGrade=0/Library=GATL",
      "run_type": "iteration",
      "iterations": 560000,
      "real_time": 1.5437144647876266e-03,
      "cpu_time": 1.4508928571428572e-03,
      "time_unit": "ms"
    }
  ]
}
