{
  "context": {
    "date": "2019-03-23 07:03:32",
    "executable": "/mnt/c/Users/laffe/Repositories/GitHub/ga-developers/ga-benchmark/build/GABenchmark_Products_ConformalModel_D2_LEFTGRADE3_RIGHTGRADE1_Versor",
    "num_cpus": 8,
    "mhz_per_cpu": 1992,
    "cpu_scaling_enabled": false,
    "caches": [
    ],
    "load_avg": [0.52,0.58,0.59],
    "library_build_type": "release"
  },
  "benchmarks": [
    {
      "name": "BM_Product_GeometricProduct/Model=0x01/D=2/LeftGrade=3/RightGrade=1/Library=Versor",
      "run_name": "BM_Product_GeometricProduct/Model=0x01/D=2/LeftGrade=3/RightGrade=1/Library=Versor",
      "run_type": "iteration",
      "iterations": 373333,
      "real_time": 1.5627611379143238e-03,
      "cpu_time": 1.5066977738372985e-03,
      "time_unit": "ms"
    },
    {
      "name": "BM_Product_LeftContraction/Model=0x01/D=2/LeftGrade=3/RightGrade=1/Library=Versor",
      "run_name": "BM_Product_LeftContraction/Model=0x01/D=2/LeftGrade=3/RightGrade=1/Library=Versor",
      "run_type": "iteration",
      "iterations": 448000,
      "real_time": 1.5544502215821662e-03,
      "cpu_time": 1.4299665178571428e-03,
      "time_unit": "ms"
    },
    {
      "name": "BM_Product_OuterProduct/Model=0x01/D=2/LeftGrade=3/RightGrade=1/Library=Versor",
      "run_name": "BM_Product_OuterProduct/Model=0x01/D=2/LeftGrade=3/RightGrade=1/Library=Versor",
      "run_type": "iteration",
      "iterations": 560000,
      "real_time": 1.5430848150572273e-03,
      "cpu_time": 1.7299107142857142e-03,
      "time_unit": "ms"
    }
  ]
}
