{
  "context": {
    "date": "2019-03-23 07:10:30",
    "executable": "/mnt/c/Users/laffe/Repositories/GitHub/ga-developers/ga-benchmark/build/GABenchmark_Products_EuclideanModel_D3_LEFTGRADE3_RIGHTGRADE3_Versor",
    "num_cpus": 8,
    "mhz_per_cpu": 1992,
    "cpu_scaling_enabled": false,
    "caches": [
    ],
    "load_avg": [0.52,0.58,0.59],
    "library_build_type": "release"
  },
  "benchmarks": [
    {
      "name": "BM_Product_GeometricProduct/Model=0x02/D=3/LeftGrade=3/RightGrade=3/Library=Versor",
      "run_name": "BM_Product_GeometricProduct/Model=0x02/D=3/LeftGrade=3/RightGrade=3/Library=Versor",
      "run_type": "iteration",
      "iterations": 560000,
      "real_time": 1.5364032052665216e-03,
      "cpu_time": 1.2276785714285714e-03,
      "time_unit": "ms"
    },
    {
      "name": "BM_Product_LeftContraction/Model=0x02/D=3/LeftGrade=3/RightGrade=3/Library=Versor",
      "run_name": "BM_Product_LeftContraction/Model=0x02/D=3/LeftGrade=3/RightGrade=3/Library=Versor",
      "run_type": "iteration",
      "iterations": 560000,
      "real_time": 1.5450371565488500e-03,
      "cpu_time": 1.5625000000000001e-03,
      "time_unit": "ms"
    },
    {
      "name": "BM_Product_OuterProduct/Model=0x02/D=3/LeftGrade=3/RightGrade=3/Library=Versor",
      "run_name": "BM_Product_OuterProduct/Model=0x02/D=3/LeftGrade=3/RightGrade=3/Library=Versor",
      "run_type": "iteration",
      "iterations": 560000,
      "real_time": 1.5326110768780511e-03,
      "cpu_time": 1.6183035714285715e-03,
      "time_unit": "ms"
    }
  ]
}
