{
  "context": {
    "date": "2019-03-23 03:09:27",
    "executable": "/mnt/c/Users/laffe/Repositories/GitHub/ga-developers/ga-benchmark/build/GABenchmark_Products_ConformalModel_D3_LEFTGRADE4_RIGHTGRADE2_Garamon",
    "num_cpus": 8,
    "mhz_per_cpu": 1992,
    "cpu_scaling_enabled": false,
    "caches": [
    ],
    "load_avg": [0.52,0.58,0.59],
    "library_build_type": "release"
  },
  "benchmarks": [
    {
      "name": "BM_Product_GeometricProduct/Model=0x01/D=3/LeftGrade=4/RightGrade=2/Library=Garamon",
      "run_name": "BM_Product_GeometricProduct/Model=0x01/D=3/LeftGrade=4/RightGrade=2/Library=Garamon",
      "run_type": "iteration",
      "iterations": 344615,
      "real_time": 1.7504496361325282e-03,
      "cpu_time": 2.1763417146670925e-03,
      "time_unit": "ms"
    },
    {
      "name": "BM_Product_HestenesInnerProduct/Model=0x01/D=3/LeftGrade=4/RightGrade=2/Library=Garamon",
      "run_name": "BM_Product_HestenesInnerProduct/Model=0x01/D=3/LeftGrade=4/RightGrade=2/Library=Garamon",
      "run_type": "iteration",
      "iterations": 407273,
      "real_time": 1.7036840038962776e-03,
      "cpu_time": 1.8415166239844035e-03,
      "time_unit": "ms"
    },
    {
      "name": "BM_Product_LeftContraction/Model=0x01/D=3/LeftGrade=4/RightGrade=2/Library=Garamon",
      "run_name": "BM_Product_LeftContraction/Model=0x01/D=3/LeftGrade=4/RightGrade=2/Library=Garamon",
      "run_type": "iteration",
      "iterations": 407273,
      "real_time": 1.5914374505355013e-03,
      "cpu_time": 1.4578673273209861e-03,
      "time_unit": "ms"
    },
    {
      "name": "BM_Product_OuterProduct/Model=0x01/D=3/LeftGrade=4/RightGrade=2/Library=Garamon",
      "run_name": "BM_Product_OuterProduct/Model=0x01/D=3/LeftGrade=4/RightGrade=2/Library=Garamon",
      "run_type": "iteration",
      "iterations": 407273,
      "real_time": 1.6088252895156200e-03,
      "cpu_time": 1.5729621163200114e-03,
      "time_unit": "ms"
    },
    {
      "name": "BM_Product_RightContraction/Model=0x01/D=3/LeftGrade=4/RightGrade=2/Library=Garamon",
      "run_name": "BM_Product_RightContraction/Model=0x01/D=3/LeftGrade=4/RightGrade=2/Library=Garamon",
      "run_type": "iteration",
      "iterations": 344615,
      "real_time": 1.7066984882575633e-03,
      "cpu_time": 1.6322562860003192e-03,
      "time_unit": "ms"
    },
    {
      "name": "BM_Product_ScalarProduct/Model=0x01/D=3/LeftGrade=4/RightGrade=2/Library=Garamon",
      "run_name": "BM_Product_ScalarProduct/Model=0x01/D=3/LeftGrade=4/RightGrade=2/Library=Garamon",
      "run_type": "iteration",
      "iterations": 571806,
      "real_time": 1.5947998207417053e-03,
      "cpu_time": 1.8581476934484773e-03,
      "time_unit": "ms"
    }
  ]
}
