{
  "context": {
    "date": "2019-03-23 04:10:28",
    "executable": "/mnt/c/Users/laffe/Repositories/GitHub/ga-developers/ga-benchmark/build/GABenchmark_Products_EuclideanModel_D4_LEFTGRADE3_RIGHTGRADE1_GluCatFramedMulti",
    "num_cpus": 8,
    "mhz_per_cpu": 1992,
    "cpu_scaling_enabled": false,
    "caches": [
    ],
    "load_avg": [0.52,0.58,0.59],
    "library_build_type": "release"
  },
  "benchmarks": [
    {
      "name": "BM_Product_GeometricProduct/Model=0x02/D=4/LeftGrade=3/RightGrade=1/Library=GluCatFramedMulti",
      "run_name": "BM_Product_GeometricProduct/Model=0x02/D=4/LeftGrade=3/RightGrade=1/Library=GluCatFramedMulti",
      "run_type": "iteration",
      "iterations": 716800,
      "real_time": 2.4414520114695343e-03,
      "cpu_time": 2.5503976004464285e-03,
      "time_unit": "ms"
    },
    {
      "name": "BM_Product_HestenesInnerProduct/Model=0x02/D=4/LeftGrade=3/RightGrade=1/Library=GluCatFramedMulti",
      "run_name": "BM_Product_HestenesInnerProduct/Model=0x02/D=4/LeftGrade=3/RightGrade=1/Library=GluCatFramedMulti",
      "run_type": "iteration",
      "iterations": 344615,
      "real_time": 2.2471349258456593e-03,
      "cpu_time": 1.9949799051115014e-03,
      "time_unit": "ms"
    },
    {
      "name": "BM_Product_LeftContraction/Model=0x02/D=4/LeftGrade=3/RightGrade=1/Library=GluCatFramedMulti",
      "run_name": "BM_Product_LeftContraction/Model=0x02/D=4/LeftGrade=3/RightGrade=1/Library=GluCatFramedMulti",
      "run_type": "iteration",
      "iterations": 560000,
      "real_time": 1.6684043182717038e-03,
      "cpu_time": 1.8136160714285715e-03,
      "time_unit": "ms"
    },
    {
      "name": "BM_Product_OuterProduct/Model=0x02/D=4/LeftGrade=3/RightGrade=1/Library=GluCatFramedMulti",
      "run_name": "BM_Product_OuterProduct/Model=0x02/D=4/LeftGrade=3/RightGrade=1/Library=GluCatFramedMulti",
      "run_type": "iteration",
      "iterations": 320000,
      "real_time": 1.8057012657664018e-03,
      "cpu_time": 1.9042968750000000e-03,
      "time_unit": "ms"
    }
  ]
}
