{
  "context": {
    "date": "2019-03-23 07:02:46",
    "executable": "/mnt/c/Users/laffe/Repositories/GitHub/ga-developers/ga-benchmark/build/GABenchmark_Products_ConformalModel_D2_LEFTGRADE1_RIGHTGRADE4_Versor",
    "num_cpus": 8,
    "mhz_per_cpu": 1992,
    "cpu_scaling_enabled": false,
    "caches": [
    ],
    "load_avg": [0.52,0.58,0.59],
    "library_build_type": "release"
  },
  "benchmarks": [
    {
      "name": "BM_Product_GeometricProduct/Model=0x01/D=2/LeftGrade=1/RightGrade=4/Library=Versor",
      "run_name": "BM_Product_GeometricProduct/Model=0x01/D=2/LeftGrade=1/RightGrade=4/Library=Versor",
      "run_type": "iteration",
      "iterations": 588575,
      "real_time": 1.5477942708217185e-03,
      "cpu_time": 1.5131886335641167e-03,
      "time_unit": "ms"
    },
    {
      "name": "BM_Product_LeftContraction/Model=0x01/D=2/LeftGrade=1/RightGrade=4/Library=Versor",
      "run_name": "BM_Product_LeftContraction/Model=0x01/D=2/LeftGrade=1/RightGrade=4/Library=Versor",
      "run_type": "iteration",
      "iterations": 461389,
      "real_time": 1.5363940243837404e-03,
      "cpu_time": 1.6932566662837649e-03,
      "time_unit": "ms"
    },
    {
      "name": "BM_Product_OuterProduct/Model=0x01/D=2/LeftGrade=1/RightGrade=4/Library=Versor",
      "run_name": "BM_Product_OuterProduct/Model=0x01/D=2/LeftGrade=1/RightGrade=4/Library=Versor",
      "run_type": "iteration",
      "iterations": 448000,
      "real_time": 1.5701421859505768e-03,
      "cpu_time": 1.6043526785714285e-03,
      "time_unit": "ms"
    }
  ]
}
