{
  "context": {
    "date": "2019-03-23 03:20:24",
    "executable": "/mnt/c/Users/laffe/Repositories/GitHub/ga-developers/ga-benchmark/build/GABenchmark_Products_EuclideanModel_D4_LEFTGRADE3_RIGHTGRADE0_Garamon",
    "num_cpus": 8,
    "mhz_per_cpu": 1992,
    "cpu_scaling_enabled": false,
    "caches": [
    ],
    "load_avg": [0.52,0.58,0.59],
    "library_build_type": "release"
  },
  "benchmarks": [
    {
      "name": "BM_Product_GeometricProduct/Model=0x02/D=4/LeftGrade=3/RightGrade=0/Library=Garamon",
      "run_name": "BM_Product_GeometricProduct/Model=0x02/D=4/LeftGrade=3/RightGrade=0/Library=Garamon",
      "run_type": "iteration",
      "iterations": 497778,
      "real_time": 1.6825229245887711e-03,
      "cpu_time": 1.6950327254318190e-03,
      "time_unit": "ms"
    },
    {
      "name": "BM_Product_HestenesInnerProduct/Model=0x02/D=4/LeftGrade=3/RightGrade=0/Library=Garamon",
      "run_name": "BM_Product_HestenesInnerProduct/Model=0x02/D=4/LeftGrade=3/RightGrade=0/Library=Garamon",
      "run_type": "iteration",
      "iterations": 497778,
      "real_time": 1.6946452156510890e-03,
      "cpu_time": 1.6322537356010108e-03,
      "time_unit": "ms"
    },
    {
      "name": "BM_Product_LeftContraction/Model=0x02/D=4/LeftGrade=3/RightGrade=0/Library=Garamon",
      "run_name": "BM_Product_LeftContraction/Model=0x02/D=4/LeftGrade=3/RightGrade=0/Library=Garamon",
      "run_type": "iteration",
      "iterations": 407273,
      "real_time": 1.5852221756991532e-03,
      "cpu_time": 1.6880569053190366e-03,
      "time_unit": "ms"
    },
    {
      "name": "BM_Product_OuterProduct/Model=0x02/D=4/LeftGrade=3/RightGrade=0/Library=Garamon",
      "run_name": "BM_Product_OuterProduct/Model=0x02/D=4/LeftGrade=3/RightGrade=0/Library=Garamon",
      "run_type": "iteration",
      "iterations": 407273,
      "real_time": 1.6883098100044789e-03,
      "cpu_time": 1.3811374679883028e-03,
      "time_unit": "ms"
    },
    {
      "name": "BM_Product_RightContraction/Model=0x02/D=4/LeftGrade=3/RightGrade=0/Library=Garamon",
      "run_name": "BM_Product_RightContraction/Model=0x02/D=4/LeftGrade=3/RightGrade=0/Library=Garamon",
      "run_type": "iteration",
      "iterations": 344615,
      "real_time": 1.6930917099472476e-03,
      "cpu_time": 1.8136180955559103e-03,
      "time_unit": "ms"
    },
    {
      "name": "BM_Product_ScalarProduct/Model=0x02/D=4/LeftGrade=3/RightGrade=0/Library=Garamon",
      "run_name": "BM_Product_ScalarProduct/Model=0x02/D=4/LeftGrade=3/RightGrade=0/Library=Garamon",
      "run_type": "iteration",
      "iterations": 448000,
      "real_time": 1.5820392943299208e-03,
      "cpu_time": 1.8833705357142857e-03,
      "time_unit": "ms"
    }
  ]
}
