{
  "context": {
    "date": "2019-03-23 01:33:17",
    "executable": "/mnt/c/Users/laffe/Repositories/GitHub/ga-developers/ga-benchmark/build/GABenchmark_Products_EuclideanModel_D3_LEFTGRADE2_RIGHTGRADE2_GATL",
    "num_cpus": 8,
    "mhz_per_cpu": 1992,
    "cpu_scaling_enabled": false,
    "caches": [
    ],
    "load_avg": [0.52,0.58,0.59],
    "library_build_type": "release"
  },
  "benchmarks": [
    {
      "name": "BM_Product_DotProduct/Model=0x02/D=3/LeftGrade=2/RightGrade=2/Library=GATL",
      "run_name": "BM_Product_DotProduct/Model=0x02/D=3/LeftGrade=2/RightGrade=2/Library=GATL",
      "run_type": "iteration",
      "iterations": 746667,
      "real_time": 1.5489169836605818e-03,
      "cpu_time": 1.7996643751498325e-03,
      "time_unit": "ms"
    },
    {
      "name": "BM_Product_GeometricProduct/Model=0x02/D=3/LeftGrade=2/RightGrade=2/Library=GATL",
      "run_name": "BM_Product_GeometricProduct/Model=0x02/D=3/LeftGrade=2/RightGrade=2/Library=GATL",
      "run_type": "iteration",
      "iterations": 497778,
      "real_time": 1.5421912947816002e-03,
      "cpu_time": 1.8519802000088394e-03,
      "time_unit": "ms"
    },
    {
      "name": "BM_Product_HestenesInnerProduct/Model=0x02/D=3/LeftGrade=2/RightGrade=2/Library=GATL",
      "run_name": "BM_Product_HestenesInnerProduct/Model=0x02/D=3/LeftGrade=2/RightGrade=2/Library=GATL",
      "run_type": "iteration",
      "iterations": 640000,
      "real_time": 1.5727635968687537e-03,
      "cpu_time": 1.6845703125000001e-03,
      "time_unit": "ms"
    },
    {
      "name": "BM_Product_LeftContraction/Model=0x02/D=3/LeftGrade=2/RightGrade=2/Library=GATL",
      "run_name": "BM_Product_LeftContraction/Model=0x02/D=3/LeftGrade=2/RightGrade=2/Library=GATL",
      "run_type": "iteration",
      "iterations": 407273,
      "real_time": 1.5620797526808355e-03,
      "cpu_time": 1.6113270459863530e-03,
      "time_unit": "ms"
    },
    {
      "name": "BM_Product_OuterProduct/Model=0x02/D=3/LeftGrade=2/RightGrade=2/Library=GATL",
      "run_name": "BM_Product_OuterProduct/Model=0x02/D=3/LeftGrade=2/RightGrade=2/Library=GATL",
      "run_type": "iteration",
      "iterations": 497778,
      "real_time": 1.5997623463406636e-03,
      "cpu_time": 1.7264222203472231e-03,
      "time_unit": "ms"
    },
    {
      "name": "BM_Product_RegressiveProduct/Model=0x02/D=3/LeftGrade=2/RightGrade=2/Library=GATL",
      "run_name": "BM_Product_RegressiveProduct/Model=0x02/D=3/LeftGrade=2/RightGrade=2/Library=GATL",
      "run_type": "iteration",
      "iterations": 373333,
      "real_time": 1.5455598494692837e-03,
      "cpu_time": 1.4229923419574481e-03,
      "time_unit": "ms"
    },
    {
      "name": "BM_Product_RightContraction/Model=0x02/D=3/LeftGrade=2/RightGrade=2/Library=GATL",
      "run_name": "BM_Product_RightContraction/Model=0x02/D=3/LeftGrade=2/RightGrade=2/Library=GATL",
      "run_type": "iteration",
      "iterations": 407273,
      "real_time": 1.5623093171622962e-03,
      "cpu_time": 1.4962322569873278e-03,
      "time_unit": "ms"
    },
    {
      "name": "BM_Product_ScalarProduct/Model=0x02/D=3/LeftGrade=2/RightGrade=2/Library=GATL",
      "run_name": "BM_Product_ScalarProduct/Model=0x02/D=3/LeftGrade=2/RightGrade=2/Library=GATL",
      "run_type": "iteration",
      "iterations": 448000,
      "real_time": 1.5416469011272835e-03,
      "cpu_time": 1.4299665178571428e-03,
      "time_unit": "ms"
    }
  ]
}
