{
  "context": {
    "date": "2019-03-23 07:05:32",
    "executable": "/mnt/c/Users/laffe/Repositories/GitHub/ga-developers/ga-benchmark/build/GABenchmark_Products_ConformalModel_D3_LEFTGRADE1_RIGHTGRADE5_Versor",
    "num_cpus": 8,
    "mhz_per_cpu": 1992,
    "cpu_scaling_enabled": false,
    "caches": [
    ],
    "load_avg": [0.52,0.58,0.59],
    "library_build_type": "release"
  },
  "benchmarks": [
    {
      "name": "BM_Product_GeometricProduct/Model=0x01/D=3/LeftGrade=1/RightGrade=5/Library=Versor",
      "run_name": "BM_Product_GeometricProduct/Model=0x01/D=3/LeftGrade=1/RightGrade=5/Library=Versor",
      "run_type": "iteration",
      "iterations": 320000,
      "real_time": 1.5434603154062642e-03,
      "cpu_time": 1.7089843750000004e-03,
      "time_unit": "ms"
    },
    {
      "name": "BM_Product_LeftContraction/Model=0x01/D=3/LeftGrade=1/RightGrade=5/Library=Versor",
      "run_name": "BM_Product_LeftContraction/Model=0x01/D=3/LeftGrade=1/RightGrade=5/Library=Versor",
      "run_type": "iteration",
      "iterations": 344615,
      "real_time": 1.5364235465933716e-03,
      "cpu_time": 1.4508944764447282e-03,
      "time_unit": "ms"
    },
    {
      "name": "BM_Product_OuterProduct/Model=0x01/D=3/LeftGrade=1/RightGrade=5/Library=Versor",
      "run_name": "BM_Product_OuterProduct/Model=0x01/D=3/LeftGrade=1/RightGrade=5/Library=Versor",
      "run_type": "iteration",
      "iterations": 344615,
      "real_time": 1.5357424859663692e-03,
      "cpu_time": 2.3577035242226831e-03,
      "time_unit": "ms"
    }
  ]
}
