{
  "context": {
    "date": "2019-03-23 02:30:32",
    "executable": "/mnt/c/Users/laffe/Repositories/GitHub/ga-developers/ga-benchmark/build/GABenchmark_Products_ConformalModel_D2_LEFTGRADE4_RIGHTGRADE0_Gaalop",
    "num_cpus": 8,
    "mhz_per_cpu": 1992,
    "cpu_scaling_enabled": false,
    "caches": [
    ],
    "load_avg": [0.52,0.58,0.59],
    "library_build_type": "release"
  },
  "benchmarks": [
    {
      "name": "BM_Product_GeometricProduct/Model=0x01/D=2/LeftGrade=4/RightGrade=0/Library=Gaalop",
      "run_name": "BM_Product_GeometricProduct/Model=0x01/D=2/LeftGrade=4/RightGrade=0/Library=Gaalop",
      "run_type": "iteration",
      "iterations": 746667,
      "real_time": 1.5464296702063897e-03,
      "cpu_time": 1.5276220858829977e-03,
      "time_unit": "ms"
    },
    {
      "name": "BM_Product_HestenesInnerProduct/Model=0x01/D=2/LeftGrade=4/RightGrade=0/Library=Gaalop",
      "run_name": "BM_Product_HestenesInnerProduct/Model=0x01/D=2/LeftGrade=4/RightGrade=0/Library=Gaalop",
      "run_type": "iteration",
      "iterations": 560000,
      "real_time": 1.5555962475316068e-03,
      "cpu_time": 1.2834821428571429e-03,
      "time_unit": "ms"
    },
    {
      "name": "BM_Product_OuterProduct/Model=0x01/D=2/LeftGrade=4/RightGrade=0/Library=Gaalop",
      "run_name": "BM_Product_OuterProduct/Model=0x01/D=2/LeftGrade=4/RightGrade=0/Library=Gaalop",
      "run_type": "iteration",
      "iterations": 407273,
      "real_time": 1.5446236365759558e-03,
      "cpu_time": 1.6113270459863530e-03,
      "time_unit": "ms"
    }
  ]
}
