{
  "context": {
    "date": "2019-03-23 02:35:01",
    "executable": "/mnt/c/Users/laffe/Repositories/GitHub/ga-developers/ga-benchmark/build/GABenchmark_Products_EuclideanModel_D2_LEFTGRADE1_RIGHTGRADE0_Gaalop",
    "num_cpus": 8,
    "mhz_per_cpu": 1992,
    "cpu_scaling_enabled": false,
    "caches": [
    ],
    "load_avg": [0.52,0.58,0.59],
    "library_build_type": "release"
  },
  "benchmarks": [
    {
      "name": "BM_Product_GeometricProduct/Model=0x02/D=2/LeftGrade=1/RightGrade=0/Library=Gaalop",
      "run_name": "BM_Product_GeometricProduct/Model=0x02/D=2/LeftGrade=1/RightGrade=0/Library=Gaalop",
      "run_type": "iteration",
      "iterations": 373333,
      "real_time": 1.5497571878963497e-03,
      "cpu_time": 1.8415195013566971e-03,
      "time_unit": "ms"
    },
    {
      "name": "BM_Product_HestenesInnerProduct/Model=0x02/D=2/LeftGrade=1/RightGrade=0/Library=Gaalop",
      "run_name": "BM_Product_HestenesInnerProduct/Model=0x02/D=2/LeftGrade=1/RightGrade=0/Library=Gaalop",
      "run_type": "iteration",
      "iterations": 557511,
      "real_time": 1.5575525900007421e-03,
      "cpu_time": 1.5975021120659503e-03,
      "time_unit": "ms"
    },
    {
      "name": "BM_Product_OuterProduct/Model=0x02/D=2/LeftGrade=1/RightGrade=0/Library=Gaalop",
      "run_name": "BM_Product_OuterProduct/Model=0x02/D=2/LeftGrade=1/RightGrade=0/Library=Gaalop",
      "run_type": "iteration",
      "iterations": 497778,
      "real_time": 1.5487560638984678e-03,
      "cpu_time": 1.6950327254318190e-03,
      "time_unit": "ms"
    }
  ]
}
