{
  "context": {
    "date": "2019-03-23 04:06:04",
    "executable": "/mnt/c/Users/laffe/Repositories/GitHub/ga-developers/ga-benchmark/build/GABenchmark_Products_EuclideanModel_D3_LEFTGRADE2_RIGHTGRADE1_GluCatFramedMulti",
    "num_cpus": 8,
    "mhz_per_cpu": 1992,
    "cpu_scaling_enabled": false,
    "caches": [
    ],
    "load_avg": [0.52,0.58,0.59],
    "library_build_type": "release"
  },
  "benchmarks": [
    {
      "name": "BM_Product_GeometricProduct/Model=0x02/D=3/LeftGrade=2/RightGrade=1/Library=GluCatFramedMulti",
      "run_name": "BM_Product_GeometricProduct/Model=0x02/D=3/LeftGrade=2/RightGrade=1/Library=GluCatFramedMulti",
      "run_type": "iteration",
      "iterations": 235789,
      "real_time": 2.3910399100295220e-03,
      "cpu_time": 2.3193405968895925e-03,
      "time_unit": "ms"
    },
    {
      "name": "BM_Product_HestenesInnerProduct/Model=0x02/D=3/LeftGrade=2/RightGrade=1/Library=GluCatFramedMulti",
      "run_name": "BM_Product_HestenesInnerProduct/Model=0x02/D=3/LeftGrade=2/RightGrade=1/Library=GluCatFramedMulti",
      "run_type": "iteration",
      "iterations": 373333,
      "real_time": 1.8698722042588146e-03,
      "cpu_time": 2.0089303651163975e-03,
      "time_unit": "ms"
    },
    {
      "name": "BM_Product_LeftContraction/Model=0x02/D=3/LeftGrade=2/RightGrade=1/Library=GluCatFramedMulti",
      "run_name": "BM_Product_LeftContraction/Model=0x02/D=3/LeftGrade=2/RightGrade=1/Library=GluCatFramedMulti",
      "run_type": "iteration",
      "iterations": 373333,
      "real_time": 1.6457312975528061e-03,
      "cpu_time": 1.5485504897772230e-03,
      "time_unit": "ms"
    },
    {
      "name": "BM_Product_OuterProduct/Model=0x02/D=3/LeftGrade=2/RightGrade=1/Library=GluCatFramedMulti",
      "run_name": "BM_Product_OuterProduct/Model=0x02/D=3/LeftGrade=2/RightGrade=1/Library=GluCatFramedMulti",
      "run_type": "iteration",
      "iterations": 497778,
      "real_time": 1.7359742794773403e-03,
      "cpu_time": 1.9775381796704556e-03,
      "time_unit": "ms"
    }
  ]
}
