{
  "context": {
    "date": "2019-03-23 01:35:11",
    "executable": "/mnt/c/Users/laffe/Repositories/GitHub/ga-developers/ga-benchmark/build/GABenchmark_Products_EuclideanModel_D4_LEFTGRADE0_RIGHTGRADE1_GATL",
    "num_cpus": 8,
    "mhz_per_cpu": 1992,
    "cpu_scaling_enabled": false,
    "caches": [
    ],
    "load_avg": [0.52,0.58,0.59],
    "library_build_type": "release"
  },
  "benchmarks": [
    {
      "name": "BM_Product_DotProduct/Model=0x02/D=4/LeftGrade=0/RightGrade=1/Library=GATL",
      "run_name": "BM_Product_DotProduct/Model=0x02/D=4/LeftGrade=0/RightGrade=1/Library=GATL",
      "run_type": "iteration",
      "iterations": 407273,
      "real_time": 1.5478551246835238e-03,
      "cpu_time": 1.7647867646517195e-03,
      "time_unit": "ms"
    },
    {
      "name": "BM_Product_GeometricProduct/Model=0x02/D=4/LeftGrade=0/RightGrade=1/Library=GATL",
      "run_name": "BM_Product_GeometricProduct/Model=0x02/D=4/LeftGrade=0/RightGrade=1/Library=GATL",
      "run_type": "iteration",
      "iterations": 640000,
      "real_time": 1.5570151558677026e-03,
      "cpu_time": 1.5136718750000000e-03,
      "time_unit": "ms"
    },
    {
      "name": "BM_Product_HestenesInnerProduct/Model=0x02/D=4/LeftGrade=0/RightGrade=1/Library=GATL",
      "run_name": "BM_Product_HestenesInnerProduct/Model=0x02/D=4/LeftGrade=0/RightGrade=1/Library=GATL",
      "run_type": "iteration",
      "iterations": 373333,
      "real_time": 1.5402672792380724e-03,
      "cpu_time": 1.7159613535369228e-03,
      "time_unit": "ms"
    },
    {
      "name": "BM_Product_LeftContraction/Model=0x02/D=4/LeftGrade=0/RightGrade=1/Library=GATL",
      "run_name": "BM_Product_LeftContraction/Model=0x02/D=4/LeftGrade=0/RightGrade=1/Library=GATL",
      "run_type": "iteration",
      "iterations": 407273,
      "real_time": 1.5534002917431877e-03,
      "cpu_time": 1.6113270459863530e-03,
      "time_unit": "ms"
    },
    {
      "name": "BM_Product_OuterProduct/Model=0x02/D=4/LeftGrade=0/RightGrade=1/Library=GATL",
      "run_name": "BM_Product_OuterProduct/Model=0x02/D=4/LeftGrade=0/RightGrade=1/Library=GATL",
      "run_type": "iteration",
      "iterations": 497778,
      "real_time": 1.5576917769862132e-03,
      "cpu_time": 1.4439167661085865e-03,
      "time_unit": "ms"
    },
    {
      "name": "BM_Product_RegressiveProduct/Model=0x02/D=4/LeftGrade=0/RightGrade=1/Library=GATL",
      "run_name": "BM_Product_RegressiveProduct/Model=0x02/D=4/LeftGrade=0/RightGrade=1/Library=GATL",
      "run_type": "iteration",
      "iterations": 448000,
      "real_time": 1.5414959743793588e-03,
      "cpu_time": 1.7438616071428572e-03,
      "time_unit": "ms"
    },
    {
      "name": "BM_Product_RightContraction/Model=0x02/D=4/LeftGrade=0/RightGrade=1/Library=GATL",
      "run_name": "BM_Product_RightContraction/Model=0x02/D=4/LeftGrade=0/RightGrade=1/Library=GATL",
      "run_type": "iteration",
      "iterations": 497778,
      "real_time": 1.5434181410527797e-03,
      "cpu_time": 1.3497482813623744e-03,
      "time_unit": "ms"
    },
    {
      "name": "BM_Product_ScalarProduct/Model=0x02/D=4/LeftGrade=0/RightGrade=1/Library=GATL",
      "run_name": "BM_Product_ScalarProduct/Model=0x02/D=4/LeftGrade=0/RightGrade=1/Library=GATL",
      "run_type": "iteration",
      "iterations": 344615,
      "real_time": 1.5431223306118730e-03,
      "cpu_time": 1.7682776431670124e-03,
      "time_unit": "ms"
    }
  ]
}
