{
  "context": {
    "date": "2019-03-23 04:55:26",
    "executable": "/mnt/c/Users/laffe/Repositories/GitHub/ga-developers/ga-benchmark/build/GABenchmark_Products_EuclideanModel_D2_LEFTGRADE2_RIGHTGRADE2_GluCatMatrixMulti",
    "num_cpus": 8,
    "mhz_per_cpu": 1992,
    "cpu_scaling_enabled": false,
    "caches": [
    ],
    "load_avg": [0.52,0.58,0.59],
    "library_build_type": "release"
  },
  "benchmarks": [
    {
      "name": "BM_Product_GeometricProduct/Model=0x02/D=2/LeftGrade=2/RightGrade=2/Library=GluCatMatrixMulti",
      "run_name": "BM_Product_GeometricProduct/Model=0x02/D=2/LeftGrade=2/RightGrade=2/Library=GluCatMatrixMulti",
      "run_type": "iteration",
      "iterations": 280000,
      "real_time": 2.0939121315937622e-03,
      "cpu_time": 2.0647321428571429e-03,
      "time_unit": "ms"
    },
    {
      "name": "BM_Product_HestenesInnerProduct/Model=0x02/D=2/LeftGrade=2/RightGrade=2/Library=GluCatMatrixMulti",
      "run_name": "BM_Product_HestenesInnerProduct/Model=0x02/D=2/LeftGrade=2/RightGrade=2/Library=GluCatMatrixMulti",
      "run_type": "iteration",
      "iterations": 215810,
      "real_time": 3.9211542486893656e-03,
      "cpu_time": 3.6924841295584081e-03,
      "time_unit": "ms"
    },
    {
      "name": "BM_Product_LeftContraction/Model=0x02/D=2/LeftGrade=2/RightGrade=2/Library=GluCatMatrixMulti",
      "run_name": "BM_Product_LeftContraction/Model=0x02/D=2/LeftGrade=2/RightGrade=2/Library=GluCatMatrixMulti",
      "run_type": "iteration",
      "iterations": 203636,
      "real_time": 3.8971513354668667e-03,
      "cpu_time": 3.5295821956824922e-03,
      "time_unit": "ms"
    },
    {
      "name": "BM_Product_OuterProduct/Model=0x02/D=2/LeftGrade=2/RightGrade=2/Library=GluCatMatrixMulti",
      "run_name": "BM_Product_OuterProduct/Model=0x02/D=2/LeftGrade=2/RightGrade=2/Library=GluCatMatrixMulti",
      "run_type": "iteration",
      "iterations": 235789,
      "real_time": 3.5055766338977765e-03,
      "cpu_time": 2.9157424646612013e-03,
      "time_unit": "ms"
    }
  ]
}
