{
  "context": {
    "date": "2019-03-23 04:05:56",
    "executable": "/mnt/c/Users/laffe/Repositories/GitHub/ga-developers/ga-benchmark/build/GABenchmark_Products_EuclideanModel_D3_LEFTGRADE2_RIGHTGRADE0_GluCatFramedMulti",
    "num_cpus": 8,
    "mhz_per_cpu": 1992,
    "cpu_scaling_enabled": false,
    "caches": [
    ],
    "load_avg": [0.52,0.58,0.59],
    "library_build_type": "release"
  },
  "benchmarks": [
    {
      "name": "BM_Product_GeometricProduct/Model=0x02/D=3/LeftGrade=2/RightGrade=0/Library=GluCatFramedMulti",
      "run_name": "BM_Product_GeometricProduct/Model=0x02/D=3/LeftGrade=2/RightGrade=0/Library=GluCatFramedMulti",
      "run_type": "iteration",
      "iterations": 407273,
      "real_time": 1.8242230635127428e-03,
      "cpu_time": 1.8415166239844033e-03,
      "time_unit": "ms"
    },
    {
      "name": "BM_Product_HestenesInnerProduct/Model=0x02/D=3/LeftGrade=2/RightGrade=0/Library=GluCatFramedMulti",
      "run_name": "BM_Product_HestenesInnerProduct/Model=0x02/D=3/LeftGrade=2/RightGrade=0/Library=GluCatFramedMulti",
      "run_type": "iteration",
      "iterations": 407273,
      "real_time": 1.6214499766790860e-03,
      "cpu_time": 1.6113270459863530e-03,
      "time_unit": "ms"
    },
    {
      "name": "BM_Product_LeftContraction/Model=0x02/D=3/LeftGrade=2/RightGrade=0/Library=GluCatFramedMulti",
      "run_name": "BM_Product_LeftContraction/Model=0x02/D=3/LeftGrade=2/RightGrade=0/Library=GluCatFramedMulti",
      "run_type": "iteration",
      "iterations": 497778,
      "real_time": 1.6191316057829895e-03,
      "cpu_time": 1.4439167661085865e-03,
      "time_unit": "ms"
    },
    {
      "name": "BM_Product_OuterProduct/Model=0x02/D=3/LeftGrade=2/RightGrade=0/Library=GluCatFramedMulti",
      "run_name": "BM_Product_OuterProduct/Model=0x02/D=3/LeftGrade=2/RightGrade=0/Library=GluCatFramedMulti",
      "run_type": "iteration",
      "iterations": 320000,
      "real_time": 1.7804121560402563e-03,
      "cpu_time": 1.7089843750000000e-03,
      "time_unit": "ms"
    }
  ]
}
