{
  "context": {
    "date": "2019-03-23 02:37:29",
    "executable": "/mnt/c/Users/laffe/Repositories/GitHub/ga-developers/ga-benchmark/build/GABenchmark_Products_EuclideanModel_D4_LEFTGRADE0_RIGHTGRADE3_Gaalop",
    "num_cpus": 8,
    "mhz_per_cpu": 1992,
    "cpu_scaling_enabled": false,
    "caches": [
    ],
    "load_avg": [0.52,0.58,0.59],
    "library_build_type": "release"
  },
  "benchmarks": [
    {
      "name": "BM_Product_GeometricProduct/Model=0x02/D=4/LeftGrade=0/RightGrade=3/Library=Gaalop",
      "run_name": "BM_Product_GeometricProduct/Model=0x02/D=4/LeftGrade=0/RightGrade=3/Library=Gaalop",
      "run_type": "iteration",
      "iterations": 497778,
      "real_time": 1.5607250498097349e-03,
      "cpu_time": 1.6636432305164152e-03,
      "time_unit": "ms"
    },
    {
      "name": "BM_Product_HestenesInnerProduct/Model=0x02/D=4/LeftGrade=0/RightGrade=3/Library=Gaalop",
      "run_name": "BM_Product_HestenesInnerProduct/Model=0x02/D=4/LeftGrade=0/RightGrade=3/Library=Gaalop",
      "run_type": "iteration",
      "iterations": 407273,
      "real_time": 1.5451235311819357e-03,
      "cpu_time": 1.6113270459863530e-03,
      "time_unit": "ms"
    },
    {
      "name": "BM_Product_OuterProduct/Model=0x02/D=4/LeftGrade=0/RightGrade=3/Library=Gaalop",
      "run_name": "BM_Product_OuterProduct/Model=0x02/D=4/LeftGrade=0/RightGrade=3/Library=Gaalop",
      "run_type": "iteration",
      "iterations": 373333,
      "real_time": 1.5501871144292941e-03,
      "cpu_time": 1.3392869100775982e-03,
      "time_unit": "ms"
    }
  ]
}
