{
  "context": {
    "date": "2019-03-23 02:31:25",
    "executable": "/mnt/c/Users/laffe/Repositories/GitHub/ga-developers/ga-benchmark/build/GABenchmark_Products_ConformalModel_D3_LEFTGRADE0_RIGHTGRADE4_Gaalop",
    "num_cpus": 8,
    "mhz_per_cpu": 1992,
    "cpu_scaling_enabled": false,
    "caches": [
    ],
    "load_avg": [0.52,0.58,0.59],
    "library_build_type": "release"
  },
  "benchmarks": [
    {
      "name": "BM_Product_GeometricProduct/Model=0x01/D=3/LeftGrade=0/RightGrade=4/Library=Gaalop",
      "run_name": "BM_Product_GeometricProduct/Model=0x01/D=3/LeftGrade=0/RightGrade=4/Library=Gaalop",
      "run_type": "iteration",
      "iterations": 497778,
      "real_time": 1.5535210449787928e-03,
      "cpu_time": 1.1614113118699502e-03,
      "time_unit": "ms"
    },
    {
      "name": "BM_Product_HestenesInnerProduct/Model=0x01/D=3/LeftGrade=0/RightGrade=4/Library=Gaalop",
      "run_name": "BM_Product_HestenesInnerProduct/Model=0x01/D=3/LeftGrade=0/RightGrade=4/Library=Gaalop",
      "run_type": "iteration",
      "iterations": 746667,
      "real_time": 1.5617158618085676e-03,
      "cpu_time": 1.6531800655446135e-03,
      "time_unit": "ms"
    },
    {
      "name": "BM_Product_OuterProduct/Model=0x01/D=3/LeftGrade=0/RightGrade=4/Library=Gaalop",
      "run_name": "BM_Product_OuterProduct/Model=0x01/D=3/LeftGrade=0/RightGrade=4/Library=Gaalop",
      "run_type": "iteration",
      "iterations": 597333,
      "real_time": 1.5714040611756058e-03,
      "cpu_time": 1.6479501383650326e-03,
      "time_unit": "ms"
    }
  ]
}
