{
  "context": {
    "date": "2019-03-23 05:05:34",
    "executable": "/mnt/c/Users/laffe/Repositories/GitHub/ga-developers/ga-benchmark/build/GABenchmark_Products_EuclideanModel_D4_LEFTGRADE1_RIGHTGRADE2_GluCatMatrixMulti",
    "num_cpus": 8,
    "mhz_per_cpu": 1992,
    "cpu_scaling_enabled": false,
    "caches": [
    ],
    "load_avg": [0.52,0.58,0.59],
    "library_build_type": "release"
  },
  "benchmarks": [
    {
      "name": "BM_Product_GeometricProduct/Model=0x02/D=4/LeftGrade=1/RightGrade=2/Library=GluCatMatrixMulti",
      "run_name": "BM_Product_GeometricProduct/Model=0x02/D=4/LeftGrade=1/RightGrade=2/Library=GluCatMatrixMulti",
      "run_type": "iteration",
      "iterations": 138417,
      "real_time": 4.4554390602429142e-03,
      "cpu_time": 5.1926425222335411e-03,
      "time_unit": "ms"
    },
    {
      "name": "BM_Product_HestenesInnerProduct/Model=0x02/D=4/LeftGrade=1/RightGrade=2/Library=GluCatMatrixMulti",
      "run_name": "BM_Product_HestenesInnerProduct/Model=0x02/D=4/LeftGrade=1/RightGrade=2/Library=GluCatMatrixMulti",
      "run_type": "iteration",
      "iterations": 10000,
      "real_time": 5.9963959991000591e-02,
      "cpu_time": 6.7187499999999997e-02,
      "time_unit": "ms"
    },
    {
      "name": "BM_Product_LeftContraction/Model=0x02/D=4/LeftGrade=1/RightGrade=2/Library=GluCatMatrixMulti",
      "run_name": "BM_Product_LeftContraction/Model=0x02/D=4/LeftGrade=1/RightGrade=2/Library=GluCatMatrixMulti",
      "run_type": "iteration",
      "iterations": 11200,
      "real_time": 5.8887018016581090e-02,
      "cpu_time": 5.9988839285714288e-02,
      "time_unit": "ms"
    },
    {
      "name": "BM_Product_OuterProduct/Model=0x02/D=4/LeftGrade=1/RightGrade=2/Library=GluCatMatrixMulti",
      "run_name": "BM_Product_OuterProduct/Model=0x02/D=4/LeftGrade=1/RightGrade=2/Library=GluCatMatrixMulti",
      "run_type": "iteration",
      "iterations": 10000,
      "real_time": 5.9500439814291893e-02,
      "cpu_time": 6.4062499999999994e-02,
      "time_unit": "ms"
    }
  ]
}
