{
  "context": {
    "date": "2019-03-23 03:01:26",
    "executable": "/mnt/c/Users/laffe/Repositories/GitHub/ga-developers/ga-benchmark/build/GABenchmark_Products_ConformalModel_D2_LEFTGRADE3_RIGHTGRADE2_Garamon",
    "num_cpus": 8,
    "mhz_per_cpu": 1992,
    "cpu_scaling_enabled": false,
    "caches": [
    ],
    "load_avg": [0.52,0.58,0.59],
    "library_build_type": "release"
  },
  "benchmarks": [
    {
      "name": "BM_Product_GeometricProduct/Model=0x01/D=2/LeftGrade=3/RightGrade=2/Library=Garamon",
      "run_name": "BM_Product_GeometricProduct/Model=0x01/D=2/LeftGrade=3/RightGrade=2/Library=Garamon",
      "run_type": "iteration",
      "iterations": 344615,
      "real_time": 1.8655319573420968e-03,
      "cpu_time": 1.7229371907781143e-03,
      "time_unit": "ms"
    },
    {
      "name": "BM_Product_HestenesInnerProduct/Model=0x01/D=2/LeftGrade=3/RightGrade=2/Library=Garamon",
      "run_name": "BM_Product_HestenesInnerProduct/Model=0x01/D=2/LeftGrade=3/RightGrade=2/Library=Garamon",
      "run_type": "iteration",
      "iterations": 280000,
      "real_time": 1.8145768088288605e-03,
      "cpu_time": 1.7857142857142857e-03,
      "time_unit": "ms"
    },
    {
      "name": "BM_Product_LeftContraction/Model=0x01/D=2/LeftGrade=3/RightGrade=2/Library=Garamon",
      "run_name": "BM_Product_LeftContraction/Model=0x01/D=2/LeftGrade=3/RightGrade=2/Library=Garamon",
      "run_type": "iteration",
      "iterations": 623304,
      "real_time": 1.7265819061898936e-03,
      "cpu_time": 1.7046256722241474e-03,
      "time_unit": "ms"
    },
    {
      "name": "BM_Product_OuterProduct/Model=0x01/D=2/LeftGrade=3/RightGrade=2/Library=Garamon",
      "run_name": "BM_Product_OuterProduct/Model=0x01/D=2/LeftGrade=3/RightGrade=2/Library=Garamon",
      "run_type": "iteration",
      "iterations": 407273,
      "real_time": 1.7039823280021085e-03,
      "cpu_time": 1.4578673273209861e-03,
      "time_unit": "ms"
    },
    {
      "name": "BM_Product_RightContraction/Model=0x01/D=2/LeftGrade=3/RightGrade=2/Library=Garamon",
      "run_name": "BM_Product_RightContraction/Model=0x01/D=2/LeftGrade=3/RightGrade=2/Library=Garamon",
      "run_type": "iteration",
      "iterations": 746667,
      "real_time": 1.8274470317061853e-03,
      "cpu_time": 1.7787380452062298e-03,
      "time_unit": "ms"
    },
    {
      "name": "BM_Product_ScalarProduct/Model=0x01/D=2/LeftGrade=3/RightGrade=2/Library=Garamon",
      "run_name": "BM_Product_ScalarProduct/Model=0x01/D=2/LeftGrade=3/RightGrade=2/Library=Garamon",
      "run_type": "iteration",
      "iterations": 373333,
      "real_time": 1.7286623543931383e-03,
      "cpu_time": 1.7578140694768478e-03,
      "time_unit": "ms"
    }
  ]
}
