{
  "context": {
    "date": "2019-03-23 01:34:08",
    "executable": "/mnt/c/Users/laffe/Repositories/GitHub/ga-developers/ga-benchmark/build/GABenchmark_Products_EuclideanModel_D3_LEFTGRADE3_RIGHTGRADE1_GATL",
    "num_cpus": 8,
    "mhz_per_cpu": 1992,
    "cpu_scaling_enabled": false,
    "caches": [
    ],
    "load_avg": [0.52,0.58,0.59],
    "library_build_type": "release"
  },
  "benchmarks": [
    {
      "name": "BM_Product_DotProduct/Model=0x02/D=3/LeftGrade=3/RightGrade=1/Library=GATL",
      "run_name": "BM_Product_DotProduct/Model=0x02/D=3/LeftGrade=3/RightGrade=1/Library=GATL",
      "run_type": "iteration",
      "iterations": 407273,
      "real_time": 1.5461673036061771e-03,
      "cpu_time": 1.3427725383219609e-03,
      "time_unit": "ms"
    },
    {
      "name": "BM_Product_GeometricProduct/Model=0x02/D=3/LeftGrade=3/RightGrade=1/Library=GATL",
      "run_name": "BM_Product_GeometricProduct/Model=0x02/D=3/LeftGrade=3/RightGrade=1/Library=GATL",
      "run_type": "iteration",
      "iterations": 448000,
      "real_time": 1.5434334916010681e-03,
      "cpu_time": 1.7787388392857143e-03,
      "time_unit": "ms"
    },
    {
      "name": "BM_Product_HestenesInnerProduct/Model=0x02/D=3/LeftGrade=3/RightGrade=1/Library=GATL",
      "run_name": "BM_Product_HestenesInnerProduct/Model=0x02/D=3/LeftGrade=3/RightGrade=1/Library=GATL",
      "run_type": "iteration",
      "iterations": 462452,
      "real_time": 1.5435907145199890e-03,
      "cpu_time": 1.3514916142648317e-03,
      "time_unit": "ms"
    },
    {
      "name": "BM_Product_LeftContraction/Model=0x02/D=3/LeftGrade=3/RightGrade=1/Library=GATL",
      "run_name": "BM_Product_LeftContraction/Model=0x02/D=3/LeftGrade=3/RightGrade=1/Library=GATL",
      "run_type": "iteration",
      "iterations": 497778,
      "real_time": 1.5362460918626080e-03,
      "cpu_time": 1.5066957559393946e-03,
      "time_unit": "ms"
    },
    {
      "name": "BM_Product_OuterProduct/Model=0x02/D=3/LeftGrade=3/RightGrade=1/Library=GATL",
      "run_name": "BM_Product_OuterProduct/Model=0x02/D=3/LeftGrade=3/RightGrade=1/Library=GATL",
      "run_type": "iteration",
      "iterations": 448000,
      "real_time": 1.5524502262321352e-03,
      "cpu_time": 1.7787388392857143e-03,
      "time_unit": "ms"
    },
    {
      "name": "BM_Product_RegressiveProduct/Model=0x02/D=3/LeftGrade=3/RightGrade=1/Library=GATL",
      "run_name": "BM_Product_RegressiveProduct/Model=0x02/D=3/LeftGrade=3/RightGrade=1/Library=GATL",
      "run_type": "iteration",
      "iterations": 407273,
      "real_time": 1.5407586534937851e-03,
      "cpu_time": 1.6496919756526949e-03,
      "time_unit": "ms"
    },
    {
      "name": "BM_Product_RightContraction/Model=0x02/D=3/LeftGrade=3/RightGrade=1/Library=GATL",
      "run_name": "BM_Product_RightContraction/Model=0x02/D=3/LeftGrade=3/RightGrade=1/Library=GATL",
      "run_type": "iteration",
      "iterations": 373333,
      "real_time": 1.5370443931180802e-03,
      "cpu_time": 1.9252249332365476e-03,
      "time_unit": "ms"
    },
    {
      "name": "BM_Product_ScalarProduct/Model=0x02/D=3/LeftGrade=3/RightGrade=1/Library=GATL",
      "run_name": "BM_Product_ScalarProduct/Model=0x02/D=3/LeftGrade=3/RightGrade=1/Library=GATL",
      "run_type": "iteration",
      "iterations": 448000,
      "real_time": 1.5669689656923375e-03,
      "cpu_time": 1.4648437500000000e-03,
      "time_unit": "ms"
    }
  ]
}
