{
  "context": {
    "date": "2019-03-23 07:03:44",
    "executable": "/mnt/c/Users/laffe/Repositories/GitHub/ga-developers/ga-benchmark/build/GABenchmark_Products_ConformalModel_D2_LEFTGRADE3_RIGHTGRADE3_Versor",
    "num_cpus": 8,
    "mhz_per_cpu": 1992,
    "cpu_scaling_enabled": false,
    "caches": [
    ],
    "load_avg": [0.52,0.58,0.59],
    "library_build_type": "release"
  },
  "benchmarks": [
    {
      "name": "BM_Product_GeometricProduct/Model=0x01/D=2/LeftGrade=3/RightGrade=3/Library=Versor",
      "run_name": "BM_Product_GeometricProduct/Model=0x01/D=2/LeftGrade=3/RightGrade=3/Library=Versor",
      "run_type": "iteration",
      "iterations": 560000,
      "real_time": 1.5663289366265028e-03,
      "cpu_time": 1.6741071428571428e-03,
      "time_unit": "ms"
    },
    {
      "name": "BM_Product_LeftContraction/Model=0x01/D=2/LeftGrade=3/RightGrade=3/Library=Versor",
      "run_name": "BM_Product_LeftContraction/Model=0x01/D=2/LeftGrade=3/RightGrade=3/Library=Versor",
      "run_type": "iteration",
      "iterations": 320000,
      "real_time": 1.5353903156210436e-03,
      "cpu_time": 1.5625000000000001e-03,
      "time_unit": "ms"
    },
    {
      "name": "BM_Product_OuterProduct/Model=0x01/D=2/LeftGrade=3/RightGrade=3/Library=Versor",
      "run_name": "BM_Product_OuterProduct/Model=0x01/D=2/LeftGrade=3/RightGrade=3/Library=Versor",
      "run_type": "iteration",
      "iterations": 497778,
      "real_time": 1.5338333692448258e-03,
      "cpu_time": 1.6636432305164150e-03,
      "time_unit": "ms"
    }
  ]
}
