{
  "context": {
    "date": "2019-03-23 05:04:12",
    "executable": "/mnt/c/Users/laffe/Repositories/GitHub/ga-developers/ga-benchmark/build/GABenchmark_Products_EuclideanModel_D4_LEFTGRADE0_RIGHTGRADE3_GluCatMatrixMulti",
    "num_cpus": 8,
    "mhz_per_cpu": 1992,
    "cpu_scaling_enabled": false,
    "caches": [
    ],
    "load_avg": [0.52,0.58,0.59],
    "library_build_type": "release"
  },
  "benchmarks": [
    {
      "name": "BM_Product_GeometricProduct/Model=0x02/D=4/LeftGrade=0/RightGrade=3/Library=GluCatMatrixMulti",
      "run_name": "BM_Product_GeometricProduct/Model=0x02/D=4/LeftGrade=0/RightGrade=3/Library=GluCatMatrixMulti",
      "run_type": "iteration",
      "iterations": 26353,
      "real_time": 2.3338105653679494e-02,
      "cpu_time": 2.0751906803779457e-02,
      "time_unit": "ms"
    },
    {
      "name": "BM_Product_HestenesInnerProduct/Model=0x02/D=4/LeftGrade=0/RightGrade=3/Library=GluCatMatrixMulti",
      "run_name": "BM_Product_HestenesInnerProduct/Model=0x02/D=4/LeftGrade=0/RightGrade=3/Library=GluCatMatrixMulti",
      "run_type": "iteration",
      "iterations": 29867,
      "real_time": 2.0434141272046780e-02,
      "cpu_time": 2.0926105735427060e-02,
      "time_unit": "ms"
    },
    {
      "name": "BM_Product_LeftContraction/Model=0x02/D=4/LeftGrade=0/RightGrade=3/Library=GluCatMatrixMulti",
      "run_name": "BM_Product_LeftContraction/Model=0x02/D=4/LeftGrade=0/RightGrade=3/Library=GluCatMatrixMulti",
      "run_type": "iteration",
      "iterations": 24889,
      "real_time": 2.6413902374929438e-02,
      "cpu_time": 2.3855920286070153e-02,
      "time_unit": "ms"
    },
    {
      "name": "BM_Product_OuterProduct/Model=0x02/D=4/LeftGrade=0/RightGrade=3/Library=GluCatMatrixMulti",
      "run_name": "BM_Product_OuterProduct/Model=0x02/D=4/LeftGrade=0/RightGrade=3/Library=GluCatMatrixMulti",
      "run_type": "iteration",
      "iterations": 28000,
      "real_time": 2.7541853959389431e-02,
      "cpu_time": 2.8459821428571428e-02,
      "time_unit": "ms"
    }
  ]
}
