{
  "context": {
    "date": "2019-03-23 04:58:33",
    "executable": "/mnt/c/Users/laffe/Repositories/GitHub/ga-developers/ga-benchmark/build/GABenchmark_Products_EuclideanModel_D3_LEFTGRADE1_RIGHTGRADE3_GluCatMatrixMulti",
    "num_cpus": 8,
    "mhz_per_cpu": 1992,
    "cpu_scaling_enabled": false,
    "caches": [
    ],
    "load_avg": [0.52,0.58,0.59],
    "library_build_type": "release"
  },
  "benchmarks": [
    {
      "name": "BM_Product_GeometricProduct/Model=0x02/D=3/LeftGrade=1/RightGrade=3/Library=GluCatMatrixMulti",
      "run_name": "BM_Product_GeometricProduct/Model=0x02/D=3/LeftGrade=1/RightGrade=3/Library=GluCatMatrixMulti",
      "run_type": "iteration",
      "iterations": 248889,
      "real_time": 2.6416394340615518e-03,
      "cpu_time": 2.0089276745858596e-03,
      "time_unit": "ms"
    },
    {
      "name": "BM_Product_HestenesInnerProduct/Model=0x02/D=3/LeftGrade=1/RightGrade=3/Library=GluCatMatrixMulti",
      "run_name": "BM_Product_HestenesInnerProduct/Model=0x02/D=3/LeftGrade=1/RightGrade=3/Library=GluCatMatrixMulti",
      "run_type": "iteration",
      "iterations": 67577,
      "real_time": 9.1829054921128746e-03,
      "cpu_time": 1.1098450656288382e-02,
      "time_unit": "ms"
    },
    {
      "name": "BM_Product_LeftContraction/Model=0x02/D=3/LeftGrade=1/RightGrade=3/Library=GluCatMatrixMulti",
      "run_name": "BM_Product_LeftContraction/Model=0x02/D=3/LeftGrade=1/RightGrade=3/Library=GluCatMatrixMulti",
      "run_type": "iteration",
      "iterations": 89600,
      "real_time": 9.2077968383819098e-03,
      "cpu_time": 8.0217633928571421e-03,
      "time_unit": "ms"
    },
    {
      "name": "BM_Product_OuterProduct/Model=0x02/D=3/LeftGrade=1/RightGrade=3/Library=GluCatMatrixMulti",
      "run_name": "BM_Product_OuterProduct/Model=0x02/D=3/LeftGrade=1/RightGrade=3/Library=GluCatMatrixMulti",
      "run_type": "iteration",
      "iterations": 100000,
      "real_time": 6.3626890146406372e-03,
      "cpu_time": 7.0312500000000002e-03,
      "time_unit": "ms"
    }
  ]
}
