{
  "context": {
    "date": "2019-03-23 01:20:14",
    "executable": "/mnt/c/Users/laffe/Repositories/GitHub/ga-developers/ga-benchmark/build/GABenchmark_Products_ConformalModel_D3_LEFTGRADE1_RIGHTGRADE1_GATL",
    "num_cpus": 8,
    "mhz_per_cpu": 1992,
    "cpu_scaling_enabled": false,
    "caches": [
    ],
    "load_avg": [0.52,0.58,0.59],
    "library_build_type": "release"
  },
  "benchmarks": [
    {
      "name": "BM_Product_DotProduct/Model=0x01/D=3/LeftGrade=1/RightGrade=1/Library=GATL",
      "run_name": "BM_Product_DotProduct/Model=0x01/D=3/LeftGrade=1/RightGrade=1/Library=GATL",
      "run_type": "iteration",
      "iterations": 448000,
      "real_time": 1.5397589482485533e-03,
      "cpu_time": 1.4299665178571428e-03,
      "time_unit": "ms"
    },
    {
      "name": "BM_Product_GeometricProduct/Model=0x01/D=3/LeftGrade=1/RightGrade=1/Library=GATL",
      "run_name": "BM_Product_GeometricProduct/Model=0x01/D=3/LeftGrade=1/RightGrade=1/Library=GATL",
      "run_type": "iteration",
      "iterations": 497778,
      "real_time": 1.5440218275971863e-03,
      "cpu_time": 1.7264222203472231e-03,
      "time_unit": "ms"
    },
    {
      "name": "BM_Product_HestenesInnerProduct/Model=0x01/D=3/LeftGrade=1/RightGrade=1/Library=GATL",
      "run_name": "BM_Product_HestenesInnerProduct/Model=0x01/D=3/LeftGrade=1/RightGrade=1/Library=GATL",
      "run_type": "iteration",
      "iterations": 560000,
      "real_time": 1.5522734006351258e-03,
      "cpu_time": 1.8136160714285715e-03,
      "time_unit": "ms"
    },
    {
      "name": "BM_Product_LeftContraction/Model=0x01/D=3/LeftGrade=1/RightGrade=1/Library=GATL",
      "run_name": "BM_Product_LeftContraction/Model=0x01/D=3/LeftGrade=1/RightGrade=1/Library=GATL",
      "run_type": "iteration",
      "iterations": 448000,
      "real_time": 1.5384803507134035e-03,
      "cpu_time": 1.5345982142857143e-03,
      "time_unit": "ms"
    },
    {
      "name": "BM_Product_OuterProduct/Model=0x01/D=3/LeftGrade=1/RightGrade=1/Library=GATL",
      "run_name": "BM_Product_OuterProduct/Model=0x01/D=3/LeftGrade=1/RightGrade=1/Library=GATL",
      "run_type": "iteration",
      "iterations": 497778,
      "real_time": 1.5524070815406028e-03,
      "cpu_time": 1.4753062610239906e-03,
      "time_unit": "ms"
    },
    {
      "name": "BM_Product_RegressiveProduct/Model=0x01/D=3/LeftGrade=1/RightGrade=1/Library=GATL",
      "run_name": "BM_Product_RegressiveProduct/Model=0x01/D=3/LeftGrade=1/RightGrade=1/Library=GATL",
      "run_type": "iteration",
      "iterations": 560000,
      "real_time": 1.5406648160673545e-03,
      "cpu_time": 1.5904017857142857e-03,
      "time_unit": "ms"
    },
    {
      "name": "BM_Product_RightContraction/Model=0x01/D=3/LeftGrade=1/RightGrade=1/Library=GATL",
      "run_name": "BM_Product_RightContraction/Model=0x01/D=3/LeftGrade=1/RightGrade=1/Library=GATL",
      "run_type": "iteration",
      "iterations": 407273,
      "real_time": 1.5428403047295976e-03,
      "cpu_time": 1.7647867646517202e-03,
      "time_unit": "ms"
    },
    {
      "name": "BM_Product_ScalarProduct/Model=0x01/D=3/LeftGrade=1/RightGrade=1/Library=GATL",
      "run_name": "BM_Product_ScalarProduct/Model=0x01/D=3/LeftGrade=1/RightGrade=1/Library=GATL",
      "run_type": "iteration",
      "iterations": 896000,
      "real_time": 1.5513132825617504e-03,
      "cpu_time": 1.6217912946428572e-03,
      "time_unit": "ms"
    }
  ]
}
