{
  "context": {
    "date": "2019-03-23 07:11:32",
    "executable": "/mnt/c/Users/laffe/Repositories/GitHub/ga-developers/ga-benchmark/build/GABenchmark_Products_EuclideanModel_D4_LEFTGRADE1_RIGHTGRADE4_Versor",
    "num_cpus": 8,
    "mhz_per_cpu": 1992,
    "cpu_scaling_enabled": false,
    "caches": [
    ],
    "load_avg": [0.52,0.58,0.59],
    "library_build_type": "release"
  },
  "benchmarks": [
    {
      "name": "BM_Product_GeometricProduct/Model=0x02/D=4/LeftGrade=1/RightGrade=4/Library=Versor",
      "run_name": "BM_Product_GeometricProduct/Model=0x02/D=4/LeftGrade=1/RightGrade=4/Library=Versor",
      "run_type": "iteration",
      "iterations": 407273,
      "real_time": 1.5366110488382295e-03,
      "cpu_time": 1.8031516943180618e-03,
      "time_unit": "ms"
    },
    {
      "name": "BM_Product_LeftContraction/Model=0x02/D=4/LeftGrade=1/RightGrade=4/Library=Versor",
      "run_name": "BM_Product_LeftContraction/Model=0x02/D=4/LeftGrade=1/RightGrade=4/Library=Versor",
      "run_type": "iteration",
      "iterations": 407273,
      "real_time": 1.5470546855588204e-03,
      "cpu_time": 1.5345971866536697e-03,
      "time_unit": "ms"
    },
    {
      "name": "BM_Product_OuterProduct/Model=0x02/D=4/LeftGrade=1/RightGrade=4/Library=Versor",
      "run_name": "BM_Product_OuterProduct/Model=0x02/D=4/LeftGrade=1/RightGrade=4/Library=Versor",
      "run_type": "iteration",
      "iterations": 448000,
      "real_time": 1.5521917212026892e-03,
      "cpu_time": 1.4299665178571428e-03,
      "time_unit": "ms"
    }
  ]
}
