{
  "context": {
    "date": "2019-03-23 04:53:26",
    "executable": "/mnt/c/Users/laffe/Repositories/GitHub/ga-developers/ga-benchmark/build/GABenchmark_Products_EuclideanModel_D2_LEFTGRADE1_RIGHTGRADE1_GluCatMatrixMulti",
    "num_cpus": 8,
    "mhz_per_cpu": 1992,
    "cpu_scaling_enabled": false,
    "caches": [
    ],
    "load_avg": [0.52,0.58,0.59],
    "library_build_type": "release"
  },
  "benchmarks": [
    {
      "name": "BM_Product_GeometricProduct/Model=0x02/D=2/LeftGrade=1/RightGrade=1/Library=GluCatMatrixMulti",
      "run_name": "BM_Product_GeometricProduct/Model=0x02/D=2/LeftGrade=1/RightGrade=1/Library=GluCatMatrixMulti",
      "run_type": "iteration",
      "iterations": 248889,
      "real_time": 2.3207682115365118e-03,
      "cpu_time": 2.1972646440782838e-03,
      "time_unit": "ms"
    },
    {
      "name": "BM_Product_HestenesInnerProduct/Model=0x02/D=2/LeftGrade=1/RightGrade=1/Library=GluCatMatrixMulti",
      "run_name": "BM_Product_HestenesInnerProduct/Model=0x02/D=2/LeftGrade=1/RightGrade=1/Library=GluCatMatrixMulti",
      "run_type": "iteration",
      "iterations": 250043,
      "real_time": 4.1662797860118027e-03,
      "cpu_time": 3.4993981035261936e-03,
      "time_unit": "ms"
    },
    {
      "name": "BM_Product_LeftContraction/Model=0x02/D=2/LeftGrade=1/RightGrade=1/Library=GluCatMatrixMulti",
      "run_name": "BM_Product_LeftContraction/Model=0x02/D=2/LeftGrade=1/RightGrade=1/Library=GluCatMatrixMulti",
      "run_type": "iteration",
      "iterations": 174525,
      "real_time": 4.2397616289170745e-03,
      "cpu_time": 3.8497349949863915e-03,
      "time_unit": "ms"
    },
    {
      "name": "BM_Product_OuterProduct/Model=0x02/D=2/LeftGrade=1/RightGrade=1/Library=GluCatMatrixMulti",
      "run_name": "BM_Product_OuterProduct/Model=0x02/D=2/LeftGrade=1/RightGrade=1/Library=GluCatMatrixMulti",
      "run_type": "iteration",
      "iterations": 174525,
      "real_time": 4.3310287851846124e-03,
      "cpu_time": 4.7450222031227614e-03,
      "time_unit": "ms"
    }
  ]
}
