{
  "context": {
    "date": "2019-03-23 02:31:13",
    "executable": "/mnt/c/Users/laffe/Repositories/GitHub/ga-developers/ga-benchmark/build/GABenchmark_Products_ConformalModel_D3_LEFTGRADE0_RIGHTGRADE2_Gaalop",
    "num_cpus": 8,
    "mhz_per_cpu": 1992,
    "cpu_scaling_enabled": false,
    "caches": [
    ],
    "load_avg": [0.52,0.58,0.59],
    "library_build_type": "release"
  },
  "benchmarks": [
    {
      "name": "BM_Product_GeometricProduct/Model=0x01/D=3/LeftGrade=0/RightGrade=2/Library=Gaalop",
      "run_name": "BM_Product_GeometricProduct/Model=0x01/D=3/LeftGrade=0/RightGrade=2/Library=Gaalop",
      "run_type": "iteration",
      "iterations": 373333,
      "real_time": 1.5467405426170539e-03,
      "cpu_time": 1.8415195013566977e-03,
      "time_unit": "ms"
    },
    {
      "name": "BM_Product_HestenesInnerProduct/Model=0x01/D=3/LeftGrade=0/RightGrade=2/Library=Gaalop",
      "run_name": "BM_Product_HestenesInnerProduct/Model=0x01/D=3/LeftGrade=0/RightGrade=2/Library=Gaalop",
      "run_type": "iteration",
      "iterations": 640000,
      "real_time": 1.5456190479198994e-03,
      "cpu_time": 1.8066406250000001e-03,
      "time_unit": "ms"
    },
    {
      "name": "BM_Product_OuterProduct/Model=0x01/D=3/LeftGrade=0/RightGrade=2/Library=Gaalop",
      "run_name": "BM_Product_OuterProduct/Model=0x01/D=3/LeftGrade=0/RightGrade=2/Library=Gaalop",
      "run_type": "iteration",
      "iterations": 560000,
      "real_time": 1.5616089282307908e-03,
      "cpu_time": 1.4229910714285714e-03,
      "time_unit": "ms"
    }
  ]
}
