{
  "context": {
    "date": "2019-03-23 01:18:43",
    "executable": "/mnt/c/Users/laffe/Repositories/GitHub/ga-developers/ga-benchmark/build/GABenchmark_Products_ConformalModel_D3_LEFTGRADE0_RIGHTGRADE1_GATL",
    "num_cpus": 8,
    "mhz_per_cpu": 1992,
    "cpu_scaling_enabled": false,
    "caches": [
    ],
    "load_avg": [0.52,0.58,0.59],
    "library_build_type": "release"
  },
  "benchmarks": [
    {
      "name": "BM_Product_DotProduct/Model=0x01/D=3/LeftGrade=0/RightGrade=1/Library=GATL",
      "run_name": "BM_Product_DotProduct/Model=0x01/D=3/LeftGrade=0/RightGrade=1/Library=GATL",
      "run_type": "iteration",
      "iterations": 407273,
      "real_time": 1.5404099886430584e-03,
      "cpu_time": 1.6113270459863535e-03,
      "time_unit": "ms"
    },
    {
      "name": "BM_Product_GeometricProduct/Model=0x01/D=3/LeftGrade=0/RightGrade=1/Library=GATL",
      "run_name": "BM_Product_GeometricProduct/Model=0x01/D=3/LeftGrade=0/RightGrade=1/Library=GATL",
      "run_type": "iteration",
      "iterations": 640000,
      "real_time": 1.5488264026316755e-03,
      "cpu_time": 1.4892578124999999e-03,
      "time_unit": "ms"
    },
    {
      "name": "BM_Product_HestenesInnerProduct/Model=0x01/D=3/LeftGrade=0/RightGrade=1/Library=GATL",
      "run_name": "BM_Product_HestenesInnerProduct/Model=0x01/D=3/LeftGrade=0/RightGrade=1/Library=GATL",
      "run_type": "iteration",
      "iterations": 407273,
      "real_time": 1.5409617077945682e-03,
      "cpu_time": 1.5729621163200114e-03,
      "time_unit": "ms"
    },
    {
      "name": "BM_Product_LeftContraction/Model=0x01/D=3/LeftGrade=0/RightGrade=1/Library=GATL",
      "run_name": "BM_Product_LeftContraction/Model=0x01/D=3/LeftGrade=0/RightGrade=1/Library=GATL",
      "run_type": "iteration",
      "iterations": 448000,
      "real_time": 1.5389723232926502e-03,
      "cpu_time": 1.5345982142857143e-03,
      "time_unit": "ms"
    },
    {
      "name": "BM_Product_OuterProduct/Model=0x01/D=3/LeftGrade=0/RightGrade=1/Library=GATL",
      "run_name": "BM_Product_OuterProduct/Model=0x01/D=3/LeftGrade=0/RightGrade=1/Library=GATL",
      "run_type": "iteration",
      "iterations": 407273,
      "real_time": 1.5522831056314047e-03,
      "cpu_time": 1.3044076086556192e-03,
      "time_unit": "ms"
    },
    {
      "name": "BM_Product_RegressiveProduct/Model=0x01/D=3/LeftGrade=0/RightGrade=1/Library=GATL",
      "run_name": "BM_Product_RegressiveProduct/Model=0x01/D=3/LeftGrade=0/RightGrade=1/Library=GATL",
      "run_type": "iteration",
      "iterations": 407273,
      "real_time": 1.5354526250169755e-03,
      "cpu_time": 1.8031516943180618e-03,
      "time_unit": "ms"
    },
    {
      "name": "BM_Product_RightContraction/Model=0x01/D=3/LeftGrade=0/RightGrade=1/Library=GATL",
      "run_name": "BM_Product_RightContraction/Model=0x01/D=3/LeftGrade=0/RightGrade=1/Library=GATL",
      "run_type": "iteration",
      "iterations": 497778,
      "real_time": 1.5363234160541959e-03,
      "cpu_time": 1.8519802000088394e-03,
      "time_unit": "ms"
    },
    {
      "name": "BM_Product_ScalarProduct/Model=0x01/D=3/LeftGrade=0/RightGrade=1/Library=GATL",
      "run_name": "BM_Product_ScalarProduct/Model=0x01/D=3/LeftGrade=0/RightGrade=1/Library=GATL",
      "run_type": "iteration",
      "iterations": 407273,
      "real_time": 1.5512336927066990e-03,
      "cpu_time": 1.3811374679883028e-03,
      "time_unit": "ms"
    }
  ]
}
