{
  "context": {
    "date": "2019-03-23 01:18:10",
    "executable": "/mnt/c/Users/laffe/Repositories/GitHub/ga-developers/ga-benchmark/build/GABenchmark_Products_ConformalModel_D2_LEFTGRADE4_RIGHTGRADE4_GATL",
    "num_cpus": 8,
    "mhz_per_cpu": 1992,
    "cpu_scaling_enabled": false,
    "caches": [
    ],
    "load_avg": [0.52,0.58,0.59],
    "library_build_type": "release"
  },
  "benchmarks": [
    {
      "name": "BM_Product_DotProduct/Model=0x01/D=2/LeftGrade=4/RightGrade=4/Library=GATL",
      "run_name": "BM_Product_DotProduct/Model=0x01/D=2/LeftGrade=4/RightGrade=4/Library=GATL",
      "run_type": "iteration",
      "iterations": 497778,
      "real_time": 1.5413129948539108e-03,
      "cpu_time": 1.6008642406856071e-03,
      "time_unit": "ms"
    },
    {
      "name": "BM_Product_GeometricProduct/Model=0x01/D=2/LeftGrade=4/RightGrade=4/Library=GATL",
      "run_name": "BM_Product_GeometricProduct/Model=0x01/D=2/LeftGrade=4/RightGrade=4/Library=GATL",
      "run_type": "iteration",
      "iterations": 560000,
      "real_time": 1.5588344592418122e-03,
      "cpu_time": 1.5066964285714286e-03,
      "time_unit": "ms"
    },
    {
      "name": "BM_Product_HestenesInnerProduct/Model=0x01/D=2/LeftGrade=4/RightGrade=4/Library=GATL",
      "run_name": "BM_Product_HestenesInnerProduct/Model=0x01/D=2/LeftGrade=4/RightGrade=4/Library=GATL",
      "run_type": "iteration",
      "iterations": 344615,
      "real_time": 1.5443315088573594e-03,
      "cpu_time": 1.4508944764447282e-03,
      "time_unit": "ms"
    },
    {
      "name": "BM_Product_LeftContraction/Model=0x01/D=2/LeftGrade=4/RightGrade=4/Library=GATL",
      "run_name": "BM_Product_LeftContraction/Model=0x01/D=2/LeftGrade=4/RightGrade=4/Library=GATL",
      "run_type": "iteration",
      "iterations": 373333,
      "real_time": 1.5423536121064272e-03,
      "cpu_time": 1.6322559216570729e-03,
      "time_unit": "ms"
    },
    {
      "name": "BM_Product_OuterProduct/Model=0x01/D=2/LeftGrade=4/RightGrade=4/Library=GATL",
      "run_name": "BM_Product_OuterProduct/Model=0x01/D=2/LeftGrade=4/RightGrade=4/Library=GATL",
      "run_type": "iteration",
      "iterations": 497778,
      "real_time": 1.5430392603720290e-03,
      "cpu_time": 1.5694747457702027e-03,
      "time_unit": "ms"
    },
    {
      "name": "BM_Product_RegressiveProduct/Model=0x01/D=2/LeftGrade=4/RightGrade=4/Library=GATL",
      "run_name": "BM_Product_RegressiveProduct/Model=0x01/D=2/LeftGrade=4/RightGrade=4/Library=GATL",
      "run_type": "iteration",
      "iterations": 1120000,
      "real_time": 1.5423377708170198e-03,
      "cpu_time": 1.4229910714285714e-03,
      "time_unit": "ms"
    },
    {
      "name": "BM_Product_RightContraction/Model=0x01/D=2/LeftGrade=4/RightGrade=4/Library=GATL",
      "run_name": "BM_Product_RightContraction/Model=0x01/D=2/LeftGrade=4/RightGrade=4/Library=GATL",
      "run_type": "iteration",
      "iterations": 514625,
      "real_time": 1.5527055677291633e-03,
      "cpu_time": 1.4877337867379159e-03,
      "time_unit": "ms"
    },
    {
      "name": "BM_Product_ScalarProduct/Model=0x01/D=2/LeftGrade=4/RightGrade=4/Library=GATL",
      "run_name": "BM_Product_ScalarProduct/Model=0x01/D=2/LeftGrade=4/RightGrade=4/Library=GATL",
      "run_type": "iteration",
      "iterations": 407273,
      "real_time": 1.5385235632376256e-03,
      "cpu_time": 1.3811374679883028e-03,
      "time_unit": "ms"
    }
  ]
}
