{
  "context": {
    "date": "2019-03-23 07:09:54",
    "executable": "/mnt/c/Users/laffe/Repositories/GitHub/ga-developers/ga-benchmark/build/GABenchmark_Products_EuclideanModel_D3_LEFTGRADE2_RIGHTGRADE1_Versor",
    "num_cpus": 8,
    "mhz_per_cpu": 1992,
    "cpu_scaling_enabled": false,
    "caches": [
    ],
    "load_avg": [0.52,0.58,0.59],
    "library_build_type": "release"
  },
  "benchmarks": [
    {
      "name": "BM_Product_GeometricProduct/Model=0x02/D=3/LeftGrade=2/RightGrade=1/Library=Versor",
      "run_name": "BM_Product_GeometricProduct/Model=0x02/D=3/LeftGrade=2/RightGrade=1/Library=Versor",
      "run_type": "iteration",
      "iterations": 640000,
      "real_time": 1.5422243746797903e-03,
      "cpu_time": 1.6601562500000000e-03,
      "time_unit": "ms"
    },
    {
      "name": "BM_Product_LeftContraction/Model=0x02/D=3/LeftGrade=2/RightGrade=1/Library=Versor",
      "run_name": "BM_Product_LeftContraction/Model=0x02/D=3/LeftGrade=2/RightGrade=1/Library=Versor",
      "run_type": "iteration",
      "iterations": 448000,
      "real_time": 1.5488379520840162e-03,
      "cpu_time": 1.4299665178571428e-03,
      "time_unit": "ms"
    },
    {
      "name": "BM_Product_OuterProduct/Model=0x02/D=3/LeftGrade=2/RightGrade=1/Library=Versor",
      "run_name": "BM_Product_OuterProduct/Model=0x02/D=3/LeftGrade=2/RightGrade=1/Library=Versor",
      "run_type": "iteration",
      "iterations": 407273,
      "real_time": 1.5365727628658509e-03,
      "cpu_time": 1.5345971866536697e-03,
      "time_unit": "ms"
    }
  ]
}
