{
  "context": {
    "date": "2019-03-23 04:52:30",
    "executable": "/mnt/c/Users/laffe/Repositories/GitHub/ga-developers/ga-benchmark/build/GABenchmark_Products_EuclideanModel_D2_LEFTGRADE0_RIGHTGRADE1_GluCatMatrixMulti",
    "num_cpus": 8,
    "mhz_per_cpu": 1992,
    "cpu_scaling_enabled": false,
    "caches": [
    ],
    "load_avg": [0.52,0.58,0.59],
    "library_build_type": "release"
  },
  "benchmarks": [
    {
      "name": "BM_Product_GeometricProduct/Model=0x02/D=2/LeftGrade=0/RightGrade=1/Library=GluCatMatrixMulti",
      "run_name": "BM_Product_GeometricProduct/Model=0x02/D=2/LeftGrade=0/RightGrade=1/Library=GluCatMatrixMulti",
      "run_type": "iteration",
      "iterations": 149333,
      "real_time": 4.0913107336152665e-03,
      "cpu_time": 4.2899091292614494e-03,
      "time_unit": "ms"
    },
    {
      "name": "BM_Product_HestenesInnerProduct/Model=0x02/D=2/LeftGrade=0/RightGrade=1/Library=GluCatMatrixMulti",
      "run_name": "BM_Product_HestenesInnerProduct/Model=0x02/D=2/LeftGrade=0/RightGrade=1/Library=GluCatMatrixMulti",
      "run_type": "iteration",
      "iterations": 235789,
      "real_time": 2.8704176178974404e-03,
      "cpu_time": 2.9820093388580470e-03,
      "time_unit": "ms"
    },
    {
      "name": "BM_Product_LeftContraction/Model=0x02/D=2/LeftGrade=0/RightGrade=1/Library=GluCatMatrixMulti",
      "run_name": "BM_Product_LeftContraction/Model=0x02/D=2/LeftGrade=0/RightGrade=1/Library=GluCatMatrixMulti",
      "run_type": "iteration",
      "iterations": 172308,
      "real_time": 4.1291069321214889e-03,
      "cpu_time": 4.0806288738770109e-03,
      "time_unit": "ms"
    },
    {
      "name": "BM_Product_OuterProduct/Model=0x02/D=2/LeftGrade=0/RightGrade=1/Library=GluCatMatrixMulti",
      "run_name": "BM_Product_OuterProduct/Model=0x02/D=2/LeftGrade=0/RightGrade=1/Library=GluCatMatrixMulti",
      "run_type": "iteration",
      "iterations": 213333,
      "real_time": 4.1972283188291340e-03,
      "cpu_time": 5.2002034378178718e-03,
      "time_unit": "ms"
    }
  ]
}
