{
  "context": {
    "date": "2019-03-23 07:11:49",
    "executable": "/mnt/c/Users/laffe/Repositories/GitHub/ga-developers/ga-benchmark/build/GABenchmark_Products_EuclideanModel_D4_LEFTGRADE2_RIGHTGRADE2_Versor",
    "num_cpus": 8,
    "mhz_per_cpu": 1992,
    "cpu_scaling_enabled": false,
    "caches": [
    ],
    "load_avg": [0.52,0.58,0.59],
    "library_build_type": "release"
  },
  "benchmarks": [
    {
      "name": "BM_Product_GeometricProduct/Model=0x02/D=4/LeftGrade=2/RightGrade=2/Library=Versor",
      "run_name": "BM_Product_GeometricProduct/Model=0x02/D=4/LeftGrade=2/RightGrade=2/Library=Versor",
      "run_type": "iteration",
      "iterations": 477867,
      "real_time": 1.5613961192903472e-03,
      "cpu_time": 1.4386848223459665e-03,
      "time_unit": "ms"
    },
    {
      "name": "BM_Product_LeftContraction/Model=0x02/D=4/LeftGrade=2/RightGrade=2/Library=Versor",
      "run_name": "BM_Product_LeftContraction/Model=0x02/D=4/LeftGrade=2/RightGrade=2/Library=Versor",
      "run_type": "iteration",
      "iterations": 407273,
      "real_time": 1.5379848469932321e-03,
      "cpu_time": 1.3044076086556192e-03,
      "time_unit": "ms"
    },
    {
      "name": "BM_Product_OuterProduct/Model=0x02/D=4/LeftGrade=2/RightGrade=2/Library=Versor",
      "run_name": "BM_Product_OuterProduct/Model=0x02/D=4/LeftGrade=2/RightGrade=2/Library=Versor",
      "run_type": "iteration",
      "iterations": 497778,
      "real_time": 1.5369309397030653e-03,
      "cpu_time": 1.6950327254318190e-03,
      "time_unit": "ms"
    }
  ]
}
