{
  "context": {
    "date": "2019-03-23 03:04:41",
    "executable": "/mnt/c/Users/laffe/Repositories/GitHub/ga-developers/ga-benchmark/build/GABenchmark_Products_ConformalModel_D3_LEFTGRADE0_RIGHTGRADE5_Garamon",
    "num_cpus": 8,
    "mhz_per_cpu": 1992,
    "cpu_scaling_enabled": false,
    "caches": [
    ],
    "load_avg": [0.52,0.58,0.59],
    "library_build_type": "release"
  },
  "benchmarks": [
    {
      "name": "BM_Product_GeometricProduct/Model=0x01/D=3/LeftGrade=0/RightGrade=5/Library=Garamon",
      "run_name": "BM_Product_GeometricProduct/Model=0x01/D=3/LeftGrade=0/RightGrade=5/Library=Garamon",
      "run_type": "iteration",
      "iterations": 373333,
      "real_time": 1.6187173401367363e-03,
      "cpu_time": 1.9252249332365472e-03,
      "time_unit": "ms"
    },
    {
      "name": "BM_Product_HestenesInnerProduct/Model=0x01/D=3/LeftGrade=0/RightGrade=5/Library=Garamon",
      "run_name": "BM_Product_HestenesInnerProduct/Model=0x01/D=3/LeftGrade=0/RightGrade=5/Library=Garamon",
      "run_type": "iteration",
      "iterations": 373333,
      "real_time": 1.6235318115475892e-03,
      "cpu_time": 1.8415195013566977e-03,
      "time_unit": "ms"
    },
    {
      "name": "BM_Product_LeftContraction/Model=0x01/D=3/LeftGrade=0/RightGrade=5/Library=Garamon",
      "run_name": "BM_Product_LeftContraction/Model=0x01/D=3/LeftGrade=0/RightGrade=5/Library=Garamon",
      "run_type": "iteration",
      "iterations": 320000,
      "real_time": 1.6207150059926790e-03,
      "cpu_time": 1.5625000000000001e-03,
      "time_unit": "ms"
    },
    {
      "name": "BM_Product_OuterProduct/Model=0x01/D=3/LeftGrade=0/RightGrade=5/Library=Garamon",
      "run_name": "BM_Product_OuterProduct/Model=0x01/D=3/LeftGrade=0/RightGrade=5/Library=Garamon",
      "run_type": "iteration",
      "iterations": 344615,
      "real_time": 1.6724373381069516e-03,
      "cpu_time": 1.5869158336114214e-03,
      "time_unit": "ms"
    },
    {
      "name": "BM_Product_RightContraction/Model=0x01/D=3/LeftGrade=0/RightGrade=5/Library=Garamon",
      "run_name": "BM_Product_RightContraction/Model=0x01/D=3/LeftGrade=0/RightGrade=5/Library=Garamon",
      "run_type": "iteration",
      "iterations": 637156,
      "real_time": 1.5978928240721478e-03,
      "cpu_time": 1.2016288004821425e-03,
      "time_unit": "ms"
    },
    {
      "name": "BM_Product_ScalarProduct/Model=0x01/D=3/LeftGrade=0/RightGrade=5/Library=Garamon",
      "run_name": "BM_Product_ScalarProduct/Model=0x01/D=3/LeftGrade=0/RightGrade=5/Library=Garamon",
      "run_type": "iteration",
      "iterations": 522667,
      "real_time": 1.5918454855563605e-03,
      "cpu_time": 1.5844218211595528e-03,
      "time_unit": "ms"
    }
  ]
}
