{
  "context": {
    "date": "2019-03-23 07:07:09",
    "executable": "/mnt/c/Users/laffe/Repositories/GitHub/ga-developers/ga-benchmark/build/GABenchmark_Products_ConformalModel_D3_LEFTGRADE4_RIGHTGRADE3_Versor",
    "num_cpus": 8,
    "mhz_per_cpu": 1992,
    "cpu_scaling_enabled": false,
    "caches": [
    ],
    "load_avg": [0.52,0.58,0.59],
    "library_build_type": "release"
  },
  "benchmarks": [
    {
      "name": "BM_Product_GeometricProduct/Model=0x01/D=3/LeftGrade=4/RightGrade=3/Library=Versor",
      "run_name": "BM_Product_GeometricProduct/Model=0x01/D=3/LeftGrade=4/RightGrade=3/Library=Versor",
      "run_type": "iteration",
      "iterations": 407273,
      "real_time": 1.5525109737894477e-03,
      "cpu_time": 1.6880569053190362e-03,
      "time_unit": "ms"
    },
    {
      "name": "BM_Product_LeftContraction/Model=0x01/D=3/LeftGrade=4/RightGrade=3/Library=Versor",
      "run_name": "BM_Product_LeftContraction/Model=0x01/D=3/LeftGrade=4/RightGrade=3/Library=Versor",
      "run_type": "iteration",
      "iterations": 448000,
      "real_time": 1.5548830277631559e-03,
      "cpu_time": 1.4997209821428572e-03,
      "time_unit": "ms"
    },
    {
      "name": "BM_Product_OuterProduct/Model=0x01/D=3/LeftGrade=4/RightGrade=3/Library=Versor",
      "run_name": "BM_Product_OuterProduct/Model=0x01/D=3/LeftGrade=4/RightGrade=3/Library=Versor",
      "run_type": "iteration",
      "iterations": 608194,
      "real_time": 1.5395385403786999e-03,
      "cpu_time": 1.5671397613261557e-03,
      "time_unit": "ms"
    }
  ]
}
