{
  "context": {
    "date": "2019-03-23 03:06:01",
    "executable": "/mnt/c/Users/laffe/Repositories/GitHub/ga-developers/ga-benchmark/build/GABenchmark_Products_ConformalModel_D3_LEFTGRADE1_RIGHTGRADE5_Garamon",
    "num_cpus": 8,
    "mhz_per_cpu": 1992,
    "cpu_scaling_enabled": false,
    "caches": [
    ],
    "load_avg": [0.52,0.58,0.59],
    "library_build_type": "release"
  },
  "benchmarks": [
    {
      "name": "BM_Product_GeometricProduct/Model=0x01/D=3/LeftGrade=1/RightGrade=5/Library=Garamon",
      "run_name": "BM_Product_GeometricProduct/Model=0x01/D=3/LeftGrade=1/RightGrade=5/Library=Garamon",
      "run_type": "iteration",
      "iterations": 448000,
      "real_time": 1.7214334748132387e-03,
      "cpu_time": 1.8833705357142857e-03,
      "time_unit": "ms"
    },
    {
      "name": "BM_Product_HestenesInnerProduct/Model=0x01/D=3/LeftGrade=1/RightGrade=5/Library=Garamon",
      "run_name": "BM_Product_HestenesInnerProduct/Model=0x01/D=3/LeftGrade=1/RightGrade=5/Library=Garamon",
      "run_type": "iteration",
      "iterations": 320000,
      "real_time": 1.6927093669437455e-03,
      "cpu_time": 1.7089843750000000e-03,
      "time_unit": "ms"
    },
    {
      "name": "BM_Product_LeftContraction/Model=0x01/D=3/LeftGrade=1/RightGrade=5/Library=Garamon",
      "run_name": "BM_Product_LeftContraction/Model=0x01/D=3/LeftGrade=1/RightGrade=5/Library=Garamon",
      "run_type": "iteration",
      "iterations": 407273,
      "real_time": 1.6902350543328355e-03,
      "cpu_time": 1.7647867646517202e-03,
      "time_unit": "ms"
    },
    {
      "name": "BM_Product_OuterProduct/Model=0x01/D=3/LeftGrade=1/RightGrade=5/Library=Garamon",
      "run_name": "BM_Product_OuterProduct/Model=0x01/D=3/LeftGrade=1/RightGrade=5/Library=Garamon",
      "run_type": "iteration",
      "iterations": 477867,
      "real_time": 1.5927205286414615e-03,
      "cpu_time": 1.4713822046720114e-03,
      "time_unit": "ms"
    },
    {
      "name": "BM_Product_RightContraction/Model=0x01/D=3/LeftGrade=1/RightGrade=5/Library=Garamon",
      "run_name": "BM_Product_RightContraction/Model=0x01/D=3/LeftGrade=1/RightGrade=5/Library=Garamon",
      "run_type": "iteration",
      "iterations": 560000,
      "real_time": 1.5945860210714662e-03,
      "cpu_time": 1.8415178571428571e-03,
      "time_unit": "ms"
    },
    {
      "name": "BM_Product_ScalarProduct/Model=0x01/D=3/LeftGrade=1/RightGrade=5/Library=Garamon",
      "run_name": "BM_Product_ScalarProduct/Model=0x01/D=3/LeftGrade=1/RightGrade=5/Library=Garamon",
      "run_type": "iteration",
      "iterations": 373333,
      "real_time": 1.5861100327083672e-03,
      "cpu_time": 1.9670776491764724e-03,
      "time_unit": "ms"
    }
  ]
}
