{
  "context": {
    "date": "2019-03-23 07:11:37",
    "executable": "/mnt/c/Users/laffe/Repositories/GitHub/ga-developers/ga-benchmark/build/GABenchmark_Products_EuclideanModel_D4_LEFTGRADE2_RIGHTGRADE0_Versor",
    "num_cpus": 8,
    "mhz_per_cpu": 1992,
    "cpu_scaling_enabled": false,
    "caches": [
    ],
    "load_avg": [0.52,0.58,0.59],
    "library_build_type": "release"
  },
  "benchmarks": [
    {
      "name": "BM_Product_GeometricProduct/Model=0x02/D=4/LeftGrade=2/RightGrade=0/Library=Versor",
      "run_name": "BM_Product_GeometricProduct/Model=0x02/D=4/LeftGrade=2/RightGrade=0/Library=Versor",
      "run_type": "iteration",
      "iterations": 448000,
      "real_time": 1.5375100730515051e-03,
      "cpu_time": 1.5694754464285715e-03,
      "time_unit": "ms"
    },
    {
      "name": "BM_Product_LeftContraction/Model=0x02/D=4/LeftGrade=2/RightGrade=0/Library=Versor",
      "run_name": "BM_Product_LeftContraction/Model=0x02/D=4/LeftGrade=2/RightGrade=0/Library=Versor",
      "run_type": "iteration",
      "iterations": 746667,
      "real_time": 1.5354101547889877e-03,
      "cpu_time": 1.6113274056574081e-03,
      "time_unit": "ms"
    },
    {
      "name": "BM_Product_OuterProduct/Model=0x02/D=4/LeftGrade=2/RightGrade=0/Library=Versor",
      "run_name": "BM_Product_OuterProduct/Model=0x02/D=4/LeftGrade=2/RightGrade=0/Library=Versor",
      "run_type": "iteration",
      "iterations": 746667,
      "real_time": 1.5359882074315603e-03,
      "cpu_time": 1.9042960248678460e-03,
      "time_unit": "ms"
    }
  ]
}
