{
  "context": {
    "date": "2019-03-23 07:11:56",
    "executable": "/mnt/c/Users/laffe/Repositories/GitHub/ga-developers/ga-benchmark/build/GABenchmark_Products_EuclideanModel_D4_LEFTGRADE2_RIGHTGRADE3_Versor",
    "num_cpus": 8,
    "mhz_per_cpu": 1992,
    "cpu_scaling_enabled": false,
    "caches": [
    ],
    "load_avg": [0.52,0.58,0.59],
    "library_build_type": "release"
  },
  "benchmarks": [
    {
      "name": "BM_Product_GeometricProduct/Model=0x02/D=4/LeftGrade=2/RightGrade=3/Library=Versor",
      "run_name": "BM_Product_GeometricProduct/Model=0x02/D=4/LeftGrade=2/RightGrade=3/Library=Versor",
      "run_type": "iteration",
      "iterations": 373333,
      "real_time": 1.5634353193420280e-03,
      "cpu_time": 1.6322559216570727e-03,
      "time_unit": "ms"
    },
    {
      "name": "BM_Product_LeftContraction/Model=0x02/D=4/LeftGrade=2/RightGrade=3/Library=Versor",
      "run_name": "BM_Product_LeftContraction/Model=0x02/D=4/LeftGrade=2/RightGrade=3/Library=Versor",
      "run_type": "iteration",
      "iterations": 344615,
      "real_time": 1.5360280192752618e-03,
      "cpu_time": 1.8136180955559103e-03,
      "time_unit": "ms"
    },
    {
      "name": "BM_Product_OuterProduct/Model=0x02/D=4/LeftGrade=2/RightGrade=3/Library=Versor",
      "run_name": "BM_Product_OuterProduct/Model=0x02/D=4/LeftGrade=2/RightGrade=3/Library=Versor",
      "run_type": "iteration",
      "iterations": 640000,
      "real_time": 1.5410118676300044e-03,
      "cpu_time": 1.5136718750000000e-03,
      "time_unit": "ms"
    }
  ]
}
