{
  "context": {
    "date": "2019-03-23 01:22:05",
    "executable": "/mnt/c/Users/laffe/Repositories/GitHub/ga-developers/ga-benchmark/build/GABenchmark_Products_ConformalModel_D3_LEFTGRADE2_RIGHTGRADE2_GATL",
    "num_cpus": 8,
    "mhz_per_cpu": 1992,
    "cpu_scaling_enabled": false,
    "caches": [
    ],
    "load_avg": [0.52,0.58,0.59],
    "library_build_type": "release"
  },
  "benchmarks": [
    {
      "name": "BM_Product_DotProduct/Model=0x01/D=3/LeftGrade=2/RightGrade=2/Library=GATL",
      "run_name": "BM_Product_DotProduct/Model=0x01/D=3/LeftGrade=2/RightGrade=2/Library=GATL",
      "run_type": "iteration",
      "iterations": 535211,
      "real_time": 1.5468697597563459e-03,
      "cpu_time": 1.6640633320316660e-03,
      "time_unit": "ms"
    },
    {
      "name": "BM_Product_GeometricProduct/Model=0x01/D=3/LeftGrade=2/RightGrade=2/Library=GATL",
      "run_name": "BM_Product_GeometricProduct/Model=0x01/D=3/LeftGrade=2/RightGrade=2/Library=GATL",
      "run_type": "iteration",
      "iterations": 640000,
      "real_time": 1.5647368687496054e-03,
      "cpu_time": 1.6845703125000001e-03,
      "time_unit": "ms"
    },
    {
      "name": "BM_Product_HestenesInnerProduct/Model=0x01/D=3/LeftGrade=2/RightGrade=2/Library=GATL",
      "run_name": "BM_Product_HestenesInnerProduct/Model=0x01/D=3/LeftGrade=2/RightGrade=2/Library=GATL",
      "run_type": "iteration",
      "iterations": 640000,
      "real_time": 1.5568546840768250e-03,
      "cpu_time": 1.7333984374999999e-03,
      "time_unit": "ms"
    },
    {
      "name": "BM_Product_LeftContraction/Model=0x01/D=3/LeftGrade=2/RightGrade=2/Library=GATL",
      "run_name": "BM_Product_LeftContraction/Model=0x01/D=3/LeftGrade=2/RightGrade=2/Library=GATL",
      "run_type": "iteration",
      "iterations": 560000,
      "real_time": 1.5453053548948707e-03,
      "cpu_time": 1.6183035714285715e-03,
      "time_unit": "ms"
    },
    {
      "name": "BM_Product_OuterProduct/Model=0x01/D=3/LeftGrade=2/RightGrade=2/Library=GATL",
      "run_name": "BM_Product_OuterProduct/Model=0x01/D=3/LeftGrade=2/RightGrade=2/Library=GATL",
      "run_type": "iteration",
      "iterations": 407273,
      "real_time": 1.5628789546856883e-03,
      "cpu_time": 1.6496919756526949e-03,
      "time_unit": "ms"
    },
    {
      "name": "BM_Product_RegressiveProduct/Model=0x01/D=3/LeftGrade=2/RightGrade=2/Library=GATL",
      "run_name": "BM_Product_RegressiveProduct/Model=0x01/D=3/LeftGrade=2/RightGrade=2/Library=GATL",
      "run_type": "iteration",
      "iterations": 571806,
      "real_time": 1.5420518479816459e-03,
      "cpu_time": 1.5029135755833271e-03,
      "time_unit": "ms"
    },
    {
      "name": "BM_Product_RightContraction/Model=0x01/D=3/LeftGrade=2/RightGrade=2/Library=GATL",
      "run_name": "BM_Product_RightContraction/Model=0x01/D=3/LeftGrade=2/RightGrade=2/Library=GATL",
      "run_type": "iteration",
      "iterations": 373333,
      "real_time": 1.5604396021781594e-03,
      "cpu_time": 1.5904032057171480e-03,
      "time_unit": "ms"
    },
    {
      "name": "BM_Product_ScalarProduct/Model=0x01/D=3/LeftGrade=2/RightGrade=2/Library=GATL",
      "run_name": "BM_Product_ScalarProduct/Model=0x01/D=3/LeftGrade=2/RightGrade=2/Library=GATL",
      "run_type": "iteration",
      "iterations": 448000,
      "real_time": 1.5470368230775680e-03,
      "cpu_time": 1.3253348214285715e-03,
      "time_unit": "ms"
    }
  ]
}
