{
  "context": {
    "date": "2019-03-23 07:08:42",
    "executable": "/mnt/c/Users/laffe/Repositories/GitHub/ga-developers/ga-benchmark/build/GABenchmark_Products_EuclideanModel_D2_LEFTGRADE2_RIGHTGRADE0_Versor",
    "num_cpus": 8,
    "mhz_per_cpu": 1992,
    "cpu_scaling_enabled": false,
    "caches": [
    ],
    "load_avg": [0.52,0.58,0.59],
    "library_build_type": "release"
  },
  "benchmarks": [
    {
      "name": "BM_Product_GeometricProduct/Model=0x02/D=2/LeftGrade=2/RightGrade=0/Library=Versor",
      "run_name": "BM_Product_GeometricProduct/Model=0x02/D=2/LeftGrade=2/RightGrade=0/Library=Versor",
      "run_type": "iteration",
      "iterations": 497778,
      "real_time": 1.5432638683816971e-03,
      "cpu_time": 1.4125272711931821e-03,
      "time_unit": "ms"
    },
    {
      "name": "BM_Product_LeftContraction/Model=0x02/D=2/LeftGrade=2/RightGrade=0/Library=Versor",
      "run_name": "BM_Product_LeftContraction/Model=0x02/D=2/LeftGrade=2/RightGrade=0/Library=Versor",
      "run_type": "iteration",
      "iterations": 896000,
      "real_time": 1.5522643969753907e-03,
      "cpu_time": 1.8484933035714285e-03,
      "time_unit": "ms"
    },
    {
      "name": "BM_Product_OuterProduct/Model=0x02/D=2/LeftGrade=2/RightGrade=0/Library=Versor",
      "run_name": "BM_Product_OuterProduct/Model=0x02/D=2/LeftGrade=2/RightGrade=0/Library=Versor",
      "run_type": "iteration",
      "iterations": 407273,
      "real_time": 1.5351211562179231e-03,
      "cpu_time": 1.4962322569873278e-03,
      "time_unit": "ms"
    }
  ]
}
