{
  "context": {
    "date": "2019-03-23 02:36:06",
    "executable": "/mnt/c/Users/laffe/Repositories/GitHub/ga-developers/ga-benchmark/build/GABenchmark_Products_EuclideanModel_D3_LEFTGRADE1_RIGHTGRADE1_Gaalop",
    "num_cpus": 8,
    "mhz_per_cpu": 1992,
    "cpu_scaling_enabled": false,
    "caches": [
    ],
    "load_avg": [0.52,0.58,0.59],
    "library_build_type": "release"
  },
  "benchmarks": [
    {
      "name": "BM_Product_GeometricProduct/Model=0x02/D=3/LeftGrade=1/RightGrade=1/Library=Gaalop",
      "run_name": "BM_Product_GeometricProduct/Model=0x02/D=3/LeftGrade=1/RightGrade=1/Library=Gaalop",
      "run_type": "iteration",
      "iterations": 320000,
      "real_time": 1.5491390406168648e-03,
      "cpu_time": 1.7089843750000007e-03,
      "time_unit": "ms"
    },
    {
      "name": "BM_Product_HestenesInnerProduct/Model=0x02/D=3/LeftGrade=1/RightGrade=1/Library=Gaalop",
      "run_name": "BM_Product_HestenesInnerProduct/Model=0x02/D=3/LeftGrade=1/RightGrade=1/Library=Gaalop",
      "run_type": "iteration",
      "iterations": 407273,
      "real_time": 1.5660355621697000e-03,
      "cpu_time": 1.3427725383219609e-03,
      "time_unit": "ms"
    },
    {
      "name": "BM_Product_OuterProduct/Model=0x02/D=3/LeftGrade=1/RightGrade=1/Library=Gaalop",
      "run_name": "BM_Product_OuterProduct/Model=0x02/D=3/LeftGrade=1/RightGrade=1/Library=Gaalop",
      "run_type": "iteration",
      "iterations": 560000,
      "real_time": 1.5477864022873941e-03,
      "cpu_time": 1.5625000000000001e-03,
      "time_unit": "ms"
    }
  ]
}
