{
  "context": {
    "date": "2019-03-23 01:33:32",
    "executable": "/mnt/c/Users/laffe/Repositories/GitHub/ga-developers/ga-benchmark/build/GABenchmark_Products_EuclideanModel_D3_LEFTGRADE2_RIGHTGRADE3_GATL",
    "num_cpus": 8,
    "mhz_per_cpu": 1992,
    "cpu_scaling_enabled": false,
    "caches": [
    ],
    "load_avg": [0.52,0.58,0.59],
    "library_build_type": "release"
  },
  "benchmarks": [
    {
      "name": "BM_Product_DotProduct/Model=0x02/D=3/LeftGrade=2/RightGrade=3/Library=GATL",
      "run_name": "BM_Product_DotProduct/Model=0x02/D=3/LeftGrade=2/RightGrade=3/Library=GATL",
      "run_type": "iteration",
      "iterations": 448000,
      "real_time": 1.5432861620346167e-03,
      "cpu_time": 1.6043526785714285e-03,
      "time_unit": "ms"
    },
    {
      "name": "BM_Product_GeometricProduct/Model=0x02/D=3/LeftGrade=2/RightGrade=3/Library=GATL",
      "run_name": "BM_Product_GeometricProduct/Model=0x02/D=3/LeftGrade=2/RightGrade=3/Library=GATL",
      "run_type": "iteration",
      "iterations": 448000,
      "real_time": 1.5575357162690903e-03,
      "cpu_time": 1.9531250000000000e-03,
      "time_unit": "ms"
    },
    {
      "name": "BM_Product_HestenesInnerProduct/Model=0x02/D=3/LeftGrade=2/RightGrade=3/Library=GATL",
      "run_name": "BM_Product_HestenesInnerProduct/Model=0x02/D=3/LeftGrade=2/RightGrade=3/Library=GATL",
      "run_type": "iteration",
      "iterations": 576735,
      "real_time": 1.5390047520031625e-03,
      "cpu_time": 1.4629769304793363e-03,
      "time_unit": "ms"
    },
    {
      "name": "BM_Product_LeftContraction/Model=0x02/D=3/LeftGrade=2/RightGrade=3/Library=GATL",
      "run_name": "BM_Product_LeftContraction/Model=0x02/D=3/LeftGrade=2/RightGrade=3/Library=GATL",
      "run_type": "iteration",
      "iterations": 560000,
      "real_time": 1.5543905394484422e-03,
      "cpu_time": 1.6183035714285715e-03,
      "time_unit": "ms"
    },
    {
      "name": "BM_Product_OuterProduct/Model=0x02/D=3/LeftGrade=2/RightGrade=3/Library=GATL",
      "run_name": "BM_Product_OuterProduct/Model=0x02/D=3/LeftGrade=2/RightGrade=3/Library=GATL",
      "run_type": "iteration",
      "iterations": 373333,
      "real_time": 1.5463722892347577e-03,
      "cpu_time": 1.5485504897772230e-03,
      "time_unit": "ms"
    },
    {
      "name": "BM_Product_RegressiveProduct/Model=0x02/D=3/LeftGrade=2/RightGrade=3/Library=GATL",
      "run_name": "BM_Product_RegressiveProduct/Model=0x02/D=3/LeftGrade=2/RightGrade=3/Library=GATL",
      "run_type": "iteration",
      "iterations": 746667,
      "real_time": 1.5546702744480838e-03,
      "cpu_time": 1.5485484158266000e-03,
      "time_unit": "ms"
    },
    {
      "name": "BM_Product_RightContraction/Model=0x02/D=3/LeftGrade=2/RightGrade=3/Library=GATL",
      "run_name": "BM_Product_RightContraction/Model=0x02/D=3/LeftGrade=2/RightGrade=3/Library=GATL",
      "run_type": "iteration",
      "iterations": 640000,
      "real_time": 1.5402898345200811e-03,
      "cpu_time": 1.4160156250000000e-03,
      "time_unit": "ms"
    },
    {
      "name": "BM_Product_ScalarProduct/Model=0x02/D=3/LeftGrade=2/RightGrade=3/Library=GATL",
      "run_name": "BM_Product_ScalarProduct/Model=0x02/D=3/LeftGrade=2/RightGrade=3/Library=GATL",
      "run_type": "iteration",
      "iterations": 498024,
      "real_time": 1.5513553989160655e-03,
      "cpu_time": 1.3490815703660868e-03,
      "time_unit": "ms"
    }
  ]
}
