{
  "context": {
    "date": "2019-03-23 03:16:20",
    "executable": "/mnt/c/Users/laffe/Repositories/GitHub/ga-developers/ga-benchmark/build/GABenchmark_Products_EuclideanModel_D3_LEFTGRADE3_RIGHTGRADE0_Garamon",
    "num_cpus": 8,
    "mhz_per_cpu": 1992,
    "cpu_scaling_enabled": false,
    "caches": [
    ],
    "load_avg": [0.52,0.58,0.59],
    "library_build_type": "release"
  },
  "benchmarks": [
    {
      "name": "BM_Product_GeometricProduct/Model=0x02/D=3/LeftGrade=3/RightGrade=0/Library=Garamon",
      "run_name": "BM_Product_GeometricProduct/Model=0x02/D=3/LeftGrade=3/RightGrade=0/Library=Garamon",
      "run_type": "iteration",
      "iterations": 497778,
      "real_time": 1.6216883849303144e-03,
      "cpu_time": 1.7264222203472229e-03,
      "time_unit": "ms"
    },
    {
      "name": "BM_Product_HestenesInnerProduct/Model=0x02/D=3/LeftGrade=3/RightGrade=0/Library=Garamon",
      "run_name": "BM_Product_HestenesInnerProduct/Model=0x02/D=3/LeftGrade=3/RightGrade=0/Library=Garamon",
      "run_type": "iteration",
      "iterations": 640000,
      "real_time": 1.6249428203991556e-03,
      "cpu_time": 1.6357421875000000e-03,
      "time_unit": "ms"
    },
    {
      "name": "BM_Product_LeftContraction/Model=0x02/D=3/LeftGrade=3/RightGrade=0/Library=Garamon",
      "run_name": "BM_Product_LeftContraction/Model=0x02/D=3/LeftGrade=3/RightGrade=0/Library=Garamon",
      "run_type": "iteration",
      "iterations": 407273,
      "real_time": 1.5792871197996600e-03,
      "cpu_time": 1.9566114129834287e-03,
      "time_unit": "ms"
    },
    {
      "name": "BM_Product_OuterProduct/Model=0x02/D=3/LeftGrade=3/RightGrade=0/Library=Garamon",
      "run_name": "BM_Product_OuterProduct/Model=0x02/D=3/LeftGrade=3/RightGrade=0/Library=Garamon",
      "run_type": "iteration",
      "iterations": 344615,
      "real_time": 1.6232050574769830e-03,
      "cpu_time": 1.6775967383892169e-03,
      "time_unit": "ms"
    },
    {
      "name": "BM_Product_RightContraction/Model=0x02/D=3/LeftGrade=3/RightGrade=0/Library=Garamon",
      "run_name": "BM_Product_RightContraction/Model=0x02/D=3/LeftGrade=3/RightGrade=0/Library=Garamon",
      "run_type": "iteration",
      "iterations": 407273,
      "real_time": 1.6282225655757684e-03,
      "cpu_time": 1.6880569053190366e-03,
      "time_unit": "ms"
    },
    {
      "name": "BM_Product_ScalarProduct/Model=0x02/D=3/LeftGrade=3/RightGrade=0/Library=Garamon",
      "run_name": "BM_Product_ScalarProduct/Model=0x02/D=3/LeftGrade=3/RightGrade=0/Library=Garamon",
      "run_type": "iteration",
      "iterations": 407273,
      "real_time": 1.5799321215895815e-03,
      "cpu_time": 1.6113270459863530e-03,
      "time_unit": "ms"
    }
  ]
}
