{
  "context": {
    "date": "2019-03-23 07:04:07",
    "executable": "/mnt/c/Users/laffe/Repositories/GitHub/ga-developers/ga-benchmark/build/GABenchmark_Products_ConformalModel_D2_LEFTGRADE4_RIGHTGRADE2_Versor",
    "num_cpus": 8,
    "mhz_per_cpu": 1992,
    "cpu_scaling_enabled": false,
    "caches": [
    ],
    "load_avg": [0.52,0.58,0.59],
    "library_build_type": "release"
  },
  "benchmarks": [
    {
      "name": "BM_Product_GeometricProduct/Model=0x01/D=2/LeftGrade=4/RightGrade=2/Library=Versor",
      "run_name": "BM_Product_GeometricProduct/Model=0x01/D=2/LeftGrade=4/RightGrade=2/Library=Versor",
      "run_type": "iteration",
      "iterations": 498024,
      "real_time": 1.5361014894139445e-03,
      "cpu_time": 1.6628214704512232e-03,
      "time_unit": "ms"
    },
    {
      "name": "BM_Product_LeftContraction/Model=0x01/D=2/LeftGrade=4/RightGrade=2/Library=Versor",
      "run_name": "BM_Product_LeftContraction/Model=0x01/D=2/LeftGrade=4/RightGrade=2/Library=Versor",
      "run_type": "iteration",
      "iterations": 560000,
      "real_time": 1.5434398131869134e-03,
      "cpu_time": 1.5066964285714286e-03,
      "time_unit": "ms"
    },
    {
      "name": "BM_Product_OuterProduct/Model=0x01/D=2/LeftGrade=4/RightGrade=2/Library=Versor",
      "run_name": "BM_Product_OuterProduct/Model=0x01/D=2/LeftGrade=4/RightGrade=2/Library=Versor",
      "run_type": "iteration",
      "iterations": 448000,
      "real_time": 1.5336788077807537e-03,
      "cpu_time": 1.8136160714285715e-03,
      "time_unit": "ms"
    }
  ]
}
