{
  "context": {
    "date": "2019-03-23 04:52:17",
    "executable": "/mnt/c/Users/laffe/Repositories/GitHub/ga-developers/ga-benchmark/build/GABenchmark_AlgorithmInverseKinematics_ConformalModel_D3_GluCatFramedMulti",
    "num_cpus": 8,
    "mhz_per_cpu": 1992,
    "cpu_scaling_enabled": false,
    "caches": [
    ],
    "load_avg": [0.52,0.58,0.59],
    "library_build_type": "release"
  },
  "benchmarks": [
    {
      "name": "BM_Algorithm_InverseKinematics/Model=0x01/D=3/Library=GluCatFramedMulti",
      "run_name": "BM_Algorithm_InverseKinematics/Model=0x01/D=3/Library=GluCatFramedMulti",
      "run_type": "iteration",
      "iterations": 1659,
      "real_time": 4.4898378590908916e-01,
      "cpu_time": 4.5207956600361665e-01,
      "time_unit": "ms"
    }
  ]
}
