{
  "context": {
    "date": "2019-03-23 02:30:16",
    "executable": "/mnt/c/Users/laffe/Repositories/GitHub/ga-developers/ga-benchmark/build/GABenchmark_Products_ConformalModel_D2_LEFTGRADE3_RIGHTGRADE2_Gaalop",
    "num_cpus": 8,
    "mhz_per_cpu": 1992,
    "cpu_scaling_enabled": false,
    "caches": [
    ],
    "load_avg": [0.52,0.58,0.59],
    "library_build_type": "release"
  },
  "benchmarks": [
    {
      "name": "BM_Product_GeometricProduct/Model=0x01/D=2/LeftGrade=3/RightGrade=2/Library=Gaalop",
      "run_name": "BM_Product_GeometricProduct/Model=0x01/D=2/LeftGrade=3/RightGrade=2/Library=Gaalop",
      "run_type": "iteration",
      "iterations": 344615,
      "real_time": 1.5562114062379923e-03,
      "cpu_time": 1.4962349288336258e-03,
      "time_unit": "ms"
    },
    {
      "name": "BM_Product_HestenesInnerProduct/Model=0x01/D=2/LeftGrade=3/RightGrade=2/Library=Gaalop",
      "run_name": "BM_Product_HestenesInnerProduct/Model=0x01/D=2/LeftGrade=3/RightGrade=2/Library=Gaalop",
      "run_type": "iteration",
      "iterations": 448000,
      "real_time": 1.5510118715350732e-03,
      "cpu_time": 1.7787388392857143e-03,
      "time_unit": "ms"
    },
    {
      "name": "BM_Product_OuterProduct/Model=0x01/D=2/LeftGrade=3/RightGrade=2/Library=Gaalop",
      "run_name": "BM_Product_OuterProduct/Model=0x01/D=2/LeftGrade=3/RightGrade=2/Library=Gaalop",
      "run_type": "iteration",
      "iterations": 373333,
      "real_time": 1.5620641589681279e-03,
      "cpu_time": 1.4229923419574481e-03,
      "time_unit": "ms"
    }
  ]
}
