{
  "context": {
    "date": "2019-03-23 04:52:20",
    "executable": "/mnt/c/Users/laffe/Repositories/GitHub/ga-developers/ga-benchmark/build/GABenchmark_Products_EuclideanModel_D2_LEFTGRADE0_RIGHTGRADE0_GluCatMatrixMulti",
    "num_cpus": 8,
    "mhz_per_cpu": 1992,
    "cpu_scaling_enabled": false,
    "caches": [
    ],
    "load_avg": [0.52,0.58,0.59],
    "library_build_type": "release"
  },
  "benchmarks": [
    {
      "name": "BM_Product_GeometricProduct/Model=0x02/D=2/LeftGrade=0/RightGrade=0/Library=GluCatMatrixMulti",
      "run_name": "BM_Product_GeometricProduct/Model=0x02/D=2/LeftGrade=0/RightGrade=0/Library=GluCatMatrixMulti",
      "run_type": "iteration",
      "iterations": 640000,
      "real_time": 1.9370473463823147e-03,
      "cpu_time": 2.0263671875000002e-03,
      "time_unit": "ms"
    },
    {
      "name": "BM_Product_HestenesInnerProduct/Model=0x02/D=2/LeftGrade=0/RightGrade=0/Library=GluCatMatrixMulti",
      "run_name": "BM_Product_HestenesInnerProduct/Model=0x02/D=2/LeftGrade=0/RightGrade=0/Library=GluCatMatrixMulti",
      "run_type": "iteration",
      "iterations": 407273,
      "real_time": 1.7963005128665895e-03,
      "cpu_time": 1.7264218349853783e-03,
      "time_unit": "ms"
    },
    {
      "name": "BM_Product_LeftContraction/Model=0x02/D=2/LeftGrade=0/RightGrade=0/Library=GluCatMatrixMulti",
      "run_name": "BM_Product_LeftContraction/Model=0x02/D=2/LeftGrade=0/RightGrade=0/Library=GluCatMatrixMulti",
      "run_type": "iteration",
      "iterations": 280000,
      "real_time": 2.2029846711250555e-03,
      "cpu_time": 2.0647321428571429e-03,
      "time_unit": "ms"
    },
    {
      "name": "BM_Product_OuterProduct/Model=0x02/D=2/LeftGrade=0/RightGrade=0/Library=GluCatMatrixMulti",
      "run_name": "BM_Product_OuterProduct/Model=0x02/D=2/LeftGrade=0/RightGrade=0/Library=GluCatMatrixMulti",
      "run_type": "iteration",
      "iterations": 407273,
      "real_time": 2.2373115916036711e-03,
      "cpu_time": 2.0717062019824542e-03,
      "time_unit": "ms"
    }
  ]
}
