{
  "context": {
    "date": "2019-03-23 07:10:11",
    "executable": "/mnt/c/Users/laffe/Repositories/GitHub/ga-developers/ga-benchmark/build/GABenchmark_Products_EuclideanModel_D3_LEFTGRADE3_RIGHTGRADE0_Versor",
    "num_cpus": 8,
    "mhz_per_cpu": 1992,
    "cpu_scaling_enabled": false,
    "caches": [
    ],
    "load_avg": [0.52,0.58,0.59],
    "library_build_type": "release"
  },
  "benchmarks": [
    {
      "name": "BM_Product_GeometricProduct/Model=0x02/D=3/LeftGrade=3/RightGrade=0/Library=Versor",
      "run_name": "BM_Product_GeometricProduct/Model=0x02/D=3/LeftGrade=3/RightGrade=0/Library=Versor",
      "run_type": "iteration",
      "iterations": 373333,
      "real_time": 1.5405295061279836e-03,
      "cpu_time": 1.5485504897772230e-03,
      "time_unit": "ms"
    },
    {
      "name": "BM_Product_LeftContraction/Model=0x02/D=3/LeftGrade=3/RightGrade=0/Library=Versor",
      "run_name": "BM_Product_LeftContraction/Model=0x02/D=3/LeftGrade=3/RightGrade=0/Library=Versor",
      "run_type": "iteration",
      "iterations": 497778,
      "real_time": 1.5529493006276338e-03,
      "cpu_time": 1.5380852508547988e-03,
      "time_unit": "ms"
    },
    {
      "name": "BM_Product_OuterProduct/Model=0x02/D=3/LeftGrade=3/RightGrade=0/Library=Versor",
      "run_name": "BM_Product_OuterProduct/Model=0x02/D=3/LeftGrade=3/RightGrade=0/Library=Versor",
      "run_type": "iteration",
      "iterations": 560000,
      "real_time": 1.5355540913463172e-03,
      "cpu_time": 1.5066964285714286e-03,
      "time_unit": "ms"
    }
  ]
}
