{
  "context": {
    "date": "2019-03-23 07:01:54",
    "executable": "/mnt/c/Users/laffe/Repositories/GitHub/ga-developers/ga-benchmark/build/GABenchmark_AlgorithmInverseKinematics_ConformalModel_D3_GluCatMatrixMulti",
    "num_cpus": 8,
    "mhz_per_cpu": 1992,
    "cpu_scaling_enabled": false,
    "caches": [
    ],
    "load_avg": [0.52,0.58,0.59],
    "library_build_type": "release"
  },
  "benchmarks": [
    {
      "name": "BM_Algorithm_InverseKinematics/Model=0x01/D=3/Library=GluCatMatrixMulti",
      "run_name": "BM_Algorithm_InverseKinematics/Model=0x01/D=3/Library=GluCatMatrixMulti",
      "run_type": "iteration",
      "iterations": 112,
      "real_time": 5.0734767854529697e+00,
      "cpu_time": 5.1618303571428568e+00,
      "time_unit": "ms"
    }
  ]
}
