{
  "context": {
    "date": "2019-03-23 04:07:31",
    "executable": "/mnt/c/Users/laffe/Repositories/GitHub/ga-developers/ga-benchmark/build/GABenchmark_Products_EuclideanModel_D4_LEFTGRADE0_RIGHTGRADE1_GluCatFramedMulti",
    "num_cpus": 8,
    "mhz_per_cpu": 1992,
    "cpu_scaling_enabled": false,
    "caches": [
    ],
    "load_avg": [0.52,0.58,0.59],
    "library_build_type": "release"
  },
  "benchmarks": [
    {
      "name": "BM_Product_GeometricProduct/Model=0x02/D=4/LeftGrade=0/RightGrade=1/Library=GluCatFramedMulti",
      "run_name": "BM_Product_GeometricProduct/Model=0x02/D=4/LeftGrade=0/RightGrade=1/Library=GluCatFramedMulti",
      "run_type": "iteration",
      "iterations": 373333,
      "real_time": 1.8973179582345476e-03,
      "cpu_time": 1.9252249332365476e-03,
      "time_unit": "ms"
    },
    {
      "name": "BM_Product_HestenesInnerProduct/Model=0x02/D=4/LeftGrade=0/RightGrade=1/Library=GluCatFramedMulti",
      "run_name": "BM_Product_HestenesInnerProduct/Model=0x02/D=4/LeftGrade=0/RightGrade=1/Library=GluCatFramedMulti",
      "run_type": "iteration",
      "iterations": 373333,
      "real_time": 1.6289757415293750e-03,
      "cpu_time": 1.6322559216570729e-03,
      "time_unit": "ms"
    },
    {
      "name": "BM_Product_LeftContraction/Model=0x02/D=4/LeftGrade=0/RightGrade=1/Library=GluCatFramedMulti",
      "run_name": "BM_Product_LeftContraction/Model=0x02/D=4/LeftGrade=0/RightGrade=1/Library=GluCatFramedMulti",
      "run_type": "iteration",
      "iterations": 373333,
      "real_time": 1.9180795770473310e-03,
      "cpu_time": 1.8833722172966227e-03,
      "time_unit": "ms"
    },
    {
      "name": "BM_Product_OuterProduct/Model=0x02/D=4/LeftGrade=0/RightGrade=1/Library=GluCatFramedMulti",
      "run_name": "BM_Product_OuterProduct/Model=0x02/D=4/LeftGrade=0/RightGrade=1/Library=GluCatFramedMulti",
      "run_type": "iteration",
      "iterations": 344615,
      "real_time": 1.9010034641977805e-03,
      "cpu_time": 1.7682776431670124e-03,
      "time_unit": "ms"
    }
  ]
}
