{
  "context": {
    "date": "2019-03-23 03:13:22",
    "executable": "/mnt/c/Users/laffe/Repositories/GitHub/ga-developers/ga-benchmark/build/GABenchmark_Products_EuclideanModel_D2_LEFTGRADE2_RIGHTGRADE1_Garamon",
    "num_cpus": 8,
    "mhz_per_cpu": 1992,
    "cpu_scaling_enabled": false,
    "caches": [
    ],
    "load_avg": [0.52,0.58,0.59],
    "library_build_type": "release"
  },
  "benchmarks": [
    {
      "name": "BM_Product_GeometricProduct/Model=0x02/D=2/LeftGrade=2/RightGrade=1/Library=Garamon",
      "run_name": "BM_Product_GeometricProduct/Model=0x02/D=2/LeftGrade=2/RightGrade=1/Library=Garamon",
      "run_type": "iteration",
      "iterations": 407273,
      "real_time": 1.6387855243353211e-03,
      "cpu_time": 1.9182464833170871e-03,
      "time_unit": "ms"
    },
    {
      "name": "BM_Product_HestenesInnerProduct/Model=0x02/D=2/LeftGrade=2/RightGrade=1/Library=Garamon",
      "run_name": "BM_Product_HestenesInnerProduct/Model=0x02/D=2/LeftGrade=2/RightGrade=1/Library=Garamon",
      "run_type": "iteration",
      "iterations": 320000,
      "real_time": 1.6137987544425415e-03,
      "cpu_time": 1.8066406250000001e-03,
      "time_unit": "ms"
    },
    {
      "name": "BM_Product_LeftContraction/Model=0x02/D=2/LeftGrade=2/RightGrade=1/Library=Garamon",
      "run_name": "BM_Product_LeftContraction/Model=0x02/D=2/LeftGrade=2/RightGrade=1/Library=Garamon",
      "run_type": "iteration",
      "iterations": 640000,
      "real_time": 1.5769265739436378e-03,
      "cpu_time": 1.4892578124999999e-03,
      "time_unit": "ms"
    },
    {
      "name": "BM_Product_OuterProduct/Model=0x02/D=2/LeftGrade=2/RightGrade=1/Library=Garamon",
      "run_name": "BM_Product_OuterProduct/Model=0x02/D=2/LeftGrade=2/RightGrade=1/Library=Garamon",
      "run_type": "iteration",
      "iterations": 746667,
      "real_time": 1.5785994238381371e-03,
      "cpu_time": 1.3811377762777785e-03,
      "time_unit": "ms"
    },
    {
      "name": "BM_Product_RightContraction/Model=0x02/D=2/LeftGrade=2/RightGrade=1/Library=Garamon",
      "run_name": "BM_Product_RightContraction/Model=0x02/D=2/LeftGrade=2/RightGrade=1/Library=Garamon",
      "run_type": "iteration",
      "iterations": 407273,
      "real_time": 1.6141494853318232e-03,
      "cpu_time": 2.0717062019824542e-03,
      "time_unit": "ms"
    },
    {
      "name": "BM_Product_ScalarProduct/Model=0x02/D=2/LeftGrade=2/RightGrade=1/Library=Garamon",
      "run_name": "BM_Product_ScalarProduct/Model=0x02/D=2/LeftGrade=2/RightGrade=1/Library=Garamon",
      "run_type": "iteration",
      "iterations": 373333,
      "real_time": 1.5931658998400832e-03,
      "cpu_time": 1.7578140694768478e-03,
      "time_unit": "ms"
    }
  ]
}
