{
  "context": {
    "date": "2019-03-23 02:37:00",
    "executable": "/mnt/c/Users/laffe/Repositories/GitHub/ga-developers/ga-benchmark/build/GABenchmark_Products_EuclideanModel_D3_LEFTGRADE3_RIGHTGRADE2_Gaalop",
    "num_cpus": 8,
    "mhz_per_cpu": 1992,
    "cpu_scaling_enabled": false,
    "caches": [
    ],
    "load_avg": [0.52,0.58,0.59],
    "library_build_type": "release"
  },
  "benchmarks": [
    {
      "name": "BM_Product_GeometricProduct/Model=0x02/D=3/LeftGrade=3/RightGrade=2/Library=Gaalop",
      "run_name": "BM_Product_GeometricProduct/Model=0x02/D=3/LeftGrade=3/RightGrade=2/Library=Gaalop",
      "run_type": "iteration",
      "iterations": 448000,
      "real_time": 1.5470381687399432e-03,
      "cpu_time": 1.2904575892857145e-03,
      "time_unit": "ms"
    },
    {
      "name": "BM_Product_HestenesInnerProduct/Model=0x02/D=3/LeftGrade=3/RightGrade=2/Library=Gaalop",
      "run_name": "BM_Product_HestenesInnerProduct/Model=0x02/D=3/LeftGrade=3/RightGrade=2/Library=Gaalop",
      "run_type": "iteration",
      "iterations": 746667,
      "real_time": 1.5481523972719863e-03,
      "cpu_time": 1.3183587864469704e-03,
      "time_unit": "ms"
    },
    {
      "name": "BM_Product_OuterProduct/Model=0x02/D=3/LeftGrade=3/RightGrade=2/Library=Gaalop",
      "run_name": "BM_Product_OuterProduct/Model=0x02/D=3/LeftGrade=3/RightGrade=2/Library=Gaalop",
      "run_type": "iteration",
      "iterations": 407273,
      "real_time": 1.5566806459419295e-03,
      "cpu_time": 1.4195023976546445e-03,
      "time_unit": "ms"
    }
  ]
}
