{
  "context": {
    "date": "2019-03-23 02:57:25",
    "executable": "/mnt/c/Users/laffe/Repositories/GitHub/ga-developers/ga-benchmark/build/GABenchmark_AlgorithmInverseKinematics_ConformalModel_D3_Gaalop",
    "num_cpus": 8,
    "mhz_per_cpu": 1992,
    "cpu_scaling_enabled": false,
    "caches": [
    ],
    "load_avg": [0.52,0.58,0.59],
    "library_build_type": "release"
  },
  "benchmarks": [
    {
      "name": "BM_Algorithm_InverseKinematics/Model=0x01/D=3/Library=Gaalop",
      "run_name": "BM_Algorithm_InverseKinematics/Model=0x01/D=3/Library=Gaalop",
      "run_type": "iteration",
      "iterations": 172308,
      "real_time": 4.3715097325116702e-03,
      "cpu_time": 4.2619901571604333e-03,
      "time_unit": "ms"
    }
  ]
}
