{
  "context": {
    "date": "2019-03-23 04:57:13",
    "executable": "/mnt/c/Users/laffe/Repositories/GitHub/ga-developers/ga-benchmark/build/GABenchmark_Products_EuclideanModel_D3_LEFTGRADE1_RIGHTGRADE0_GluCatMatrixMulti",
    "num_cpus": 8,
    "mhz_per_cpu": 1992,
    "cpu_scaling_enabled": false,
    "caches": [
    ],
    "load_avg": [0.52,0.58,0.59],
    "library_build_type": "release"
  },
  "benchmarks": [
    {
      "name": "BM_Product_GeometricProduct/Model=0x02/D=3/LeftGrade=1/RightGrade=0/Library=GluCatMatrixMulti",
      "run_name": "BM_Product_GeometricProduct/Model=0x02/D=3/LeftGrade=1/RightGrade=0/Library=GluCatMatrixMulti",
      "run_type": "iteration",
      "iterations": 112000,
      "real_time": 5.9604526608641861e-03,
      "cpu_time": 5.3013392857142860e-03,
      "time_unit": "ms"
    },
    {
      "name": "BM_Product_HestenesInnerProduct/Model=0x02/D=3/LeftGrade=1/RightGrade=0/Library=GluCatMatrixMulti",
      "run_name": "BM_Product_HestenesInnerProduct/Model=0x02/D=3/LeftGrade=1/RightGrade=0/Library=GluCatMatrixMulti",
      "run_type": "iteration",
      "iterations": 186667,
      "real_time": 4.2216482007472918e-03,
      "cpu_time": 3.5993239297786969e-03,
      "time_unit": "ms"
    },
    {
      "name": "BM_Product_LeftContraction/Model=0x02/D=3/LeftGrade=1/RightGrade=0/Library=GluCatMatrixMulti",
      "run_name": "BM_Product_LeftContraction/Model=0x02/D=3/LeftGrade=1/RightGrade=0/Library=GluCatMatrixMulti",
      "run_type": "iteration",
      "iterations": 165926,
      "real_time": 4.1813241314073929e-03,
      "cpu_time": 3.5784024203560625e-03,
      "time_unit": "ms"
    },
    {
      "name": "BM_Product_OuterProduct/Model=0x02/D=3/LeftGrade=1/RightGrade=0/Library=GluCatMatrixMulti",
      "run_name": "BM_Product_OuterProduct/Model=0x02/D=3/LeftGrade=1/RightGrade=0/Library=GluCatMatrixMulti",
      "run_type": "iteration",
      "iterations": 100000,
      "real_time": 6.9510259653907270e-03,
      "cpu_time": 6.8750000000000000e-03,
      "time_unit": "ms"
    }
  ]
}
