{
  "context": {
    "date": "2019-03-23 05:03:46",
    "executable": "/mnt/c/Users/laffe/Repositories/GitHub/ga-developers/ga-benchmark/build/GABenchmark_Products_EuclideanModel_D4_LEFTGRADE0_RIGHTGRADE1_GluCatMatrixMulti",
    "num_cpus": 8,
    "mhz_per_cpu": 1992,
    "cpu_scaling_enabled": false,
    "caches": [
    ],
    "load_avg": [0.52,0.58,0.59],
    "library_build_type": "release"
  },
  "benchmarks": [
    {
      "name": "BM_Product_GeometricProduct/Model=0x02/D=4/LeftGrade=0/RightGrade=1/Library=GluCatMatrixMulti",
      "run_name": "BM_Product_GeometricProduct/Model=0x02/D=4/LeftGrade=0/RightGrade=1/Library=GluCatMatrixMulti",
      "run_type": "iteration",
      "iterations": 28000,
      "real_time": 2.2448967687003978e-02,
      "cpu_time": 2.5669642857142856e-02,
      "time_unit": "ms"
    },
    {
      "name": "BM_Product_HestenesInnerProduct/Model=0x02/D=4/LeftGrade=0/RightGrade=1/Library=GluCatMatrixMulti",
      "run_name": "BM_Product_HestenesInnerProduct/Model=0x02/D=4/LeftGrade=0/RightGrade=1/Library=GluCatMatrixMulti",
      "run_type": "iteration",
      "iterations": 89600,
      "real_time": 1.9381507805259650e-02,
      "cpu_time": 1.9880022321428572e-02,
      "time_unit": "ms"
    },
    {
      "name": "BM_Product_LeftContraction/Model=0x02/D=4/LeftGrade=0/RightGrade=1/Library=GluCatMatrixMulti",
      "run_name": "BM_Product_LeftContraction/Model=0x02/D=4/LeftGrade=0/RightGrade=1/Library=GluCatMatrixMulti",
      "run_type": "iteration",
      "iterations": 22400,
      "real_time": 2.5860508906459603e-02,
      "cpu_time": 2.9994419642857144e-02,
      "time_unit": "ms"
    },
    {
      "name": "BM_Product_OuterProduct/Model=0x02/D=4/LeftGrade=0/RightGrade=1/Library=GluCatMatrixMulti",
      "run_name": "BM_Product_OuterProduct/Model=0x02/D=4/LeftGrade=0/RightGrade=1/Library=GluCatMatrixMulti",
      "run_type": "iteration",
      "iterations": 24889,
      "real_time": 2.5888983081172191e-02,
      "cpu_time": 2.5111495037968581e-02,
      "time_unit": "ms"
    }
  ]
}
