{
  "context": {
    "date": "2019-03-23 02:30:05",
    "executable": "/mnt/c/Users/laffe/Repositories/GitHub/ga-developers/ga-benchmark/build/GABenchmark_Products_ConformalModel_D2_LEFTGRADE3_RIGHTGRADE0_Gaalop",
    "num_cpus": 8,
    "mhz_per_cpu": 1992,
    "cpu_scaling_enabled": false,
    "caches": [
    ],
    "load_avg": [0.52,0.58,0.59],
    "library_build_type": "release"
  },
  "benchmarks": [
    {
      "name": "BM_Product_GeometricProduct/Model=0x01/D=2/LeftGrade=3/RightGrade=0/Library=Gaalop",
      "run_name": "BM_Product_GeometricProduct/Model=0x01/D=2/LeftGrade=3/RightGrade=0/Library=Gaalop",
      "run_type": "iteration",
      "iterations": 640000,
      "real_time": 1.5609410861543438e-03,
      "cpu_time": 1.7333984374999999e-03,
      "time_unit": "ms"
    },
    {
      "name": "BM_Product_HestenesInnerProduct/Model=0x01/D=2/LeftGrade=3/RightGrade=0/Library=Gaalop",
      "run_name": "BM_Product_HestenesInnerProduct/Model=0x01/D=2/LeftGrade=3/RightGrade=0/Library=Gaalop",
      "run_type": "iteration",
      "iterations": 560000,
      "real_time": 1.5443766079053084e-03,
      "cpu_time": 1.5345982142857143e-03,
      "time_unit": "ms"
    },
    {
      "name": "BM_Product_OuterProduct/Model=0x01/D=2/LeftGrade=3/RightGrade=0/Library=Gaalop",
      "run_name": "BM_Product_OuterProduct/Model=0x01/D=2/LeftGrade=3/RightGrade=0/Library=Gaalop",
      "run_type": "iteration",
      "iterations": 407273,
      "real_time": 1.5624047944879107e-03,
      "cpu_time": 1.4578673273209861e-03,
      "time_unit": "ms"
    }
  ]
}
