{
  "context": {
    "date": "2019-03-23 07:08:01",
    "executable": "/mnt/c/Users/laffe/Repositories/GitHub/ga-developers/ga-benchmark/build/GABenchmark_Products_ConformalModel_D3_LEFTGRADE5_RIGHTGRADE5_Versor",
    "num_cpus": 8,
    "mhz_per_cpu": 1992,
    "cpu_scaling_enabled": false,
    "caches": [
    ],
    "load_avg": [0.52,0.58,0.59],
    "library_build_type": "release"
  },
  "benchmarks": [
    {
      "name": "BM_Product_GeometricProduct/Model=0x01/D=3/LeftGrade=5/RightGrade=5/Library=Versor",
      "run_name": "BM_Product_GeometricProduct/Model=0x01/D=3/LeftGrade=5/RightGrade=5/Library=Versor",
      "run_type": "iteration",
      "iterations": 746667,
      "real_time": 1.5542900712716774e-03,
      "cpu_time": 1.4857694259957917e-03,
      "time_unit": "ms"
    },
    {
      "name": "BM_Product_LeftContraction/Model=0x01/D=3/LeftGrade=5/RightGrade=5/Library=Versor",
      "run_name": "BM_Product_LeftContraction/Model=0x01/D=3/LeftGrade=5/RightGrade=5/Library=Versor",
      "run_type": "iteration",
      "iterations": 407273,
      "real_time": 1.5480250364348926e-03,
      "cpu_time": 1.8415166239844035e-03,
      "time_unit": "ms"
    },
    {
      "name": "BM_Product_OuterProduct/Model=0x01/D=3/LeftGrade=5/RightGrade=5/Library=Versor",
      "run_name": "BM_Product_OuterProduct/Model=0x01/D=3/LeftGrade=5/RightGrade=5/Library=Versor",
      "run_type": "iteration",
      "iterations": 407273,
      "real_time": 1.5364772479521452e-03,
      "cpu_time": 1.7264218349853783e-03,
      "time_unit": "ms"
    }
  ]
}
