{
  "context": {
    "date": "2019-03-23 03:03:37",
    "executable": "/mnt/c/Users/laffe/Repositories/GitHub/ga-developers/ga-benchmark/build/GABenchmark_Products_ConformalModel_D3_LEFTGRADE0_RIGHTGRADE0_Garamon",
    "num_cpus": 8,
    "mhz_per_cpu": 1992,
    "cpu_scaling_enabled": false,
    "caches": [
    ],
    "load_avg": [0.52,0.58,0.59],
    "library_build_type": "release"
  },
  "benchmarks": [
    {
      "name": "BM_Product_GeometricProduct/Model=0x01/D=3/LeftGrade=0/RightGrade=0/Library=Garamon",
      "run_name": "BM_Product_GeometricProduct/Model=0x01/D=3/LeftGrade=0/RightGrade=0/Library=Garamon",
      "run_type": "iteration",
      "iterations": 746667,
      "real_time": 1.6135761942800740e-03,
      "cpu_time": 1.5485484158266000e-03,
      "time_unit": "ms"
    },
    {
      "name": "BM_Product_HestenesInnerProduct/Model=0x01/D=3/LeftGrade=0/RightGrade=0/Library=Garamon",
      "run_name": "BM_Product_HestenesInnerProduct/Model=0x01/D=3/LeftGrade=0/RightGrade=0/Library=Garamon",
      "run_type": "iteration",
      "iterations": 344615,
      "real_time": 1.6059156348495194e-03,
      "cpu_time": 1.6775967383892169e-03,
      "time_unit": "ms"
    },
    {
      "name": "BM_Product_LeftContraction/Model=0x01/D=3/LeftGrade=0/RightGrade=0/Library=Garamon",
      "run_name": "BM_Product_LeftContraction/Model=0x01/D=3/LeftGrade=0/RightGrade=0/Library=Garamon",
      "run_type": "iteration",
      "iterations": 497778,
      "real_time": 1.6252118418267898e-03,
      "cpu_time": 1.5694747457702027e-03,
      "time_unit": "ms"
    },
    {
      "name": "BM_Product_OuterProduct/Model=0x01/D=3/LeftGrade=0/RightGrade=0/Library=Garamon",
      "run_name": "BM_Product_OuterProduct/Model=0x01/D=3/LeftGrade=0/RightGrade=0/Library=Garamon",
      "run_type": "iteration",
      "iterations": 560000,
      "real_time": 1.6079964298114646e-03,
      "cpu_time": 1.7857142857142857e-03,
      "time_unit": "ms"
    },
    {
      "name": "BM_Product_RightContraction/Model=0x01/D=3/LeftGrade=0/RightGrade=0/Library=Garamon",
      "run_name": "BM_Product_RightContraction/Model=0x01/D=3/LeftGrade=0/RightGrade=0/Library=Garamon",
      "run_type": "iteration",
      "iterations": 344615,
      "real_time": 1.6049196964760758e-03,
      "cpu_time": 1.5869158336114214e-03,
      "time_unit": "ms"
    },
    {
      "name": "BM_Product_ScalarProduct/Model=0x01/D=3/LeftGrade=0/RightGrade=0/Library=Garamon",
      "run_name": "BM_Product_ScalarProduct/Model=0x01/D=3/LeftGrade=0/RightGrade=0/Library=Garamon",
      "run_type": "iteration",
      "iterations": 373333,
      "real_time": 1.6318431540302905e-03,
      "cpu_time": 1.8833722172966227e-03,
      "time_unit": "ms"
    }
  ]
}
