{
  "context": {
    "date": "2019-03-23 07:10:37",
    "executable": "/mnt/c/Users/laffe/Repositories/GitHub/ga-developers/ga-benchmark/build/GABenchmark_Products_EuclideanModel_D4_LEFTGRADE0_RIGHTGRADE0_Versor",
    "num_cpus": 8,
    "mhz_per_cpu": 1992,
    "cpu_scaling_enabled": false,
    "caches": [
    ],
    "load_avg": [0.52,0.58,0.59],
    "library_build_type": "release"
  },
  "benchmarks": [
    {
      "name": "BM_Product_GeometricProduct/Model=0x02/D=4/LeftGrade=0/RightGrade=0/Library=Versor",
      "run_name": "BM_Product_GeometricProduct/Model=0x02/D=4/LeftGrade=0/RightGrade=0/Library=Versor",
      "run_type": "iteration",
      "iterations": 497778,
      "real_time": 1.5377812983678777e-03,
      "cpu_time": 1.2869692915315663e-03,
      "time_unit": "ms"
    },
    {
      "name": "BM_Product_LeftContraction/Model=0x02/D=4/LeftGrade=0/RightGrade=0/Library=Versor",
      "run_name": "BM_Product_LeftContraction/Model=0x02/D=4/LeftGrade=0/RightGrade=0/Library=Versor",
      "run_type": "iteration",
      "iterations": 640000,
      "real_time": 1.5477298527002859e-03,
      "cpu_time": 1.7333984374999999e-03,
      "time_unit": "ms"
    },
    {
      "name": "BM_Product_OuterProduct/Model=0x02/D=4/LeftGrade=0/RightGrade=0/Library=Versor",
      "run_name": "BM_Product_OuterProduct/Model=0x02/D=4/LeftGrade=0/RightGrade=0/Library=Versor",
      "run_type": "iteration",
      "iterations": 560000,
      "real_time": 1.5340791188853992e-03,
      "cpu_time": 1.2555803571428572e-03,
      "time_unit": "ms"
    }
  ]
}
