{
  "context": {
    "date": "2019-03-23 07:04:56",
    "executable": "/mnt/c/Users/laffe/Repositories/GitHub/ga-developers/ga-benchmark/build/GABenchmark_Products_ConformalModel_D3_LEFTGRADE0_RIGHTGRADE5_Versor",
    "num_cpus": 8,
    "mhz_per_cpu": 1992,
    "cpu_scaling_enabled": false,
    "caches": [
    ],
    "load_avg": [0.52,0.58,0.59],
    "library_build_type": "release"
  },
  "benchmarks": [
    {
      "name": "BM_Product_GeometricProduct/Model=0x01/D=3/LeftGrade=0/RightGrade=5/Library=Versor",
      "run_name": "BM_Product_GeometricProduct/Model=0x01/D=3/LeftGrade=0/RightGrade=5/Library=Versor",
      "run_type": "iteration",
      "iterations": 448000,
      "real_time": 1.5543354854474143e-03,
      "cpu_time": 1.6392299107142857e-03,
      "time_unit": "ms"
    },
    {
      "name": "BM_Product_LeftContraction/Model=0x01/D=3/LeftGrade=0/RightGrade=5/Library=Versor",
      "run_name": "BM_Product_LeftContraction/Model=0x01/D=3/LeftGrade=0/RightGrade=5/Library=Versor",
      "run_type": "iteration",
      "iterations": 640000,
      "real_time": 1.5553379684206448e-03,
      "cpu_time": 1.3916015625000000e-03,
      "time_unit": "ms"
    },
    {
      "name": "BM_Product_OuterProduct/Model=0x01/D=3/LeftGrade=0/RightGrade=5/Library=Versor",
      "run_name": "BM_Product_OuterProduct/Model=0x01/D=3/LeftGrade=0/RightGrade=5/Library=Versor",
      "run_type": "iteration",
      "iterations": 497778,
      "real_time": 1.5378489942500749e-03,
      "cpu_time": 1.3183587864469704e-03,
      "time_unit": "ms"
    }
  ]
}
