{
  "context": {
    "date": "2019-03-23 01:36:46",
    "executable": "/mnt/c/Users/laffe/Repositories/GitHub/ga-developers/ga-benchmark/build/GABenchmark_Products_EuclideanModel_D4_LEFTGRADE1_RIGHTGRADE2_GATL",
    "num_cpus": 8,
    "mhz_per_cpu": 1992,
    "cpu_scaling_enabled": false,
    "caches": [
    ],
    "load_avg": [0.52,0.58,0.59],
    "library_build_type": "release"
  },
  "benchmarks": [
    {
      "name": "BM_Product_DotProduct/Model=0x02/D=4/LeftGrade=1/RightGrade=2/Library=GATL",
      "run_name": "BM_Product_DotProduct/Model=0x02/D=4/LeftGrade=1/RightGrade=2/Library=GATL",
      "run_type": "iteration",
      "iterations": 448000,
      "real_time": 1.5618256534902944e-03,
      "cpu_time": 1.4299665178571425e-03,
      "time_unit": "ms"
    },
    {
      "name": "BM_Product_GeometricProduct/Model=0x02/D=4/LeftGrade=1/RightGrade=2/Library=GATL",
      "run_name": "BM_Product_GeometricProduct/Model=0x02/D=4/LeftGrade=1/RightGrade=2/Library=GATL",
      "run_type": "iteration",
      "iterations": 560000,
      "real_time": 1.5480441046487872e-03,
      "cpu_time": 1.4229910714285714e-03,
      "time_unit": "ms"
    },
    {
      "name": "BM_Product_HestenesInnerProduct/Model=0x02/D=4/LeftGrade=1/RightGrade=2/Library=GATL",
      "run_name": "BM_Product_HestenesInnerProduct/Model=0x02/D=4/LeftGrade=1/RightGrade=2/Library=GATL",
      "run_type": "iteration",
      "iterations": 407273,
      "real_time": 1.5431892142602206e-03,
      "cpu_time": 1.3811374679883028e-03,
      "time_unit": "ms"
    },
    {
      "name": "BM_Product_LeftContraction/Model=0x02/D=4/LeftGrade=1/RightGrade=2/Library=GATL",
      "run_name": "BM_Product_LeftContraction/Model=0x02/D=4/LeftGrade=1/RightGrade=2/Library=GATL",
      "run_type": "iteration",
      "iterations": 497778,
      "real_time": 1.5604369933471800e-03,
      "cpu_time": 1.3497482813623744e-03,
      "time_unit": "ms"
    },
    {
      "name": "BM_Product_OuterProduct/Model=0x02/D=4/LeftGrade=1/RightGrade=2/Library=GATL",
      "run_name": "BM_Product_OuterProduct/Model=0x02/D=4/LeftGrade=1/RightGrade=2/Library=GATL",
      "run_type": "iteration",
      "iterations": 640000,
      "real_time": 1.5519424996455200e-03,
      "cpu_time": 1.5869140625000000e-03,
      "time_unit": "ms"
    },
    {
      "name": "BM_Product_RegressiveProduct/Model=0x02/D=4/LeftGrade=1/RightGrade=2/Library=GATL",
      "run_name": "BM_Product_RegressiveProduct/Model=0x02/D=4/LeftGrade=1/RightGrade=2/Library=GATL",
      "run_type": "iteration",
      "iterations": 497778,
      "real_time": 1.5601535158246067e-03,
      "cpu_time": 1.6008642406856069e-03,
      "time_unit": "ms"
    },
    {
      "name": "BM_Product_RightContraction/Model=0x02/D=4/LeftGrade=1/RightGrade=2/Library=GATL",
      "run_name": "BM_Product_RightContraction/Model=0x02/D=4/LeftGrade=1/RightGrade=2/Library=GATL",
      "run_type": "iteration",
      "iterations": 448000,
      "real_time": 1.5514982064165192e-03,
      "cpu_time": 1.4648437500000000e-03,
      "time_unit": "ms"
    },
    {
      "name": "BM_Product_ScalarProduct/Model=0x02/D=4/LeftGrade=1/RightGrade=2/Library=GATL",
      "run_name": "BM_Product_ScalarProduct/Model=0x02/D=4/LeftGrade=1/RightGrade=2/Library=GATL",
      "run_type": "iteration",
      "iterations": 640000,
      "real_time": 1.5500673439419188e-03,
      "cpu_time": 1.5625000000000001e-03,
      "time_unit": "ms"
    }
  ]
}
