{
  "context": {
    "date": "2019-03-23 07:03:05",
    "executable": "/mnt/c/Users/laffe/Repositories/GitHub/ga-developers/ga-benchmark/build/GABenchmark_Products_ConformalModel_D2_LEFTGRADE2_RIGHTGRADE2_Versor",
    "num_cpus": 8,
    "mhz_per_cpu": 1992,
    "cpu_scaling_enabled": false,
    "caches": [
    ],
    "load_avg": [0.52,0.58,0.59],
    "library_build_type": "release"
  },
  "benchmarks": [
    {
      "name": "BM_Product_GeometricProduct/Model=0x01/D=2/LeftGrade=2/RightGrade=2/Library=Versor",
      "run_name": "BM_Product_GeometricProduct/Model=0x01/D=2/LeftGrade=2/RightGrade=2/Library=Versor",
      "run_type": "iteration",
      "iterations": 373333,
      "real_time": 1.5510618952789216e-03,
      "cpu_time": 1.6741086375969981e-03,
      "time_unit": "ms"
    },
    {
      "name": "BM_Product_LeftContraction/Model=0x01/D=2/LeftGrade=2/RightGrade=2/Library=Versor",
      "run_name": "BM_Product_LeftContraction/Model=0x01/D=2/LeftGrade=2/RightGrade=2/Library=Versor",
      "run_type": "iteration",
      "iterations": 746667,
      "real_time": 1.5493585453499397e-03,
      "cpu_time": 1.7578117152626271e-03,
      "time_unit": "ms"
    },
    {
      "name": "BM_Product_OuterProduct/Model=0x01/D=2/LeftGrade=2/RightGrade=2/Library=Versor",
      "run_name": "BM_Product_OuterProduct/Model=0x01/D=2/LeftGrade=2/RightGrade=2/Library=Versor",
      "run_type": "iteration",
      "iterations": 448000,
      "real_time": 1.5427901652011705e-03,
      "cpu_time": 1.4648437500000000e-03,
      "time_unit": "ms"
    }
  ]
}
