{
  "context": {
    "date": "2019-03-23 03:16:32",
    "executable": "/mnt/c/Users/laffe/Repositories/GitHub/ga-developers/ga-benchmark/build/GABenchmark_Products_EuclideanModel_D3_LEFTGRADE3_RIGHTGRADE1_Garamon",
    "num_cpus": 8,
    "mhz_per_cpu": 1992,
    "cpu_scaling_enabled": false,
    "caches": [
    ],
    "load_avg": [0.52,0.58,0.59],
    "library_build_type": "release"
  },
  "benchmarks": [
    {
      "name": "BM_Product_GeometricProduct/Model=0x02/D=3/LeftGrade=3/RightGrade=1/Library=Garamon",
      "run_name": "BM_Product_GeometricProduct/Model=0x02/D=3/LeftGrade=3/RightGrade=1/Library=Garamon",
      "run_type": "iteration",
      "iterations": 448000,
      "real_time": 1.6196312547305883e-03,
      "cpu_time": 1.3253348214285715e-03,
      "time_unit": "ms"
    },
    {
      "name": "BM_Product_HestenesInnerProduct/Model=0x02/D=3/LeftGrade=3/RightGrade=1/Library=Garamon",
      "run_name": "BM_Product_HestenesInnerProduct/Model=0x02/D=3/LeftGrade=3/RightGrade=1/Library=Garamon",
      "run_type": "iteration",
      "iterations": 344615,
      "real_time": 1.6413232099770823e-03,
      "cpu_time": 1.9949799051115014e-03,
      "time_unit": "ms"
    },
    {
      "name": "BM_Product_LeftContraction/Model=0x02/D=3/LeftGrade=3/RightGrade=1/Library=Garamon",
      "run_name": "BM_Product_LeftContraction/Model=0x02/D=3/LeftGrade=3/RightGrade=1/Library=Garamon",
      "run_type": "iteration",
      "iterations": 497778,
      "real_time": 1.5754300038112660e-03,
      "cpu_time": 1.4753062610239906e-03,
      "time_unit": "ms"
    },
    {
      "name": "BM_Product_OuterProduct/Model=0x02/D=3/LeftGrade=3/RightGrade=1/Library=Garamon",
      "run_name": "BM_Product_OuterProduct/Model=0x02/D=3/LeftGrade=3/RightGrade=1/Library=Garamon",
      "run_type": "iteration",
      "iterations": 560000,
      "real_time": 1.5919199902522710e-03,
      "cpu_time": 1.2834821428571429e-03,
      "time_unit": "ms"
    },
    {
      "name": "BM_Product_RightContraction/Model=0x02/D=3/LeftGrade=3/RightGrade=1/Library=Garamon",
      "run_name": "BM_Product_RightContraction/Model=0x02/D=3/LeftGrade=3/RightGrade=1/Library=Garamon",
      "run_type": "iteration",
      "iterations": 448000,
      "real_time": 1.6182642814653394e-03,
      "cpu_time": 1.8484933035714285e-03,
      "time_unit": "ms"
    },
    {
      "name": "BM_Product_ScalarProduct/Model=0x02/D=3/LeftGrade=3/RightGrade=1/Library=Garamon",
      "run_name": "BM_Product_ScalarProduct/Model=0x02/D=3/LeftGrade=3/RightGrade=1/Library=Garamon",
      "run_type": "iteration",
      "iterations": 497778,
      "real_time": 1.5768003093081060e-03,
      "cpu_time": 1.3183587864469704e-03,
      "time_unit": "ms"
    }
  ]
}
