{
  "context": {
    "date": "2019-03-23 02:34:48",
    "executable": "/mnt/c/Users/laffe/Repositories/GitHub/ga-developers/ga-benchmark/build/GABenchmark_Products_EuclideanModel_D2_LEFTGRADE0_RIGHTGRADE1_Gaalop",
    "num_cpus": 8,
    "mhz_per_cpu": 1992,
    "cpu_scaling_enabled": false,
    "caches": [
    ],
    "load_avg": [0.52,0.58,0.59],
    "library_build_type": "release"
  },
  "benchmarks": [
    {
      "name": "BM_Product_GeometricProduct/Model=0x02/D=2/LeftGrade=0/RightGrade=1/Library=Gaalop",
      "run_name": "BM_Product_GeometricProduct/Model=0x02/D=2/LeftGrade=0/RightGrade=1/Library=Gaalop",
      "run_type": "iteration",
      "iterations": 560000,
      "real_time": 1.5473878594223476e-03,
      "cpu_time": 1.7857142857142861e-03,
      "time_unit": "ms"
    },
    {
      "name": "BM_Product_HestenesInnerProduct/Model=0x02/D=2/LeftGrade=0/RightGrade=1/Library=Gaalop",
      "run_name": "BM_Product_HestenesInnerProduct/Model=0x02/D=2/LeftGrade=0/RightGrade=1/Library=Gaalop",
      "run_type": "iteration",
      "iterations": 746667,
      "real_time": 1.5554956879970778e-03,
      "cpu_time": 1.4857694259957919e-03,
      "time_unit": "ms"
    },
    {
      "name": "BM_Product_OuterProduct/Model=0x02/D=2/LeftGrade=0/RightGrade=1/Library=Gaalop",
      "run_name": "BM_Product_OuterProduct/Model=0x02/D=2/LeftGrade=0/RightGrade=1/Library=Gaalop",
      "run_type": "iteration",
      "iterations": 593798,
      "real_time": 1.5592277218874030e-03,
      "cpu_time": 1.8682700177501440e-03,
      "time_unit": "ms"
    }
  ]
}
