{
  "context": {
    "date": "2019-03-23 07:06:37",
    "executable": "/mnt/c/Users/laffe/Repositories/GitHub/ga-developers/ga-benchmark/build/GABenchmark_Products_ConformalModel_D3_LEFTGRADE3_RIGHTGRADE4_Versor",
    "num_cpus": 8,
    "mhz_per_cpu": 1992,
    "cpu_scaling_enabled": false,
    "caches": [
    ],
    "load_avg": [0.52,0.58,0.59],
    "library_build_type": "release"
  },
  "benchmarks": [
    {
      "name": "BM_Product_GeometricProduct/Model=0x01/D=3/LeftGrade=3/RightGrade=4/Library=Versor",
      "run_name": "BM_Product_GeometricProduct/Model=0x01/D=3/LeftGrade=3/RightGrade=4/Library=Versor",
      "run_type": "iteration",
      "iterations": 448000,
      "real_time": 1.5632379406399974e-03,
      "cpu_time": 1.4997209821428568e-03,
      "time_unit": "ms"
    },
    {
      "name": "BM_Product_LeftContraction/Model=0x01/D=3/LeftGrade=3/RightGrade=4/Library=Versor",
      "run_name": "BM_Product_LeftContraction/Model=0x01/D=3/LeftGrade=3/RightGrade=4/Library=Versor",
      "run_type": "iteration",
      "iterations": 560000,
      "real_time": 1.5530362418628232e-03,
      "cpu_time": 1.6183035714285715e-03,
      "time_unit": "ms"
    },
    {
      "name": "BM_Product_OuterProduct/Model=0x01/D=3/LeftGrade=3/RightGrade=4/Library=Versor",
      "run_name": "BM_Product_OuterProduct/Model=0x01/D=3/LeftGrade=3/RightGrade=4/Library=Versor",
      "run_type": "iteration",
      "iterations": 497778,
      "real_time": 1.5431415212990951e-03,
      "cpu_time": 1.4439167661085865e-03,
      "time_unit": "ms"
    }
  ]
}
