{
  "context": {
    "date": "2019-03-23 05:07:54",
    "executable": "/mnt/c/Users/laffe/Repositories/GitHub/ga-developers/ga-benchmark/build/GABenchmark_Products_EuclideanModel_D4_LEFTGRADE2_RIGHTGRADE1_GluCatMatrixMulti",
    "num_cpus": 8,
    "mhz_per_cpu": 1992,
    "cpu_scaling_enabled": false,
    "caches": [
    ],
    "load_avg": [0.52,0.58,0.59],
    "library_build_type": "release"
  },
  "benchmarks": [
    {
      "name": "BM_Product_GeometricProduct/Model=0x02/D=4/LeftGrade=2/RightGrade=1/Library=GluCatMatrixMulti",
      "run_name": "BM_Product_GeometricProduct/Model=0x02/D=4/LeftGrade=2/RightGrade=1/Library=GluCatMatrixMulti",
      "run_type": "iteration",
      "iterations": 160000,
      "real_time": 4.7002412855363220e-03,
      "cpu_time": 5.1757812499999998e-03,
      "time_unit": "ms"
    },
    {
      "name": "BM_Product_HestenesInnerProduct/Model=0x02/D=4/LeftGrade=2/RightGrade=1/Library=GluCatMatrixMulti",
      "run_name": "BM_Product_HestenesInnerProduct/Model=0x02/D=4/LeftGrade=2/RightGrade=1/Library=GluCatMatrixMulti",
      "run_type": "iteration",
      "iterations": 11200,
      "real_time": 5.7375982812248240e-02,
      "cpu_time": 5.1618303571428568e-02,
      "time_unit": "ms"
    },
    {
      "name": "BM_Product_LeftContraction/Model=0x02/D=4/LeftGrade=2/RightGrade=1/Library=GluCatMatrixMulti",
      "run_name": "BM_Product_LeftContraction/Model=0x02/D=4/LeftGrade=2/RightGrade=1/Library=GluCatMatrixMulti",
      "run_type": "iteration",
      "iterations": 17231,
      "real_time": 4.9670674835504317e-02,
      "cpu_time": 5.6221345249840404e-02,
      "time_unit": "ms"
    },
    {
      "name": "BM_Product_OuterProduct/Model=0x02/D=4/LeftGrade=2/RightGrade=1/Library=GluCatMatrixMulti",
      "run_name": "BM_Product_OuterProduct/Model=0x02/D=4/LeftGrade=2/RightGrade=1/Library=GluCatMatrixMulti",
      "run_type": "iteration",
      "iterations": 11200,
      "real_time": 5.7746437502958416e-02,
      "cpu_time": 5.7198660714285712e-02,
      "time_unit": "ms"
    }
  ]
}
