{
  "context": {
    "date": "2019-03-23 02:29:12",
    "executable": "/mnt/c/Users/laffe/Repositories/GitHub/ga-developers/ga-benchmark/build/GABenchmark_Products_ConformalModel_D2_LEFTGRADE1_RIGHTGRADE1_Gaalop",
    "num_cpus": 8,
    "mhz_per_cpu": 1992,
    "cpu_scaling_enabled": false,
    "caches": [
    ],
    "load_avg": [0.52,0.58,0.59],
    "library_build_type": "release"
  },
  "benchmarks": [
    {
      "name": "BM_Product_GeometricProduct/Model=0x01/D=2/LeftGrade=1/RightGrade=1/Library=Gaalop",
      "run_name": "BM_Product_GeometricProduct/Model=0x01/D=2/LeftGrade=1/RightGrade=1/Library=Gaalop",
      "run_type": "iteration",
      "iterations": 344615,
      "real_time": 1.5727818021453080e-03,
      "cpu_time": 1.6775967383892169e-03,
      "time_unit": "ms"
    },
    {
      "name": "BM_Product_HestenesInnerProduct/Model=0x01/D=2/LeftGrade=1/RightGrade=1/Library=Gaalop",
      "run_name": "BM_Product_HestenesInnerProduct/Model=0x01/D=2/LeftGrade=1/RightGrade=1/Library=Gaalop",
      "run_type": "iteration",
      "iterations": 640000,
      "real_time": 1.5478189064197067e-03,
      "cpu_time": 1.4892578124999999e-03,
      "time_unit": "ms"
    },
    {
      "name": "BM_Product_OuterProduct/Model=0x01/D=2/LeftGrade=1/RightGrade=1/Library=Gaalop",
      "run_name": "BM_Product_OuterProduct/Model=0x01/D=2/LeftGrade=1/RightGrade=1/Library=Gaalop",
      "run_type": "iteration",
      "iterations": 497778,
      "real_time": 1.5476752731603293e-03,
      "cpu_time": 1.6950327254318190e-03,
      "time_unit": "ms"
    }
  ]
}
