{
  "context": {
    "date": "2019-03-23 05:07:00",
    "executable": "/mnt/c/Users/laffe/Repositories/GitHub/ga-developers/ga-benchmark/build/GABenchmark_Products_EuclideanModel_D4_LEFTGRADE1_RIGHTGRADE4_GluCatMatrixMulti",
    "num_cpus": 8,
    "mhz_per_cpu": 1992,
    "cpu_scaling_enabled": false,
    "caches": [
    ],
    "load_avg": [0.52,0.58,0.59],
    "library_build_type": "release"
  },
  "benchmarks": [
    {
      "name": "BM_Product_GeometricProduct/Model=0x02/D=4/LeftGrade=1/RightGrade=4/Library=GluCatMatrixMulti",
      "run_name": "BM_Product_GeometricProduct/Model=0x02/D=4/LeftGrade=1/RightGrade=4/Library=GluCatMatrixMulti",
      "run_type": "iteration",
      "iterations": 185837,
      "real_time": 3.4965948468518313e-03,
      "cpu_time": 2.7746089314829663e-03,
      "time_unit": "ms"
    },
    {
      "name": "BM_Product_HestenesInnerProduct/Model=0x02/D=4/LeftGrade=1/RightGrade=4/Library=GluCatMatrixMulti",
      "run_name": "BM_Product_HestenesInnerProduct/Model=0x02/D=4/LeftGrade=1/RightGrade=4/Library=GluCatMatrixMulti",
      "run_type": "iteration",
      "iterations": 20364,
      "real_time": 3.3558726138679523e-02,
      "cpu_time": 3.0691416224710274e-02,
      "time_unit": "ms"
    },
    {
      "name": "BM_Product_LeftContraction/Model=0x02/D=4/LeftGrade=1/RightGrade=4/Library=GluCatMatrixMulti",
      "run_name": "BM_Product_LeftContraction/Model=0x02/D=4/LeftGrade=1/RightGrade=4/Library=GluCatMatrixMulti",
      "run_type": "iteration",
      "iterations": 20364,
      "real_time": 3.4261157045282091e-02,
      "cpu_time": 3.0691416224710274e-02,
      "time_unit": "ms"
    },
    {
      "name": "BM_Product_OuterProduct/Model=0x02/D=4/LeftGrade=1/RightGrade=4/Library=GluCatMatrixMulti",
      "run_name": "BM_Product_OuterProduct/Model=0x02/D=4/LeftGrade=1/RightGrade=4/Library=GluCatMatrixMulti",
      "run_type": "iteration",
      "iterations": 32000,
      "real_time": 2.6555234415354789e-02,
      "cpu_time": 2.7832031250000000e-02,
      "time_unit": "ms"
    }
  ]
}
