{
  "context": {
    "date": "2019-03-23 03:11:55",
    "executable": "/mnt/c/Users/laffe/Repositories/GitHub/ga-developers/ga-benchmark/build/GABenchmark_Products_EuclideanModel_D2_LEFTGRADE0_RIGHTGRADE0_Garamon",
    "num_cpus": 8,
    "mhz_per_cpu": 1992,
    "cpu_scaling_enabled": false,
    "caches": [
    ],
    "load_avg": [0.52,0.58,0.59],
    "library_build_type": "release"
  },
  "benchmarks": [
    {
      "name": "BM_Product_GeometricProduct/Model=0x02/D=2/LeftGrade=0/RightGrade=0/Library=Garamon",
      "run_name": "BM_Product_GeometricProduct/Model=0x02/D=2/LeftGrade=0/RightGrade=0/Library=Garamon",
      "run_type": "iteration",
      "iterations": 497778,
      "real_time": 1.6156119817813176e-03,
      "cpu_time": 1.7578117152626267e-03,
      "time_unit": "ms"
    },
    {
      "name": "BM_Product_HestenesInnerProduct/Model=0x02/D=2/LeftGrade=0/RightGrade=0/Library=Garamon",
      "run_name": "BM_Product_HestenesInnerProduct/Model=0x02/D=2/LeftGrade=0/RightGrade=0/Library=Garamon",
      "run_type": "iteration",
      "iterations": 640000,
      "real_time": 1.6064856214143219e-03,
      "cpu_time": 1.5625000000000001e-03,
      "time_unit": "ms"
    },
    {
      "name": "BM_Product_LeftContraction/Model=0x02/D=2/LeftGrade=0/RightGrade=0/Library=Garamon",
      "run_name": "BM_Product_LeftContraction/Model=0x02/D=2/LeftGrade=0/RightGrade=0/Library=Garamon",
      "run_type": "iteration",
      "iterations": 448000,
      "real_time": 1.6222908379859291e-03,
      "cpu_time": 1.6392299107142857e-03,
      "time_unit": "ms"
    },
    {
      "name": "BM_Product_OuterProduct/Model=0x02/D=2/LeftGrade=0/RightGrade=0/Library=Garamon",
      "run_name": "BM_Product_OuterProduct/Model=0x02/D=2/LeftGrade=0/RightGrade=0/Library=Garamon",
      "run_type": "iteration",
      "iterations": 497778,
      "real_time": 1.6095203059883377e-03,
      "cpu_time": 1.6950327254318190e-03,
      "time_unit": "ms"
    },
    {
      "name": "BM_Product_RightContraction/Model=0x02/D=2/LeftGrade=0/RightGrade=0/Library=Garamon",
      "run_name": "BM_Product_RightContraction/Model=0x02/D=2/LeftGrade=0/RightGrade=0/Library=Garamon",
      "run_type": "iteration",
      "iterations": 640000,
      "real_time": 1.6136117157657282e-03,
      "cpu_time": 1.5625000000000001e-03,
      "time_unit": "ms"
    },
    {
      "name": "BM_Product_ScalarProduct/Model=0x02/D=2/LeftGrade=0/RightGrade=0/Library=Garamon",
      "run_name": "BM_Product_ScalarProduct/Model=0x02/D=2/LeftGrade=0/RightGrade=0/Library=Garamon",
      "run_type": "iteration",
      "iterations": 407273,
      "real_time": 1.6004780449941618e-03,
      "cpu_time": 1.4962322569873278e-03,
      "time_unit": "ms"
    }
  ]
}
