{
  "context": {
    "date": "2019-03-23 01:16:04",
    "executable": "/mnt/c/Users/laffe/Repositories/GitHub/ga-developers/ga-benchmark/build/GABenchmark_Products_ConformalModel_D2_LEFTGRADE3_RIGHTGRADE1_GATL",
    "num_cpus": 8,
    "mhz_per_cpu": 1992,
    "cpu_scaling_enabled": false,
    "caches": [
    ],
    "load_avg": [0.52,0.58,0.59],
    "library_build_type": "release"
  },
  "benchmarks": [
    {
      "name": "BM_Product_DotProduct/Model=0x01/D=2/LeftGrade=3/RightGrade=1/Library=GATL",
      "run_name": "BM_Product_DotProduct/Model=0x01/D=2/LeftGrade=3/RightGrade=1/Library=GATL",
      "run_type": "iteration",
      "iterations": 407273,
      "real_time": 1.5583141992477941e-03,
      "cpu_time": 1.3811374679883030e-03,
      "time_unit": "ms"
    },
    {
      "name": "BM_Product_GeometricProduct/Model=0x01/D=2/LeftGrade=3/RightGrade=1/Library=GATL",
      "run_name": "BM_Product_GeometricProduct/Model=0x01/D=2/LeftGrade=3/RightGrade=1/Library=GATL",
      "run_type": "iteration",
      "iterations": 497778,
      "real_time": 1.5450067949128261e-03,
      "cpu_time": 1.8833696949242433e-03,
      "time_unit": "ms"
    },
    {
      "name": "BM_Product_HestenesInnerProduct/Model=0x01/D=2/LeftGrade=3/RightGrade=1/Library=GATL",
      "run_name": "BM_Product_HestenesInnerProduct/Model=0x01/D=2/LeftGrade=3/RightGrade=1/Library=GATL",
      "run_type": "iteration",
      "iterations": 560000,
      "real_time": 1.5455410685847580e-03,
      "cpu_time": 1.4229910714285714e-03,
      "time_unit": "ms"
    },
    {
      "name": "BM_Product_LeftContraction/Model=0x01/D=2/LeftGrade=3/RightGrade=1/Library=GATL",
      "run_name": "BM_Product_LeftContraction/Model=0x01/D=2/LeftGrade=3/RightGrade=1/Library=GATL",
      "run_type": "iteration",
      "iterations": 448000,
      "real_time": 1.5552200842908601e-03,
      "cpu_time": 1.5345982142857143e-03,
      "time_unit": "ms"
    },
    {
      "name": "BM_Product_OuterProduct/Model=0x01/D=2/LeftGrade=3/RightGrade=1/Library=GATL",
      "run_name": "BM_Product_OuterProduct/Model=0x01/D=2/LeftGrade=3/RightGrade=1/Library=GATL",
      "run_type": "iteration",
      "iterations": 407273,
      "real_time": 1.5416745094977004e-03,
      "cpu_time": 1.4962322569873278e-03,
      "time_unit": "ms"
    },
    {
      "name": "BM_Product_RegressiveProduct/Model=0x01/D=2/LeftGrade=3/RightGrade=1/Library=GATL",
      "run_name": "BM_Product_RegressiveProduct/Model=0x01/D=2/LeftGrade=3/RightGrade=1/Library=GATL",
      "run_type": "iteration",
      "iterations": 497778,
      "real_time": 1.5353420498682273e-03,
      "cpu_time": 1.2869692915315663e-03,
      "time_unit": "ms"
    },
    {
      "name": "BM_Product_RightContraction/Model=0x01/D=2/LeftGrade=3/RightGrade=1/Library=GATL",
      "run_name": "BM_Product_RightContraction/Model=0x01/D=2/LeftGrade=3/RightGrade=1/Library=GATL",
      "run_type": "iteration",
      "iterations": 497778,
      "real_time": 1.5559006291584730e-03,
      "cpu_time": 1.3811377762777785e-03,
      "time_unit": "ms"
    },
    {
      "name": "BM_Product_ScalarProduct/Model=0x01/D=2/LeftGrade=3/RightGrade=1/Library=GATL",
      "run_name": "BM_Product_ScalarProduct/Model=0x01/D=2/LeftGrade=3/RightGrade=1/Library=GATL",
      "run_type": "iteration",
      "iterations": 497778,
      "real_time": 1.5383815774269415e-03,
      "cpu_time": 1.4753062610239906e-03,
      "time_unit": "ms"
    }
  ]
}
