{
  "context": {
    "date": "2019-03-23 01:27:51",
    "executable": "/mnt/c/Users/laffe/Repositories/GitHub/ga-developers/ga-benchmark/build/GABenchmark_Products_ConformalModel_D3_LEFTGRADE5_RIGHTGRADE5_GATL",
    "num_cpus": 8,
    "mhz_per_cpu": 1992,
    "cpu_scaling_enabled": false,
    "caches": [
    ],
    "load_avg": [0.52,0.58,0.59],
    "library_build_type": "release"
  },
  "benchmarks": [
    {
      "name": "BM_Product_DotProduct/Model=0x01/D=3/LeftGrade=5/RightGrade=5/Library=GATL",
      "run_name": "BM_Product_DotProduct/Model=0x01/D=3/LeftGrade=5/RightGrade=5/Library=GATL",
      "run_type": "iteration",
      "iterations": 373333,
      "real_time": 1.5429978046605972e-03,
      "cpu_time": 1.7578140694768478e-03,
      "time_unit": "ms"
    },
    {
      "name": "BM_Product_GeometricProduct/Model=0x01/D=3/LeftGrade=5/RightGrade=5/Library=GATL",
      "run_name": "BM_Product_GeometricProduct/Model=0x01/D=3/LeftGrade=5/RightGrade=5/Library=GATL",
      "run_type": "iteration",
      "iterations": 320000,
      "real_time": 1.5665897013604989e-03,
      "cpu_time": 1.7578125000000000e-03,
      "time_unit": "ms"
    },
    {
      "name": "BM_Product_HestenesInnerProduct/Model=0x01/D=3/LeftGrade=5/RightGrade=5/Library=GATL",
      "run_name": "BM_Product_HestenesInnerProduct/Model=0x01/D=3/LeftGrade=5/RightGrade=5/Library=GATL",
      "run_type": "iteration",
      "iterations": 344615,
      "real_time": 1.5416473429273069e-03,
      "cpu_time": 1.4508944764447282e-03,
      "time_unit": "ms"
    },
    {
      "name": "BM_Product_LeftContraction/Model=0x01/D=3/LeftGrade=5/RightGrade=5/Library=GATL",
      "run_name": "BM_Product_LeftContraction/Model=0x01/D=3/LeftGrade=5/RightGrade=5/Library=GATL",
      "run_type": "iteration",
      "iterations": 373333,
      "real_time": 1.5365606545939975e-03,
      "cpu_time": 1.7996667854167727e-03,
      "time_unit": "ms"
    },
    {
      "name": "BM_Product_OuterProduct/Model=0x01/D=3/LeftGrade=5/RightGrade=5/Library=GATL",
      "run_name": "BM_Product_OuterProduct/Model=0x01/D=3/LeftGrade=5/RightGrade=5/Library=GATL",
      "run_type": "iteration",
      "iterations": 494345,
      "real_time": 1.5509012971692796e-03,
      "cpu_time": 1.6435889914937949e-03,
      "time_unit": "ms"
    },
    {
      "name": "BM_Product_RegressiveProduct/Model=0x01/D=3/LeftGrade=5/RightGrade=5/Library=GATL",
      "run_name": "BM_Product_RegressiveProduct/Model=0x01/D=3/LeftGrade=5/RightGrade=5/Library=GATL",
      "run_type": "iteration",
      "iterations": 448000,
      "real_time": 1.5394999987360539e-03,
      "cpu_time": 1.5694754464285715e-03,
      "time_unit": "ms"
    },
    {
      "name": "BM_Product_RightContraction/Model=0x01/D=3/LeftGrade=5/RightGrade=5/Library=GATL",
      "run_name": "BM_Product_RightContraction/Model=0x01/D=3/LeftGrade=5/RightGrade=5/Library=GATL",
      "run_type": "iteration",
      "iterations": 746667,
      "real_time": 1.5504220695467580e-03,
      "cpu_time": 1.5066957559393946e-03,
      "time_unit": "ms"
    },
    {
      "name": "BM_Product_ScalarProduct/Model=0x01/D=3/LeftGrade=5/RightGrade=5/Library=GATL",
      "run_name": "BM_Product_ScalarProduct/Model=0x01/D=3/LeftGrade=5/RightGrade=5/Library=GATL",
      "run_type": "iteration",
      "iterations": 407273,
      "real_time": 1.5385078341219665e-03,
      "cpu_time": 1.4578673273209861e-03,
      "time_unit": "ms"
    }
  ]
}
