{
  "context": {
    "date": "2019-03-23 05:09:17",
    "executable": "/mnt/c/Users/laffe/Repositories/GitHub/ga-developers/ga-benchmark/build/GABenchmark_Products_EuclideanModel_D4_LEFTGRADE2_RIGHTGRADE3_GluCatMatrixMulti",
    "num_cpus": 8,
    "mhz_per_cpu": 1992,
    "cpu_scaling_enabled": false,
    "caches": [
    ],
    "load_avg": [0.52,0.58,0.59],
    "library_build_type": "release"
  },
  "benchmarks": [
    {
      "name": "BM_Product_GeometricProduct/Model=0x02/D=4/LeftGrade=2/RightGrade=3/Library=GluCatMatrixMulti",
      "run_name": "BM_Product_GeometricProduct/Model=0x02/D=4/LeftGrade=2/RightGrade=3/Library=GluCatMatrixMulti",
      "run_type": "iteration",
      "iterations": 213333,
      "real_time": 4.6044920105096391e-03,
      "cpu_time": 3.8818420028781295e-03,
      "time_unit": "ms"
    },
    {
      "name": "BM_Product_HestenesInnerProduct/Model=0x02/D=4/LeftGrade=2/RightGrade=3/Library=GluCatMatrixMulti",
      "run_name": "BM_Product_HestenesInnerProduct/Model=0x02/D=4/LeftGrade=2/RightGrade=3/Library=GluCatMatrixMulti",
      "run_type": "iteration",
      "iterations": 10000,
      "real_time": 6.3191990135237575e-02,
      "cpu_time": 5.3124999999999999e-02,
      "time_unit": "ms"
    },
    {
      "name": "BM_Product_LeftContraction/Model=0x02/D=4/LeftGrade=2/RightGrade=3/Library=GluCatMatrixMulti",
      "run_name": "BM_Product_LeftContraction/Model=0x02/D=4/LeftGrade=2/RightGrade=3/Library=GluCatMatrixMulti",
      "run_type": "iteration",
      "iterations": 6400,
      "real_time": 6.4850187609408749e-02,
      "cpu_time": 8.0566406250000000e-02,
      "time_unit": "ms"
    },
    {
      "name": "BM_Product_OuterProduct/Model=0x02/D=4/LeftGrade=2/RightGrade=3/Library=GluCatMatrixMulti",
      "run_name": "BM_Product_OuterProduct/Model=0x02/D=4/LeftGrade=2/RightGrade=3/Library=GluCatMatrixMulti",
      "run_type": "iteration",
      "iterations": 15448,
      "real_time": 5.4051825661366057e-02,
      "cpu_time": 4.9561431900569650e-02,
      "time_unit": "ms"
    }
  ]
}
