{
  "context": {
    "date": "2019-03-23 04:54:29",
    "executable": "/mnt/c/Users/laffe/Repositories/GitHub/ga-developers/ga-benchmark/build/GABenchmark_Products_EuclideanModel_D2_LEFTGRADE2_RIGHTGRADE0_GluCatMatrixMulti",
    "num_cpus": 8,
    "mhz_per_cpu": 1992,
    "cpu_scaling_enabled": false,
    "caches": [
    ],
    "load_avg": [0.52,0.58,0.59],
    "library_build_type": "release"
  },
  "benchmarks": [
    {
      "name": "BM_Product_GeometricProduct/Model=0x02/D=2/LeftGrade=2/RightGrade=0/Library=GluCatMatrixMulti",
      "run_name": "BM_Product_GeometricProduct/Model=0x02/D=2/LeftGrade=2/RightGrade=0/Library=GluCatMatrixMulti",
      "run_type": "iteration",
      "iterations": 215810,
      "real_time": 3.7647032461796174e-03,
      "cpu_time": 3.1132709327649321e-03,
      "time_unit": "ms"
    },
    {
      "name": "BM_Product_HestenesInnerProduct/Model=0x02/D=2/LeftGrade=2/RightGrade=0/Library=GluCatMatrixMulti",
      "run_name": "BM_Product_HestenesInnerProduct/Model=0x02/D=2/LeftGrade=2/RightGrade=0/Library=GluCatMatrixMulti",
      "run_type": "iteration",
      "iterations": 298667,
      "real_time": 2.6916686965370320e-03,
      "cpu_time": 3.4005263386982826e-03,
      "time_unit": "ms"
    },
    {
      "name": "BM_Product_LeftContraction/Model=0x02/D=2/LeftGrade=2/RightGrade=0/Library=GluCatMatrixMulti",
      "run_name": "BM_Product_LeftContraction/Model=0x02/D=2/LeftGrade=2/RightGrade=0/Library=GluCatMatrixMulti",
      "run_type": "iteration",
      "iterations": 280000,
      "real_time": 2.7086239445322591e-03,
      "cpu_time": 2.6227678571428569e-03,
      "time_unit": "ms"
    },
    {
      "name": "BM_Product_OuterProduct/Model=0x02/D=2/LeftGrade=2/RightGrade=0/Library=GluCatMatrixMulti",
      "run_name": "BM_Product_OuterProduct/Model=0x02/D=2/LeftGrade=2/RightGrade=0/Library=GluCatMatrixMulti",
      "run_type": "iteration",
      "iterations": 223004,
      "real_time": 3.2893208448543129e-03,
      "cpu_time": 2.2421122491076391e-03,
      "time_unit": "ms"
    }
  ]
}
