{
  "context": {
    "date": "2019-03-23 01:35:55",
    "executable": "/mnt/c/Users/laffe/Repositories/GitHub/ga-developers/ga-benchmark/build/GABenchmark_Products_EuclideanModel_D4_LEFTGRADE0_RIGHTGRADE4_GATL",
    "num_cpus": 8,
    "mhz_per_cpu": 1992,
    "cpu_scaling_enabled": false,
    "caches": [
    ],
    "load_avg": [0.52,0.58,0.59],
    "library_build_type": "release"
  },
  "benchmarks": [
    {
      "name": "BM_Product_DotProduct/Model=0x02/D=4/LeftGrade=0/RightGrade=4/Library=GATL",
      "run_name": "BM_Product_DotProduct/Model=0x02/D=4/LeftGrade=0/RightGrade=4/Library=GATL",
      "run_type": "iteration",
      "iterations": 373333,
      "real_time": 1.5668906679938612e-03,
      "cpu_time": 1.5485504897772224e-03,
      "time_unit": "ms"
    },
    {
      "name": "BM_Product_GeometricProduct/Model=0x02/D=4/LeftGrade=0/RightGrade=4/Library=GATL",
      "run_name": "BM_Product_GeometricProduct/Model=0x02/D=4/LeftGrade=0/RightGrade=4/Library=GATL",
      "run_type": "iteration",
      "iterations": 407273,
      "real_time": 1.5441082392403890e-03,
      "cpu_time": 1.4962322569873278e-03,
      "time_unit": "ms"
    },
    {
      "name": "BM_Product_HestenesInnerProduct/Model=0x02/D=4/LeftGrade=0/RightGrade=4/Library=GATL",
      "run_name": "BM_Product_HestenesInnerProduct/Model=0x02/D=4/LeftGrade=0/RightGrade=4/Library=GATL",
      "run_type": "iteration",
      "iterations": 464593,
      "real_time": 1.5515446756994690e-03,
      "cpu_time": 1.3452634886879484e-03,
      "time_unit": "ms"
    },
    {
      "name": "BM_Product_LeftContraction/Model=0x02/D=4/LeftGrade=0/RightGrade=4/Library=GATL",
      "run_name": "BM_Product_LeftContraction/Model=0x02/D=4/LeftGrade=0/RightGrade=4/Library=GATL",
      "run_type": "iteration",
      "iterations": 497778,
      "real_time": 1.5450094216233018e-03,
      "cpu_time": 1.5694747457702027e-03,
      "time_unit": "ms"
    },
    {
      "name": "BM_Product_OuterProduct/Model=0x02/D=4/LeftGrade=0/RightGrade=4/Library=GATL",
      "run_name": "BM_Product_OuterProduct/Model=0x02/D=4/LeftGrade=0/RightGrade=4/Library=GATL",
      "run_type": "iteration",
      "iterations": 560000,
      "real_time": 1.5385094717203173e-03,
      "cpu_time": 1.7020089285714286e-03,
      "time_unit": "ms"
    },
    {
      "name": "BM_Product_RegressiveProduct/Model=0x02/D=4/LeftGrade=0/RightGrade=4/Library=GATL",
      "run_name": "BM_Product_RegressiveProduct/Model=0x02/D=4/LeftGrade=0/RightGrade=4/Library=GATL",
      "run_type": "iteration",
      "iterations": 320000,
      "real_time": 1.5607412406097865e-03,
      "cpu_time": 2.0019531249999998e-03,
      "time_unit": "ms"
    },
    {
      "name": "BM_Product_RightContraction/Model=0x02/D=4/LeftGrade=0/RightGrade=4/Library=GATL",
      "run_name": "BM_Product_RightContraction/Model=0x02/D=4/LeftGrade=0/RightGrade=4/Library=GATL",
      "run_type": "iteration",
      "iterations": 514625,
      "real_time": 1.5374667056217944e-03,
      "cpu_time": 1.5180957007529755e-03,
      "time_unit": "ms"
    },
    {
      "name": "BM_Product_ScalarProduct/Model=0x02/D=4/LeftGrade=0/RightGrade=4/Library=GATL",
      "run_name": "BM_Product_ScalarProduct/Model=0x02/D=4/LeftGrade=0/RightGrade=4/Library=GATL",
      "run_type": "iteration",
      "iterations": 560000,
      "real_time": 1.5531007184888170e-03,
      "cpu_time": 1.9531250000000000e-03,
      "time_unit": "ms"
    }
  ]
}
