{
  "context": {
    "date": "2019-03-23 01:33:51",
    "executable": "/mnt/c/Users/laffe/Repositories/GitHub/ga-developers/ga-benchmark/build/GABenchmark_Products_EuclideanModel_D3_LEFTGRADE3_RIGHTGRADE0_GATL",
    "num_cpus": 8,
    "mhz_per_cpu": 1992,
    "cpu_scaling_enabled": false,
    "caches": [
    ],
    "load_avg": [0.52,0.58,0.59],
    "library_build_type": "release"
  },
  "benchmarks": [
    {
      "name": "BM_Product_DotProduct/Model=0x02/D=3/LeftGrade=3/RightGrade=0/Library=GATL",
      "run_name": "BM_Product_DotProduct/Model=0x02/D=3/LeftGrade=3/RightGrade=0/Library=GATL",
      "run_type": "iteration",
      "iterations": 320000,
      "real_time": 1.5405465654112049e-03,
      "cpu_time": 1.8554687499999999e-03,
      "time_unit": "ms"
    },
    {
      "name": "BM_Product_GeometricProduct/Model=0x02/D=3/LeftGrade=3/RightGrade=0/Library=GATL",
      "run_name": "BM_Product_GeometricProduct/Model=0x02/D=3/LeftGrade=3/RightGrade=0/Library=GATL",
      "run_type": "iteration",
      "iterations": 448000,
      "real_time": 1.5382243287344213e-03,
      "cpu_time": 1.4997209821428572e-03,
      "time_unit": "ms"
    },
    {
      "name": "BM_Product_HestenesInnerProduct/Model=0x02/D=3/LeftGrade=3/RightGrade=0/Library=GATL",
      "run_name": "BM_Product_HestenesInnerProduct/Model=0x02/D=3/LeftGrade=3/RightGrade=0/Library=GATL",
      "run_type": "iteration",
      "iterations": 497778,
      "real_time": 1.5531869560085989e-03,
      "cpu_time": 1.5380852508547988e-03,
      "time_unit": "ms"
    },
    {
      "name": "BM_Product_LeftContraction/Model=0x02/D=3/LeftGrade=3/RightGrade=0/Library=GATL",
      "run_name": "BM_Product_LeftContraction/Model=0x02/D=3/LeftGrade=3/RightGrade=0/Library=GATL",
      "run_type": "iteration",
      "iterations": 497778,
      "real_time": 1.5504837397693903e-03,
      "cpu_time": 1.7892012101780313e-03,
      "time_unit": "ms"
    },
    {
      "name": "BM_Product_OuterProduct/Model=0x02/D=3/LeftGrade=3/RightGrade=0/Library=GATL",
      "run_name": "BM_Product_OuterProduct/Model=0x02/D=3/LeftGrade=3/RightGrade=0/Library=GATL",
      "run_type": "iteration",
      "iterations": 640000,
      "real_time": 1.5522900019277585e-03,
      "cpu_time": 1.5136718750000000e-03,
      "time_unit": "ms"
    },
    {
      "name": "BM_Product_RegressiveProduct/Model=0x02/D=3/LeftGrade=3/RightGrade=0/Library=GATL",
      "run_name": "BM_Product_RegressiveProduct/Model=0x02/D=3/LeftGrade=3/RightGrade=0/Library=GATL",
      "run_type": "iteration",
      "iterations": 560000,
      "real_time": 1.5424328464307888e-03,
      "cpu_time": 1.5066964285714286e-03,
      "time_unit": "ms"
    },
    {
      "name": "BM_Product_RightContraction/Model=0x02/D=3/LeftGrade=3/RightGrade=0/Library=GATL",
      "run_name": "BM_Product_RightContraction/Model=0x02/D=3/LeftGrade=3/RightGrade=0/Library=GATL",
      "run_type": "iteration",
      "iterations": 497778,
      "real_time": 1.5410508249896837e-03,
      "cpu_time": 1.5380852508547988e-03,
      "time_unit": "ms"
    },
    {
      "name": "BM_Product_ScalarProduct/Model=0x02/D=3/LeftGrade=3/RightGrade=0/Library=GATL",
      "run_name": "BM_Product_ScalarProduct/Model=0x02/D=3/LeftGrade=3/RightGrade=0/Library=GATL",
      "run_type": "iteration",
      "iterations": 560000,
      "real_time": 1.5522471432632301e-03,
      "cpu_time": 1.3392857142857143e-03,
      "time_unit": "ms"
    }
  ]
}
