{
  "context": {
    "date": "2019-03-23 07:06:01",
    "executable": "/mnt/c/Users/laffe/Repositories/GitHub/ga-developers/ga-benchmark/build/GABenchmark_Products_ConformalModel_D3_LEFTGRADE2_RIGHTGRADE4_Versor",
    "num_cpus": 8,
    "mhz_per_cpu": 1992,
    "cpu_scaling_enabled": false,
    "caches": [
    ],
    "load_avg": [0.52,0.58,0.59],
    "library_build_type": "release"
  },
  "benchmarks": [
    {
      "name": "BM_Product_GeometricProduct/Model=0x01/D=3/LeftGrade=2/RightGrade=4/Library=Versor",
      "run_name": "BM_Product_GeometricProduct/Model=0x01/D=3/LeftGrade=2/RightGrade=4/Library=Versor",
      "run_type": "iteration",
      "iterations": 320000,
      "real_time": 1.5581765808747150e-03,
      "cpu_time": 1.7089843750000000e-03,
      "time_unit": "ms"
    },
    {
      "name": "BM_Product_LeftContraction/Model=0x01/D=3/LeftGrade=2/RightGrade=4/Library=Versor",
      "run_name": "BM_Product_LeftContraction/Model=0x01/D=3/LeftGrade=2/RightGrade=4/Library=Versor",
      "run_type": "iteration",
      "iterations": 462452,
      "real_time": 1.5605463954922927e-03,
      "cpu_time": 1.4528534853346941e-03,
      "time_unit": "ms"
    },
    {
      "name": "BM_Product_OuterProduct/Model=0x01/D=3/LeftGrade=2/RightGrade=4/Library=Versor",
      "run_name": "BM_Product_OuterProduct/Model=0x01/D=3/LeftGrade=2/RightGrade=4/Library=Versor",
      "run_type": "iteration",
      "iterations": 560000,
      "real_time": 1.5423862526534192e-03,
      "cpu_time": 1.3113839285714285e-03,
      "time_unit": "ms"
    }
  ]
}
