{
  "context": {
    "date": "2019-03-23 03:08:59",
    "executable": "/mnt/c/Users/laffe/Repositories/GitHub/ga-developers/ga-benchmark/build/GABenchmark_Products_ConformalModel_D3_LEFTGRADE4_RIGHTGRADE0_Garamon",
    "num_cpus": 8,
    "mhz_per_cpu": 1992,
    "cpu_scaling_enabled": false,
    "caches": [
    ],
    "load_avg": [0.52,0.58,0.59],
    "library_build_type": "release"
  },
  "benchmarks": [
    {
      "name": "BM_Product_GeometricProduct/Model=0x01/D=3/LeftGrade=4/RightGrade=0/Library=Garamon",
      "run_name": "BM_Product_GeometricProduct/Model=0x01/D=3/LeftGrade=4/RightGrade=0/Library=Garamon",
      "run_type": "iteration",
      "iterations": 373333,
      "real_time": 1.7027428719770040e-03,
      "cpu_time": 1.5485504897772230e-03,
      "time_unit": "ms"
    },
    {
      "name": "BM_Product_HestenesInnerProduct/Model=0x01/D=3/LeftGrade=4/RightGrade=0/Library=Garamon",
      "run_name": "BM_Product_HestenesInnerProduct/Model=0x01/D=3/LeftGrade=4/RightGrade=0/Library=Garamon",
      "run_type": "iteration",
      "iterations": 373333,
      "real_time": 1.6903370091712762e-03,
      "cpu_time": 1.7578140694768478e-03,
      "time_unit": "ms"
    },
    {
      "name": "BM_Product_LeftContraction/Model=0x01/D=3/LeftGrade=4/RightGrade=0/Library=Garamon",
      "run_name": "BM_Product_LeftContraction/Model=0x01/D=3/LeftGrade=4/RightGrade=0/Library=Garamon",
      "run_type": "iteration",
      "iterations": 373333,
      "real_time": 1.6029268565073032e-03,
      "cpu_time": 2.0507830810563223e-03,
      "time_unit": "ms"
    },
    {
      "name": "BM_Product_OuterProduct/Model=0x01/D=3/LeftGrade=4/RightGrade=0/Library=Garamon",
      "run_name": "BM_Product_OuterProduct/Model=0x01/D=3/LeftGrade=4/RightGrade=0/Library=Garamon",
      "run_type": "iteration",
      "iterations": 495566,
      "real_time": 1.6835215126940596e-03,
      "cpu_time": 1.8917762719799179e-03,
      "time_unit": "ms"
    },
    {
      "name": "BM_Product_RightContraction/Model=0x01/D=3/LeftGrade=4/RightGrade=0/Library=Garamon",
      "run_name": "BM_Product_RightContraction/Model=0x01/D=3/LeftGrade=4/RightGrade=0/Library=Garamon",
      "run_type": "iteration",
      "iterations": 539526,
      "real_time": 1.6796862761186179e-03,
      "cpu_time": 1.9114000066725236e-03,
      "time_unit": "ms"
    },
    {
      "name": "BM_Product_ScalarProduct/Model=0x01/D=3/LeftGrade=4/RightGrade=0/Library=Garamon",
      "run_name": "BM_Product_ScalarProduct/Model=0x01/D=3/LeftGrade=4/RightGrade=0/Library=Garamon",
      "run_type": "iteration",
      "iterations": 373333,
      "real_time": 1.5822879257289489e-03,
      "cpu_time": 1.6741086375969979e-03,
      "time_unit": "ms"
    }
  ]
}
