{
  "context": {
    "date": "2019-03-23 02:36:00",
    "executable": "/mnt/c/Users/laffe/Repositories/GitHub/ga-developers/ga-benchmark/build/GABenchmark_Products_EuclideanModel_D3_LEFTGRADE1_RIGHTGRADE0_Gaalop",
    "num_cpus": 8,
    "mhz_per_cpu": 1992,
    "cpu_scaling_enabled": false,
    "caches": [
    ],
    "load_avg": [0.52,0.58,0.59],
    "library_build_type": "release"
  },
  "benchmarks": [
    {
      "name": "BM_Product_GeometricProduct/Model=0x02/D=3/LeftGrade=1/RightGrade=0/Library=Gaalop",
      "run_name": "BM_Product_GeometricProduct/Model=0x02/D=3/LeftGrade=1/RightGrade=0/Library=Gaalop",
      "run_type": "iteration",
      "iterations": 746667,
      "real_time": 1.5471069510672993e-03,
      "cpu_time": 1.4648430960521892e-03,
      "time_unit": "ms"
    },
    {
      "name": "BM_Product_HestenesInnerProduct/Model=0x02/D=3/LeftGrade=1/RightGrade=0/Library=Gaalop",
      "run_name": "BM_Product_HestenesInnerProduct/Model=0x02/D=3/LeftGrade=1/RightGrade=0/Library=Gaalop",
      "run_type": "iteration",
      "iterations": 344615,
      "real_time": 1.5481679677397785e-03,
      "cpu_time": 1.4508944764447282e-03,
      "time_unit": "ms"
    },
    {
      "name": "BM_Product_OuterProduct/Model=0x02/D=3/LeftGrade=1/RightGrade=0/Library=Gaalop",
      "run_name": "BM_Product_OuterProduct/Model=0x02/D=3/LeftGrade=1/RightGrade=0/Library=Gaalop",
      "run_type": "iteration",
      "iterations": 344615,
      "real_time": 1.5590189134946475e-03,
      "cpu_time": 1.4962349288336258e-03,
      "time_unit": "ms"
    }
  ]
}
