{
  "context": {
    "date": "2019-03-23 02:38:33",
    "executable": "/mnt/c/Users/laffe/Repositories/GitHub/ga-developers/ga-benchmark/build/GABenchmark_Products_EuclideanModel_D4_LEFTGRADE2_RIGHTGRADE4_Gaalop",
    "num_cpus": 8,
    "mhz_per_cpu": 1992,
    "cpu_scaling_enabled": false,
    "caches": [
    ],
    "load_avg": [0.52,0.58,0.59],
    "library_build_type": "release"
  },
  "benchmarks": [
    {
      "name": "BM_Product_GeometricProduct/Model=0x02/D=4/LeftGrade=2/RightGrade=4/Library=Gaalop",
      "run_name": "BM_Product_GeometricProduct/Model=0x02/D=4/LeftGrade=2/RightGrade=4/Library=Gaalop",
      "run_type": "iteration",
      "iterations": 482461,
      "real_time": 1.5466727816792110e-03,
      "cpu_time": 1.6516879084527039e-03,
      "time_unit": "ms"
    },
    {
      "name": "BM_Product_HestenesInnerProduct/Model=0x02/D=4/LeftGrade=2/RightGrade=4/Library=Gaalop",
      "run_name": "BM_Product_HestenesInnerProduct/Model=0x02/D=4/LeftGrade=2/RightGrade=4/Library=Gaalop",
      "run_type": "iteration",
      "iterations": 532371,
      "real_time": 1.5602324285828159e-03,
      "cpu_time": 1.7316401532014329e-03,
      "time_unit": "ms"
    },
    {
      "name": "BM_Product_OuterProduct/Model=0x02/D=4/LeftGrade=2/RightGrade=4/Library=Gaalop",
      "run_name": "BM_Product_OuterProduct/Model=0x02/D=4/LeftGrade=2/RightGrade=4/Library=Gaalop",
      "run_type": "iteration",
      "iterations": 448000,
      "real_time": 1.5445444250872242e-03,
      "cpu_time": 1.7438616071428572e-03,
      "time_unit": "ms"
    }
  ]
}
