{
  "context": {
    "date": "2019-03-23 04:04:33",
    "executable": "/mnt/c/Users/laffe/Repositories/GitHub/ga-developers/ga-benchmark/build/GABenchmark_Products_EuclideanModel_D3_LEFTGRADE0_RIGHTGRADE0_GluCatFramedMulti",
    "num_cpus": 8,
    "mhz_per_cpu": 1992,
    "cpu_scaling_enabled": false,
    "caches": [
    ],
    "load_avg": [0.52,0.58,0.59],
    "library_build_type": "release"
  },
  "benchmarks": [
    {
      "name": "BM_Product_GeometricProduct/Model=0x02/D=3/LeftGrade=0/RightGrade=0/Library=GluCatFramedMulti",
      "run_name": "BM_Product_GeometricProduct/Model=0x02/D=3/LeftGrade=0/RightGrade=0/Library=GluCatFramedMulti",
      "run_type": "iteration",
      "iterations": 560000,
      "real_time": 1.6542826825960738e-03,
      "cpu_time": 1.7578125000000000e-03,
      "time_unit": "ms"
    },
    {
      "name": "BM_Product_HestenesInnerProduct/Model=0x02/D=3/LeftGrade=0/RightGrade=0/Library=GluCatFramedMulti",
      "run_name": "BM_Product_HestenesInnerProduct/Model=0x02/D=3/LeftGrade=0/RightGrade=0/Library=GluCatFramedMulti",
      "run_type": "iteration",
      "iterations": 407273,
      "real_time": 1.5944403204382410e-03,
      "cpu_time": 1.6496919756526949e-03,
      "time_unit": "ms"
    },
    {
      "name": "BM_Product_LeftContraction/Model=0x02/D=3/LeftGrade=0/RightGrade=0/Library=GluCatFramedMulti",
      "run_name": "BM_Product_LeftContraction/Model=0x02/D=3/LeftGrade=0/RightGrade=0/Library=GluCatFramedMulti",
      "run_type": "iteration",
      "iterations": 407273,
      "real_time": 1.6569841280175274e-03,
      "cpu_time": 1.9182464833170871e-03,
      "time_unit": "ms"
    },
    {
      "name": "BM_Product_OuterProduct/Model=0x02/D=3/LeftGrade=0/RightGrade=0/Library=GluCatFramedMulti",
      "run_name": "BM_Product_OuterProduct/Model=0x02/D=3/LeftGrade=0/RightGrade=0/Library=GluCatFramedMulti",
      "run_type": "iteration",
      "iterations": 298667,
      "real_time": 1.6342380888222851e-03,
      "cpu_time": 1.7264210642622051e-03,
      "time_unit": "ms"
    }
  ]
}
