{
  "context": {
    "date": "2019-03-23 03:18:22",
    "executable": "/mnt/c/Users/laffe/Repositories/GitHub/ga-developers/ga-benchmark/build/GABenchmark_Products_EuclideanModel_D4_LEFTGRADE1_RIGHTGRADE1_Garamon",
    "num_cpus": 8,
    "mhz_per_cpu": 1992,
    "cpu_scaling_enabled": false,
    "caches": [
    ],
    "load_avg": [0.52,0.58,0.59],
    "library_build_type": "release"
  },
  "benchmarks": [
    {
      "name": "BM_Product_GeometricProduct/Model=0x02/D=4/LeftGrade=1/RightGrade=1/Library=Garamon",
      "run_name": "BM_Product_GeometricProduct/Model=0x02/D=4/LeftGrade=1/RightGrade=1/Library=Garamon",
      "run_type": "iteration",
      "iterations": 497778,
      "real_time": 1.7444264210483662e-03,
      "cpu_time": 1.5694747457702031e-03,
      "time_unit": "ms"
    },
    {
      "name": "BM_Product_HestenesInnerProduct/Model=0x02/D=4/LeftGrade=1/RightGrade=1/Library=Garamon",
      "run_name": "BM_Product_HestenesInnerProduct/Model=0x02/D=4/LeftGrade=1/RightGrade=1/Library=Garamon",
      "run_type": "iteration",
      "iterations": 497778,
      "real_time": 1.6243451908449608e-03,
      "cpu_time": 1.6950327254318190e-03,
      "time_unit": "ms"
    },
    {
      "name": "BM_Product_LeftContraction/Model=0x02/D=4/LeftGrade=1/RightGrade=1/Library=Garamon",
      "run_name": "BM_Product_LeftContraction/Model=0x02/D=4/LeftGrade=1/RightGrade=1/Library=Garamon",
      "run_type": "iteration",
      "iterations": 448000,
      "real_time": 1.6189064516376156e-03,
      "cpu_time": 1.6741071428571428e-03,
      "time_unit": "ms"
    },
    {
      "name": "BM_Product_OuterProduct/Model=0x02/D=4/LeftGrade=1/RightGrade=1/Library=Garamon",
      "run_name": "BM_Product_OuterProduct/Model=0x02/D=4/LeftGrade=1/RightGrade=1/Library=Garamon",
      "run_type": "iteration",
      "iterations": 407273,
      "real_time": 1.7094035205317648e-03,
      "cpu_time": 1.4578673273209861e-03,
      "time_unit": "ms"
    },
    {
      "name": "BM_Product_RightContraction/Model=0x02/D=4/LeftGrade=1/RightGrade=1/Library=Garamon",
      "run_name": "BM_Product_RightContraction/Model=0x02/D=4/LeftGrade=1/RightGrade=1/Library=Garamon",
      "run_type": "iteration",
      "iterations": 560000,
      "real_time": 1.6232732041057067e-03,
      "cpu_time": 1.5904017857142857e-03,
      "time_unit": "ms"
    },
    {
      "name": "BM_Product_ScalarProduct/Model=0x02/D=4/LeftGrade=1/RightGrade=1/Library=Garamon",
      "run_name": "BM_Product_ScalarProduct/Model=0x02/D=4/LeftGrade=1/RightGrade=1/Library=Garamon",
      "run_type": "iteration",
      "iterations": 560000,
      "real_time": 1.6382081946565970e-03,
      "cpu_time": 1.5625000000000001e-03,
      "time_unit": "ms"
    }
  ]
}
