{
  "context": {
    "date": "2019-03-23 04:08:47",
    "executable": "/mnt/c/Users/laffe/Repositories/GitHub/ga-developers/ga-benchmark/build/GABenchmark_Products_EuclideanModel_D4_LEFTGRADE1_RIGHTGRADE3_GluCatFramedMulti",
    "num_cpus": 8,
    "mhz_per_cpu": 1992,
    "cpu_scaling_enabled": false,
    "caches": [
    ],
    "load_avg": [0.52,0.58,0.59],
    "library_build_type": "release"
  },
  "benchmarks": [
    {
      "name": "BM_Product_GeometricProduct/Model=0x02/D=4/LeftGrade=1/RightGrade=3/Library=GluCatFramedMulti",
      "run_name": "BM_Product_GeometricProduct/Model=0x02/D=4/LeftGrade=1/RightGrade=3/Library=GluCatFramedMulti",
      "run_type": "iteration",
      "iterations": 263529,
      "real_time": 2.3769835676553447e-03,
      "cpu_time": 2.5495296532829404e-03,
      "time_unit": "ms"
    },
    {
      "name": "BM_Product_HestenesInnerProduct/Model=0x02/D=4/LeftGrade=1/RightGrade=3/Library=GluCatFramedMulti",
      "run_name": "BM_Product_HestenesInnerProduct/Model=0x02/D=4/LeftGrade=1/RightGrade=3/Library=GluCatFramedMulti",
      "run_type": "iteration",
      "iterations": 320000,
      "real_time": 2.2441078255724277e-03,
      "cpu_time": 2.1972656250000000e-03,
      "time_unit": "ms"
    },
    {
      "name": "BM_Product_LeftContraction/Model=0x02/D=4/LeftGrade=1/RightGrade=3/Library=GluCatFramedMulti",
      "run_name": "BM_Product_LeftContraction/Model=0x02/D=4/LeftGrade=1/RightGrade=3/Library=GluCatFramedMulti",
      "run_type": "iteration",
      "iterations": 248889,
      "real_time": 2.2430573648455046e-03,
      "cpu_time": 2.0089276745858596e-03,
      "time_unit": "ms"
    },
    {
      "name": "BM_Product_OuterProduct/Model=0x02/D=4/LeftGrade=1/RightGrade=3/Library=GluCatFramedMulti",
      "run_name": "BM_Product_OuterProduct/Model=0x02/D=4/LeftGrade=1/RightGrade=3/Library=GluCatFramedMulti",
      "run_type": "iteration",
      "iterations": 448000,
      "real_time": 1.8273441892233677e-03,
      "cpu_time": 2.2670200892857145e-03,
      "time_unit": "ms"
    }
  ]
}
