{
  "context": {
    "date": "2019-03-23 07:10:43",
    "executable": "/mnt/c/Users/laffe/Repositories/GitHub/ga-developers/ga-benchmark/build/GABenchmark_Products_EuclideanModel_D4_LEFTGRADE0_RIGHTGRADE1_Versor",
    "num_cpus": 8,
    "mhz_per_cpu": 1992,
    "cpu_scaling_enabled": false,
    "caches": [
    ],
    "load_avg": [0.52,0.58,0.59],
    "library_build_type": "release"
  },
  "benchmarks": [
    {
      "name": "BM_Product_GeometricProduct/Model=0x02/D=4/LeftGrade=0/RightGrade=1/Library=Versor",
      "run_name": "BM_Product_GeometricProduct/Model=0x02/D=4/LeftGrade=0/RightGrade=1/Library=Versor",
      "run_type": "iteration",
      "iterations": 373333,
      "real_time": 1.5644952406324889e-03,
      "cpu_time": 1.3811396260175232e-03,
      "time_unit": "ms"
    },
    {
      "name": "BM_Product_LeftContraction/Model=0x02/D=4/LeftGrade=0/RightGrade=1/Library=Versor",
      "run_name": "BM_Product_LeftContraction/Model=0x02/D=4/LeftGrade=0/RightGrade=1/Library=Versor",
      "run_type": "iteration",
      "iterations": 497778,
      "real_time": 1.5360046040545795e-03,
      "cpu_time": 1.4753062610239906e-03,
      "time_unit": "ms"
    },
    {
      "name": "BM_Product_OuterProduct/Model=0x02/D=4/LeftGrade=0/RightGrade=1/Library=Versor",
      "run_name": "BM_Product_OuterProduct/Model=0x02/D=4/LeftGrade=0/RightGrade=1/Library=Versor",
      "run_type": "iteration",
      "iterations": 497778,
      "real_time": 1.5363103526628069e-03,
      "cpu_time": 1.5380852508547988e-03,
      "time_unit": "ms"
    }
  ]
}
