{
  "context": {
    "date": "2019-03-23 03:17:58",
    "executable": "/mnt/c/Users/laffe/Repositories/GitHub/ga-developers/ga-benchmark/build/GABenchmark_Products_EuclideanModel_D4_LEFTGRADE0_RIGHTGRADE4_Garamon",
    "num_cpus": 8,
    "mhz_per_cpu": 1992,
    "cpu_scaling_enabled": false,
    "caches": [
    ],
    "load_avg": [0.52,0.58,0.59],
    "library_build_type": "release"
  },
  "benchmarks": [
    {
      "name": "BM_Product_GeometricProduct/Model=0x02/D=4/LeftGrade=0/RightGrade=4/Library=Garamon",
      "run_name": "BM_Product_GeometricProduct/Model=0x02/D=4/LeftGrade=0/RightGrade=4/Library=Garamon",
      "run_type": "iteration",
      "iterations": 448000,
      "real_time": 1.6213482168885613e-03,
      "cpu_time": 1.5345982142857147e-03,
      "time_unit": "ms"
    },
    {
      "name": "BM_Product_HestenesInnerProduct/Model=0x02/D=4/LeftGrade=0/RightGrade=4/Library=Garamon",
      "run_name": "BM_Product_HestenesInnerProduct/Model=0x02/D=4/LeftGrade=0/RightGrade=4/Library=Garamon",
      "run_type": "iteration",
      "iterations": 560000,
      "real_time": 1.6185476839642174e-03,
      "cpu_time": 1.5625000000000001e-03,
      "time_unit": "ms"
    },
    {
      "name": "BM_Product_LeftContraction/Model=0x02/D=4/LeftGrade=0/RightGrade=4/Library=Garamon",
      "run_name": "BM_Product_LeftContraction/Model=0x02/D=4/LeftGrade=0/RightGrade=4/Library=Garamon",
      "run_type": "iteration",
      "iterations": 344615,
      "real_time": 1.6330908514183512e-03,
      "cpu_time": 1.5415753812225237e-03,
      "time_unit": "ms"
    },
    {
      "name": "BM_Product_OuterProduct/Model=0x02/D=4/LeftGrade=0/RightGrade=4/Library=Garamon",
      "run_name": "BM_Product_OuterProduct/Model=0x02/D=4/LeftGrade=0/RightGrade=4/Library=Garamon",
      "run_type": "iteration",
      "iterations": 497778,
      "real_time": 1.6272987170518306e-03,
      "cpu_time": 1.6950327254318190e-03,
      "time_unit": "ms"
    },
    {
      "name": "BM_Product_RightContraction/Model=0x02/D=4/LeftGrade=0/RightGrade=4/Library=Garamon",
      "run_name": "BM_Product_RightContraction/Model=0x02/D=4/LeftGrade=0/RightGrade=4/Library=Garamon",
      "run_type": "iteration",
      "iterations": 746667,
      "real_time": 1.5902994313848936e-03,
      "cpu_time": 1.6531800655446135e-03,
      "time_unit": "ms"
    },
    {
      "name": "BM_Product_ScalarProduct/Model=0x02/D=4/LeftGrade=0/RightGrade=4/Library=Garamon",
      "run_name": "BM_Product_ScalarProduct/Model=0x02/D=4/LeftGrade=0/RightGrade=4/Library=Garamon",
      "run_type": "iteration",
      "iterations": 344615,
      "real_time": 1.5777238289104902e-03,
      "cpu_time": 1.7229371907781148e-03,
      "time_unit": "ms"
    }
  ]
}
