{
  "context": {
    "date": "2019-03-23 02:31:19",
    "executable": "/mnt/c/Users/laffe/Repositories/GitHub/ga-developers/ga-benchmark/build/GABenchmark_Products_ConformalModel_D3_LEFTGRADE0_RIGHTGRADE3_Gaalop",
    "num_cpus": 8,
    "mhz_per_cpu": 1992,
    "cpu_scaling_enabled": false,
    "caches": [
    ],
    "load_avg": [0.52,0.58,0.59],
    "library_build_type": "release"
  },
  "benchmarks": [
    {
      "name": "BM_Product_GeometricProduct/Model=0x01/D=3/LeftGrade=0/RightGrade=3/Library=Gaalop",
      "run_name": "BM_Product_GeometricProduct/Model=0x01/D=3/LeftGrade=0/RightGrade=3/Library=Gaalop",
      "run_type": "iteration",
      "iterations": 448000,
      "real_time": 1.5491761133879273e-03,
      "cpu_time": 1.1858258928571425e-03,
      "time_unit": "ms"
    },
    {
      "name": "BM_Product_HestenesInnerProduct/Model=0x01/D=3/LeftGrade=0/RightGrade=3/Library=Gaalop",
      "run_name": "BM_Product_HestenesInnerProduct/Model=0x01/D=3/LeftGrade=0/RightGrade=3/Library=Gaalop",
      "run_type": "iteration",
      "iterations": 746667,
      "real_time": 1.6201028006524944e-03,
      "cpu_time": 1.6741063954882163e-03,
      "time_unit": "ms"
    },
    {
      "name": "BM_Product_OuterProduct/Model=0x01/D=3/LeftGrade=0/RightGrade=3/Library=Gaalop",
      "run_name": "BM_Product_OuterProduct/Model=0x01/D=3/LeftGrade=0/RightGrade=3/Library=Gaalop",
      "run_type": "iteration",
      "iterations": 407273,
      "real_time": 1.5510669790873650e-03,
      "cpu_time": 1.4962322569873278e-03,
      "time_unit": "ms"
    }
  ]
}
