{
  "context": {
    "date": "2019-03-23 01:30:32",
    "executable": "/mnt/c/Users/laffe/Repositories/GitHub/ga-developers/ga-benchmark/build/GABenchmark_Products_EuclideanModel_D3_LEFTGRADE0_RIGHTGRADE0_GATL",
    "num_cpus": 8,
    "mhz_per_cpu": 1992,
    "cpu_scaling_enabled": false,
    "caches": [
    ],
    "load_avg": [0.52,0.58,0.59],
    "library_build_type": "release"
  },
  "benchmarks": [
    {
      "name": "BM_Product_DotProduct/Model=0x02/D=3/LeftGrade=0/RightGrade=0/Library=GATL",
      "run_name": "BM_Product_DotProduct/Model=0x02/D=3/LeftGrade=0/RightGrade=0/Library=GATL",
      "run_type": "iteration",
      "iterations": 407273,
      "real_time": 1.5363768312940409e-03,
      "cpu_time": 1.8415166239844039e-03,
      "time_unit": "ms"
    },
    {
      "name": "BM_Product_GeometricProduct/Model=0x02/D=3/LeftGrade=0/RightGrade=0/Library=GATL",
      "run_name": "BM_Product_GeometricProduct/Model=0x02/D=3/LeftGrade=0/RightGrade=0/Library=GATL",
      "run_type": "iteration",
      "iterations": 640000,
      "real_time": 1.5535295396148286e-03,
      "cpu_time": 1.5380859375000000e-03,
      "time_unit": "ms"
    },
    {
      "name": "BM_Product_HestenesInnerProduct/Model=0x02/D=3/LeftGrade=0/RightGrade=0/Library=GATL",
      "run_name": "BM_Product_HestenesInnerProduct/Model=0x02/D=3/LeftGrade=0/RightGrade=0/Library=GATL",
      "run_type": "iteration",
      "iterations": 640000,
      "real_time": 1.5353064045484643e-03,
      "cpu_time": 1.5869140625000000e-03,
      "time_unit": "ms"
    },
    {
      "name": "BM_Product_LeftContraction/Model=0x02/D=3/LeftGrade=0/RightGrade=0/Library=GATL",
      "run_name": "BM_Product_LeftContraction/Model=0x02/D=3/LeftGrade=0/RightGrade=0/Library=GATL",
      "run_type": "iteration",
      "iterations": 497778,
      "real_time": 1.5540271182938835e-03,
      "cpu_time": 1.5380852508547988e-03,
      "time_unit": "ms"
    },
    {
      "name": "BM_Product_OuterProduct/Model=0x02/D=3/LeftGrade=0/RightGrade=0/Library=GATL",
      "run_name": "BM_Product_OuterProduct/Model=0x02/D=3/LeftGrade=0/RightGrade=0/Library=GATL",
      "run_type": "iteration",
      "iterations": 448000,
      "real_time": 1.5386299052936789e-03,
      "cpu_time": 1.4648437500000000e-03,
      "time_unit": "ms"
    },
    {
      "name": "BM_Product_RegressiveProduct/Model=0x02/D=3/LeftGrade=0/RightGrade=0/Library=GATL",
      "run_name": "BM_Product_RegressiveProduct/Model=0x02/D=3/LeftGrade=0/RightGrade=0/Library=GATL",
      "run_type": "iteration",
      "iterations": 571806,
      "real_time": 1.5502005784743993e-03,
      "cpu_time": 1.3936107700863580e-03,
      "time_unit": "ms"
    },
    {
      "name": "BM_Product_RightContraction/Model=0x02/D=3/LeftGrade=0/RightGrade=0/Library=GATL",
      "run_name": "BM_Product_RightContraction/Model=0x02/D=3/LeftGrade=0/RightGrade=0/Library=GATL",
      "run_type": "iteration",
      "iterations": 448000,
      "real_time": 1.5415551346710085e-03,
      "cpu_time": 1.4648437500000000e-03,
      "time_unit": "ms"
    },
    {
      "name": "BM_Product_ScalarProduct/Model=0x02/D=3/LeftGrade=0/RightGrade=0/Library=GATL",
      "run_name": "BM_Product_ScalarProduct/Model=0x02/D=3/LeftGrade=0/RightGrade=0/Library=GATL",
      "run_type": "iteration",
      "iterations": 407273,
      "real_time": 1.5384255875187458e-03,
      "cpu_time": 1.7647867646517202e-03,
      "time_unit": "ms"
    }
  ]
}
