{
  "context": {
    "date": "2019-03-23 05:01:15",
    "executable": "/mnt/c/Users/laffe/Repositories/GitHub/ga-developers/ga-benchmark/build/GABenchmark_Products_EuclideanModel_D3_LEFTGRADE3_RIGHTGRADE0_GluCatMatrixMulti",
    "num_cpus": 8,
    "mhz_per_cpu": 1992,
    "cpu_scaling_enabled": false,
    "caches": [
    ],
    "load_avg": [0.52,0.58,0.59],
    "library_build_type": "release"
  },
  "benchmarks": [
    {
      "name": "BM_Product_GeometricProduct/Model=0x02/D=3/LeftGrade=3/RightGrade=0/Library=GluCatMatrixMulti",
      "run_name": "BM_Product_GeometricProduct/Model=0x02/D=3/LeftGrade=3/RightGrade=0/Library=GluCatMatrixMulti",
      "run_type": "iteration",
      "iterations": 172308,
      "real_time": 5.4223994173181614e-03,
      "cpu_time": 5.0781159319358360e-03,
      "time_unit": "ms"
    },
    {
      "name": "BM_Product_HestenesInnerProduct/Model=0x02/D=3/LeftGrade=3/RightGrade=0/Library=GluCatMatrixMulti",
      "run_name": "BM_Product_HestenesInnerProduct/Model=0x02/D=3/LeftGrade=3/RightGrade=0/Library=GluCatMatrixMulti",
      "run_type": "iteration",
      "iterations": 235789,
      "real_time": 4.0263778671397422e-03,
      "cpu_time": 4.3073468227949564e-03,
      "time_unit": "ms"
    },
    {
      "name": "BM_Product_LeftContraction/Model=0x02/D=3/LeftGrade=3/RightGrade=0/Library=GluCatMatrixMulti",
      "run_name": "BM_Product_LeftContraction/Model=0x02/D=3/LeftGrade=3/RightGrade=0/Library=GluCatMatrixMulti",
      "run_type": "iteration",
      "iterations": 179200,
      "real_time": 4.0323732991964789e-03,
      "cpu_time": 4.1852678571428570e-03,
      "time_unit": "ms"
    },
    {
      "name": "BM_Product_OuterProduct/Model=0x02/D=3/LeftGrade=3/RightGrade=0/Library=GluCatMatrixMulti",
      "run_name": "BM_Product_OuterProduct/Model=0x02/D=3/LeftGrade=3/RightGrade=0/Library=GluCatMatrixMulti",
      "run_type": "iteration",
      "iterations": 160000,
      "real_time": 4.8541069827479078e-03,
      "cpu_time": 4.1992187499999998e-03,
      "time_unit": "ms"
    }
  ]
}
