{
  "context": {
    "date": "2019-03-23 01:37:02",
    "executable": "/mnt/c/Users/laffe/Repositories/GitHub/ga-developers/ga-benchmark/build/GABenchmark_Products_EuclideanModel_D4_LEFTGRADE1_RIGHTGRADE3_GATL",
    "num_cpus": 8,
    "mhz_per_cpu": 1992,
    "cpu_scaling_enabled": false,
    "caches": [
    ],
    "load_avg": [0.52,0.58,0.59],
    "library_build_type": "release"
  },
  "benchmarks": [
    {
      "name": "BM_Product_DotProduct/Model=0x02/D=4/LeftGrade=1/RightGrade=3/Library=GATL",
      "run_name": "BM_Product_DotProduct/Model=0x02/D=4/LeftGrade=1/RightGrade=3/Library=GATL",
      "run_type": "iteration",
      "iterations": 560000,
      "real_time": 1.5641158953907768e-03,
      "cpu_time": 1.5345982142857138e-03,
      "time_unit": "ms"
    },
    {
      "name": "BM_Product_GeometricProduct/Model=0x02/D=4/LeftGrade=1/RightGrade=3/Library=GATL",
      "run_name": "BM_Product_GeometricProduct/Model=0x02/D=4/LeftGrade=1/RightGrade=3/Library=GATL",
      "run_type": "iteration",
      "iterations": 560000,
      "real_time": 1.5442610733901218e-03,
      "cpu_time": 1.5345982142857143e-03,
      "time_unit": "ms"
    },
    {
      "name": "BM_Product_HestenesInnerProduct/Model=0x02/D=4/LeftGrade=1/RightGrade=3/Library=GATL",
      "run_name": "BM_Product_HestenesInnerProduct/Model=0x02/D=4/LeftGrade=1/RightGrade=3/Library=GATL",
      "run_type": "iteration",
      "iterations": 373333,
      "real_time": 1.5444265601112039e-03,
      "cpu_time": 1.7159613535369228e-03,
      "time_unit": "ms"
    },
    {
      "name": "BM_Product_LeftContraction/Model=0x02/D=4/LeftGrade=1/RightGrade=3/Library=GATL",
      "run_name": "BM_Product_LeftContraction/Model=0x02/D=4/LeftGrade=1/RightGrade=3/Library=GATL",
      "run_type": "iteration",
      "iterations": 497778,
      "real_time": 1.5416307961844877e-03,
      "cpu_time": 1.4125272711931825e-03,
      "time_unit": "ms"
    },
    {
      "name": "BM_Product_OuterProduct/Model=0x02/D=4/LeftGrade=1/RightGrade=3/Library=GATL",
      "run_name": "BM_Product_OuterProduct/Model=0x02/D=4/LeftGrade=1/RightGrade=3/Library=GATL",
      "run_type": "iteration",
      "iterations": 619456,
      "real_time": 1.5538698402757466e-03,
      "cpu_time": 1.5890959164169853e-03,
      "time_unit": "ms"
    },
    {
      "name": "BM_Product_RegressiveProduct/Model=0x02/D=4/LeftGrade=1/RightGrade=3/Library=GATL",
      "run_name": "BM_Product_RegressiveProduct/Model=0x02/D=4/LeftGrade=1/RightGrade=3/Library=GATL",
      "run_type": "iteration",
      "iterations": 448000,
      "real_time": 1.5483477747173830e-03,
      "cpu_time": 1.4648437500000000e-03,
      "time_unit": "ms"
    },
    {
      "name": "BM_Product_RightContraction/Model=0x02/D=4/LeftGrade=1/RightGrade=3/Library=GATL",
      "run_name": "BM_Product_RightContraction/Model=0x02/D=4/LeftGrade=1/RightGrade=3/Library=GATL",
      "run_type": "iteration",
      "iterations": 746667,
      "real_time": 1.5406166313344930e-03,
      "cpu_time": 1.6113274056574081e-03,
      "time_unit": "ms"
    },
    {
      "name": "BM_Product_ScalarProduct/Model=0x02/D=4/LeftGrade=1/RightGrade=3/Library=GATL",
      "run_name": "BM_Product_ScalarProduct/Model=0x02/D=4/LeftGrade=1/RightGrade=3/Library=GATL",
      "run_type": "iteration",
      "iterations": 407273,
      "real_time": 1.5542810347527515e-03,
      "cpu_time": 1.5345971866536697e-03,
      "time_unit": "ms"
    }
  ]
}
