{
  "context": {
    "date": "2019-03-23 02:32:39",
    "executable": "/mnt/c/Users/laffe/Repositories/GitHub/ga-developers/ga-benchmark/build/GABenchmark_Products_ConformalModel_D3_LEFTGRADE2_RIGHTGRADE4_Gaalop",
    "num_cpus": 8,
    "mhz_per_cpu": 1992,
    "cpu_scaling_enabled": false,
    "caches": [
    ],
    "load_avg": [0.52,0.58,0.59],
    "library_build_type": "release"
  },
  "benchmarks": [
    {
      "name": "BM_Product_GeometricProduct/Model=0x01/D=3/LeftGrade=2/RightGrade=4/Library=Gaalop",
      "run_name": "BM_Product_GeometricProduct/Model=0x01/D=3/LeftGrade=2/RightGrade=4/Library=Gaalop",
      "run_type": "iteration",
      "iterations": 407273,
      "real_time": 1.5576097532487905e-03,
      "cpu_time": 1.3427725383219609e-03,
      "time_unit": "ms"
    },
    {
      "name": "BM_Product_HestenesInnerProduct/Model=0x01/D=3/LeftGrade=2/RightGrade=4/Library=Gaalop",
      "run_name": "BM_Product_HestenesInnerProduct/Model=0x01/D=3/LeftGrade=2/RightGrade=4/Library=Gaalop",
      "run_type": "iteration",
      "iterations": 344615,
      "real_time": 1.5558170717365079e-03,
      "cpu_time": 1.5869158336114214e-03,
      "time_unit": "ms"
    },
    {
      "name": "BM_Product_OuterProduct/Model=0x01/D=3/LeftGrade=2/RightGrade=4/Library=Gaalop",
      "run_name": "BM_Product_OuterProduct/Model=0x01/D=3/LeftGrade=2/RightGrade=4/Library=Gaalop",
      "run_type": "iteration",
      "iterations": 448000,
      "real_time": 1.5462636291496373e-03,
      "cpu_time": 1.5694754464285715e-03,
      "time_unit": "ms"
    }
  ]
}
