{
  "context": {
    "date": "2019-03-23 02:36:16",
    "executable": "/mnt/c/Users/laffe/Repositories/GitHub/ga-developers/ga-benchmark/build/GABenchmark_Products_EuclideanModel_D3_LEFTGRADE1_RIGHTGRADE3_Gaalop",
    "num_cpus": 8,
    "mhz_per_cpu": 1992,
    "cpu_scaling_enabled": false,
    "caches": [
    ],
    "load_avg": [0.52,0.58,0.59],
    "library_build_type": "release"
  },
  "benchmarks": [
    {
      "name": "BM_Product_GeometricProduct/Model=0x02/D=3/LeftGrade=1/RightGrade=3/Library=Gaalop",
      "run_name": "BM_Product_GeometricProduct/Model=0x02/D=3/LeftGrade=1/RightGrade=3/Library=Gaalop",
      "run_type": "iteration",
      "iterations": 576735,
      "real_time": 1.5581972819929013e-03,
      "cpu_time": 1.8151750804095469e-03,
      "time_unit": "ms"
    },
    {
      "name": "BM_Product_HestenesInnerProduct/Model=0x02/D=3/LeftGrade=1/RightGrade=3/Library=Gaalop",
      "run_name": "BM_Product_HestenesInnerProduct/Model=0x02/D=3/LeftGrade=1/RightGrade=3/Library=Gaalop",
      "run_type": "iteration",
      "iterations": 514625,
      "real_time": 1.5472410200808432e-03,
      "cpu_time": 1.7306290988583920e-03,
      "time_unit": "ms"
    },
    {
      "name": "BM_Product_OuterProduct/Model=0x02/D=3/LeftGrade=1/RightGrade=3/Library=Gaalop",
      "run_name": "BM_Product_OuterProduct/Model=0x02/D=3/LeftGrade=1/RightGrade=3/Library=Gaalop",
      "run_type": "iteration",
      "iterations": 477867,
      "real_time": 1.5509399235796196e-03,
      "cpu_time": 1.3732900576938771e-03,
      "time_unit": "ms"
    }
  ]
}
