{
  "context": {
    "date": "2019-03-23 03:05:22",
    "executable": "/mnt/c/Users/laffe/Repositories/GitHub/ga-developers/ga-benchmark/build/GABenchmark_Products_ConformalModel_D3_LEFTGRADE1_RIGHTGRADE2_Garamon",
    "num_cpus": 8,
    "mhz_per_cpu": 1992,
    "cpu_scaling_enabled": false,
    "caches": [
    ],
    "load_avg": [0.52,0.58,0.59],
    "library_build_type": "release"
  },
  "benchmarks": [
    {
      "name": "BM_Product_GeometricProduct/Model=0x01/D=3/LeftGrade=1/RightGrade=2/Library=Garamon",
      "run_name": "BM_Product_GeometricProduct/Model=0x01/D=3/LeftGrade=1/RightGrade=2/Library=Garamon",
      "run_type": "iteration",
      "iterations": 344615,
      "real_time": 1.7384071991603423e-03,
      "cpu_time": 1.8136180955559105e-03,
      "time_unit": "ms"
    },
    {
      "name": "BM_Product_HestenesInnerProduct/Model=0x01/D=3/LeftGrade=1/RightGrade=2/Library=Garamon",
      "run_name": "BM_Product_HestenesInnerProduct/Model=0x01/D=3/LeftGrade=1/RightGrade=2/Library=Garamon",
      "run_type": "iteration",
      "iterations": 560000,
      "real_time": 1.6773523172430162e-03,
      "cpu_time": 1.7857142857142857e-03,
      "time_unit": "ms"
    },
    {
      "name": "BM_Product_LeftContraction/Model=0x01/D=3/LeftGrade=1/RightGrade=2/Library=Garamon",
      "run_name": "BM_Product_LeftContraction/Model=0x01/D=3/LeftGrade=1/RightGrade=2/Library=Garamon",
      "run_type": "iteration",
      "iterations": 407273,
      "real_time": 1.6769756430784644e-03,
      "cpu_time": 1.5729621163200114e-03,
      "time_unit": "ms"
    },
    {
      "name": "BM_Product_OuterProduct/Model=0x01/D=3/LeftGrade=1/RightGrade=2/Library=Garamon",
      "run_name": "BM_Product_OuterProduct/Model=0x01/D=3/LeftGrade=1/RightGrade=2/Library=Garamon",
      "run_type": "iteration",
      "iterations": 407273,
      "real_time": 1.6951467518577460e-03,
      "cpu_time": 1.8415166239844035e-03,
      "time_unit": "ms"
    },
    {
      "name": "BM_Product_RightContraction/Model=0x01/D=3/LeftGrade=1/RightGrade=2/Library=Garamon",
      "run_name": "BM_Product_RightContraction/Model=0x01/D=3/LeftGrade=1/RightGrade=2/Library=Garamon",
      "run_type": "iteration",
      "iterations": 497778,
      "real_time": 1.5910666918816103e-03,
      "cpu_time": 1.5066957559393946e-03,
      "time_unit": "ms"
    },
    {
      "name": "BM_Product_ScalarProduct/Model=0x01/D=3/LeftGrade=1/RightGrade=2/Library=Garamon",
      "run_name": "BM_Product_ScalarProduct/Model=0x01/D=3/LeftGrade=1/RightGrade=2/Library=Garamon",
      "run_type": "iteration",
      "iterations": 640000,
      "real_time": 1.5825945268261421e-03,
      "cpu_time": 1.4160156250000000e-03,
      "time_unit": "ms"
    }
  ]
}
