{
  "context": {
    "date": "2019-03-23 03:17:00",
    "executable": "/mnt/c/Users/laffe/Repositories/GitHub/ga-developers/ga-benchmark/build/GABenchmark_Products_EuclideanModel_D3_LEFTGRADE3_RIGHTGRADE3_Garamon",
    "num_cpus": 8,
    "mhz_per_cpu": 1992,
    "cpu_scaling_enabled": false,
    "caches": [
    ],
    "load_avg": [0.52,0.58,0.59],
    "library_build_type": "release"
  },
  "benchmarks": [
    {
      "name": "BM_Product_GeometricProduct/Model=0x02/D=3/LeftGrade=3/RightGrade=3/Library=Garamon",
      "run_name": "BM_Product_GeometricProduct/Model=0x02/D=3/LeftGrade=3/RightGrade=3/Library=Garamon",
      "run_type": "iteration",
      "iterations": 344615,
      "real_time": 1.6361028642309181e-03,
      "cpu_time": 1.5415753812225237e-03,
      "time_unit": "ms"
    },
    {
      "name": "BM_Product_HestenesInnerProduct/Model=0x02/D=3/LeftGrade=3/RightGrade=3/Library=Garamon",
      "run_name": "BM_Product_HestenesInnerProduct/Model=0x02/D=3/LeftGrade=3/RightGrade=3/Library=Garamon",
      "run_type": "iteration",
      "iterations": 373333,
      "real_time": 1.6122689460550559e-03,
      "cpu_time": 1.5066977738372980e-03,
      "time_unit": "ms"
    },
    {
      "name": "BM_Product_LeftContraction/Model=0x02/D=3/LeftGrade=3/RightGrade=3/Library=Garamon",
      "run_name": "BM_Product_LeftContraction/Model=0x02/D=3/LeftGrade=3/RightGrade=3/Library=Garamon",
      "run_type": "iteration",
      "iterations": 373333,
      "real_time": 1.6160074230510159e-03,
      "cpu_time": 1.5066977738372980e-03,
      "time_unit": "ms"
    },
    {
      "name": "BM_Product_OuterProduct/Model=0x02/D=3/LeftGrade=3/RightGrade=3/Library=Garamon",
      "run_name": "BM_Product_OuterProduct/Model=0x02/D=3/LeftGrade=3/RightGrade=3/Library=Garamon",
      "run_type": "iteration",
      "iterations": 448000,
      "real_time": 1.5973136122348869e-03,
      "cpu_time": 1.8484933035714285e-03,
      "time_unit": "ms"
    },
    {
      "name": "BM_Product_RightContraction/Model=0x02/D=3/LeftGrade=3/RightGrade=3/Library=Garamon",
      "run_name": "BM_Product_RightContraction/Model=0x02/D=3/LeftGrade=3/RightGrade=3/Library=Garamon",
      "run_type": "iteration",
      "iterations": 448000,
      "real_time": 1.6146254628048545e-03,
      "cpu_time": 1.7438616071428572e-03,
      "time_unit": "ms"
    },
    {
      "name": "BM_Product_ScalarProduct/Model=0x02/D=3/LeftGrade=3/RightGrade=3/Library=Garamon",
      "run_name": "BM_Product_ScalarProduct/Model=0x02/D=3/LeftGrade=3/RightGrade=3/Library=Garamon",
      "run_type": "iteration",
      "iterations": 407273,
      "real_time": 1.6274702636476872e-03,
      "cpu_time": 1.3044076086556192e-03,
      "time_unit": "ms"
    }
  ]
}
