{
  "context": {
    "date": "2019-03-23 01:24:19",
    "executable": "/mnt/c/Users/laffe/Repositories/GitHub/ga-developers/ga-benchmark/build/GABenchmark_Products_ConformalModel_D3_LEFTGRADE3_RIGHTGRADE4_GATL",
    "num_cpus": 8,
    "mhz_per_cpu": 1992,
    "cpu_scaling_enabled": false,
    "caches": [
    ],
    "load_avg": [0.52,0.58,0.59],
    "library_build_type": "release"
  },
  "benchmarks": [
    {
      "name": "BM_Product_DotProduct/Model=0x01/D=3/LeftGrade=3/RightGrade=4/Library=GATL",
      "run_name": "BM_Product_DotProduct/Model=0x01/D=3/LeftGrade=3/RightGrade=4/Library=GATL",
      "run_type": "iteration",
      "iterations": 560000,
      "real_time": 1.5559053473615287e-03,
      "cpu_time": 1.2276785714285714e-03,
      "time_unit": "ms"
    },
    {
      "name": "BM_Product_GeometricProduct/Model=0x01/D=3/LeftGrade=3/RightGrade=4/Library=GATL",
      "run_name": "BM_Product_GeometricProduct/Model=0x01/D=3/LeftGrade=3/RightGrade=4/Library=GATL",
      "run_type": "iteration",
      "iterations": 746667,
      "real_time": 1.5529148870525435e-03,
      "cpu_time": 1.4857694259957919e-03,
      "time_unit": "ms"
    },
    {
      "name": "BM_Product_HestenesInnerProduct/Model=0x01/D=3/LeftGrade=3/RightGrade=4/Library=GATL",
      "run_name": "BM_Product_HestenesInnerProduct/Model=0x01/D=3/LeftGrade=3/RightGrade=4/Library=GATL",
      "run_type": "iteration",
      "iterations": 560000,
      "real_time": 1.5431007127127876e-03,
      "cpu_time": 1.7578125000000000e-03,
      "time_unit": "ms"
    },
    {
      "name": "BM_Product_LeftContraction/Model=0x01/D=3/LeftGrade=3/RightGrade=4/Library=GATL",
      "run_name": "BM_Product_LeftContraction/Model=0x01/D=3/LeftGrade=3/RightGrade=4/Library=GATL",
      "run_type": "iteration",
      "iterations": 560000,
      "real_time": 1.5498966058657970e-03,
      "cpu_time": 1.5066964285714286e-03,
      "time_unit": "ms"
    },
    {
      "name": "BM_Product_OuterProduct/Model=0x01/D=3/LeftGrade=3/RightGrade=4/Library=GATL",
      "run_name": "BM_Product_OuterProduct/Model=0x01/D=3/LeftGrade=3/RightGrade=4/Library=GATL",
      "run_type": "iteration",
      "iterations": 560000,
      "real_time": 1.5414351807391670e-03,
      "cpu_time": 1.7299107142857142e-03,
      "time_unit": "ms"
    },
    {
      "name": "BM_Product_RegressiveProduct/Model=0x01/D=3/LeftGrade=3/RightGrade=4/Library=GATL",
      "run_name": "BM_Product_RegressiveProduct/Model=0x01/D=3/LeftGrade=3/RightGrade=4/Library=GATL",
      "run_type": "iteration",
      "iterations": 373333,
      "real_time": 1.5649262219203735e-03,
      "cpu_time": 1.6741086375969979e-03,
      "time_unit": "ms"
    },
    {
      "name": "BM_Product_RightContraction/Model=0x01/D=3/LeftGrade=3/RightGrade=4/Library=GATL",
      "run_name": "BM_Product_RightContraction/Model=0x01/D=3/LeftGrade=3/RightGrade=4/Library=GATL",
      "run_type": "iteration",
      "iterations": 640000,
      "real_time": 1.5381453110421717e-03,
      "cpu_time": 1.4648437500000000e-03,
      "time_unit": "ms"
    },
    {
      "name": "BM_Product_ScalarProduct/Model=0x01/D=3/LeftGrade=3/RightGrade=4/Library=GATL",
      "run_name": "BM_Product_ScalarProduct/Model=0x01/D=3/LeftGrade=3/RightGrade=4/Library=GATL",
      "run_type": "iteration",
      "iterations": 373333,
      "real_time": 1.5402801202753042e-03,
      "cpu_time": 1.8415195013566977e-03,
      "time_unit": "ms"
    }
  ]
}
