{
  "context": {
    "date": "2019-03-23 03:03:03",
    "executable": "/mnt/c/Users/laffe/Repositories/GitHub/ga-developers/ga-benchmark/build/GABenchmark_Products_ConformalModel_D2_LEFTGRADE4_RIGHTGRADE3_Garamon",
    "num_cpus": 8,
    "mhz_per_cpu": 1992,
    "cpu_scaling_enabled": false,
    "caches": [
    ],
    "load_avg": [0.52,0.58,0.59],
    "library_build_type": "release"
  },
  "benchmarks": [
    {
      "name": "BM_Product_GeometricProduct/Model=0x01/D=2/LeftGrade=4/RightGrade=3/Library=Garamon",
      "run_name": "BM_Product_GeometricProduct/Model=0x01/D=2/LeftGrade=4/RightGrade=3/Library=Garamon",
      "run_type": "iteration",
      "iterations": 497778,
      "real_time": 1.6867615668202088e-03,
      "cpu_time": 2.0403171695012635e-03,
      "time_unit": "ms"
    },
    {
      "name": "BM_Product_HestenesInnerProduct/Model=0x01/D=2/LeftGrade=4/RightGrade=3/Library=Garamon",
      "run_name": "BM_Product_HestenesInnerProduct/Model=0x01/D=2/LeftGrade=4/RightGrade=3/Library=Garamon",
      "run_type": "iteration",
      "iterations": 448000,
      "real_time": 1.6918877327043447e-03,
      "cpu_time": 1.5694754464285715e-03,
      "time_unit": "ms"
    },
    {
      "name": "BM_Product_LeftContraction/Model=0x01/D=2/LeftGrade=4/RightGrade=3/Library=Garamon",
      "run_name": "BM_Product_LeftContraction/Model=0x01/D=2/LeftGrade=4/RightGrade=3/Library=Garamon",
      "run_type": "iteration",
      "iterations": 560000,
      "real_time": 1.5824842943402474e-03,
      "cpu_time": 1.6462053571428571e-03,
      "time_unit": "ms"
    },
    {
      "name": "BM_Product_OuterProduct/Model=0x01/D=2/LeftGrade=4/RightGrade=3/Library=Garamon",
      "run_name": "BM_Product_OuterProduct/Model=0x01/D=2/LeftGrade=4/RightGrade=3/Library=Garamon",
      "run_type": "iteration",
      "iterations": 418133,
      "real_time": 1.5895447293722302e-03,
      "cpu_time": 1.5694766976057856e-03,
      "time_unit": "ms"
    },
    {
      "name": "BM_Product_RightContraction/Model=0x01/D=2/LeftGrade=4/RightGrade=3/Library=Garamon",
      "run_name": "BM_Product_RightContraction/Model=0x01/D=2/LeftGrade=4/RightGrade=3/Library=Garamon",
      "run_type": "iteration",
      "iterations": 497778,
      "real_time": 1.6702043960479768e-03,
      "cpu_time": 2.0089276745858596e-03,
      "time_unit": "ms"
    },
    {
      "name": "BM_Product_ScalarProduct/Model=0x01/D=2/LeftGrade=4/RightGrade=3/Library=Garamon",
      "run_name": "BM_Product_ScalarProduct/Model=0x01/D=2/LeftGrade=4/RightGrade=3/Library=Garamon",
      "run_type": "iteration",
      "iterations": 497778,
      "real_time": 1.5885824541682202e-03,
      "cpu_time": 1.5380852508547988e-03,
      "time_unit": "ms"
    }
  ]
}
