{
  "context": {
    "date": "2019-03-23 05:03:36",
    "executable": "/mnt/c/Users/laffe/Repositories/GitHub/ga-developers/ga-benchmark/build/GABenchmark_Products_EuclideanModel_D4_LEFTGRADE0_RIGHTGRADE0_GluCatMatrixMulti",
    "num_cpus": 8,
    "mhz_per_cpu": 1992,
    "cpu_scaling_enabled": false,
    "caches": [
    ],
    "load_avg": [0.52,0.58,0.59],
    "library_build_type": "release"
  },
  "benchmarks": [
    {
      "name": "BM_Product_GeometricProduct/Model=0x02/D=4/LeftGrade=0/RightGrade=0/Library=GluCatMatrixMulti",
      "run_name": "BM_Product_GeometricProduct/Model=0x02/D=4/LeftGrade=0/RightGrade=0/Library=GluCatMatrixMulti",
      "run_type": "iteration",
      "iterations": 446009,
      "real_time": 1.9225163670545408e-03,
      "cpu_time": 1.6465474911941239e-03,
      "time_unit": "ms"
    },
    {
      "name": "BM_Product_HestenesInnerProduct/Model=0x02/D=4/LeftGrade=0/RightGrade=0/Library=GluCatMatrixMulti",
      "run_name": "BM_Product_HestenesInnerProduct/Model=0x02/D=4/LeftGrade=0/RightGrade=0/Library=GluCatMatrixMulti",
      "run_type": "iteration",
      "iterations": 373333,
      "real_time": 1.7999536338574069e-03,
      "cpu_time": 1.7159613535369228e-03,
      "time_unit": "ms"
    },
    {
      "name": "BM_Product_LeftContraction/Model=0x02/D=4/LeftGrade=0/RightGrade=0/Library=GluCatMatrixMulti",
      "run_name": "BM_Product_LeftContraction/Model=0x02/D=4/LeftGrade=0/RightGrade=0/Library=GluCatMatrixMulti",
      "run_type": "iteration",
      "iterations": 344615,
      "real_time": 2.2516686103681532e-03,
      "cpu_time": 2.0856608098892967e-03,
      "time_unit": "ms"
    },
    {
      "name": "BM_Product_OuterProduct/Model=0x02/D=4/LeftGrade=0/RightGrade=0/Library=GluCatMatrixMulti",
      "run_name": "BM_Product_OuterProduct/Model=0x02/D=4/LeftGrade=0/RightGrade=0/Library=GluCatMatrixMulti",
      "run_type": "iteration",
      "iterations": 373333,
      "real_time": 2.2689263688131281e-03,
      "cpu_time": 2.1763412288760974e-03,
      "time_unit": "ms"
    }
  ]
}
