{
  "context": {
    "date": "2019-03-23 04:56:04",
    "executable": "/mnt/c/Users/laffe/Repositories/GitHub/ga-developers/ga-benchmark/build/GABenchmark_Products_EuclideanModel_D3_LEFTGRADE0_RIGHTGRADE0_GluCatMatrixMulti",
    "num_cpus": 8,
    "mhz_per_cpu": 1992,
    "cpu_scaling_enabled": false,
    "caches": [
    ],
    "load_avg": [0.52,0.58,0.59],
    "library_build_type": "release"
  },
  "benchmarks": [
    {
      "name": "BM_Product_GeometricProduct/Model=0x02/D=3/LeftGrade=0/RightGrade=0/Library=GluCatMatrixMulti",
      "run_name": "BM_Product_GeometricProduct/Model=0x02/D=3/LeftGrade=0/RightGrade=0/Library=GluCatMatrixMulti",
      "run_type": "iteration",
      "iterations": 263529,
      "real_time": 1.9204846435802942e-03,
      "cpu_time": 1.9566157804264427e-03,
      "time_unit": "ms"
    },
    {
      "name": "BM_Product_HestenesInnerProduct/Model=0x02/D=3/LeftGrade=0/RightGrade=0/Library=GluCatMatrixMulti",
      "run_name": "BM_Product_HestenesInnerProduct/Model=0x02/D=3/LeftGrade=0/RightGrade=0/Library=GluCatMatrixMulti",
      "run_type": "iteration",
      "iterations": 344615,
      "real_time": 1.7808676387093632e-03,
      "cpu_time": 1.9496394527226035e-03,
      "time_unit": "ms"
    },
    {
      "name": "BM_Product_LeftContraction/Model=0x02/D=3/LeftGrade=0/RightGrade=0/Library=GluCatMatrixMulti",
      "run_name": "BM_Product_LeftContraction/Model=0x02/D=3/LeftGrade=0/RightGrade=0/Library=GluCatMatrixMulti",
      "run_type": "iteration",
      "iterations": 280000,
      "real_time": 2.2132735784647852e-03,
      "cpu_time": 2.3995535714285716e-03,
      "time_unit": "ms"
    },
    {
      "name": "BM_Product_OuterProduct/Model=0x02/D=3/LeftGrade=0/RightGrade=0/Library=GluCatMatrixMulti",
      "run_name": "BM_Product_OuterProduct/Model=0x02/D=3/LeftGrade=0/RightGrade=0/Library=GluCatMatrixMulti",
      "run_type": "iteration",
      "iterations": 280000,
      "real_time": 2.2134935718245937e-03,
      "cpu_time": 2.1205357142857141e-03,
      "time_unit": "ms"
    }
  ]
}
