{
  "context": {
    "date": "2019-03-23 03:12:43",
    "executable": "/mnt/c/Users/laffe/Repositories/GitHub/ga-developers/ga-benchmark/build/GABenchmark_Products_EuclideanModel_D2_LEFTGRADE1_RIGHTGRADE1_Garamon",
    "num_cpus": 8,
    "mhz_per_cpu": 1992,
    "cpu_scaling_enabled": false,
    "caches": [
    ],
    "load_avg": [0.52,0.58,0.59],
    "library_build_type": "release"
  },
  "benchmarks": [
    {
      "name": "BM_Product_GeometricProduct/Model=0x02/D=2/LeftGrade=1/RightGrade=1/Library=Garamon",
      "run_name": "BM_Product_GeometricProduct/Model=0x02/D=2/LeftGrade=1/RightGrade=1/Library=Garamon",
      "run_type": "iteration",
      "iterations": 446009,
      "real_time": 1.6595297310935174e-03,
      "cpu_time": 1.7516462672277913e-03,
      "time_unit": "ms"
    },
    {
      "name": "BM_Product_HestenesInnerProduct/Model=0x02/D=2/LeftGrade=1/RightGrade=1/Library=Garamon",
      "run_name": "BM_Product_HestenesInnerProduct/Model=0x02/D=2/LeftGrade=1/RightGrade=1/Library=Garamon",
      "run_type": "iteration",
      "iterations": 448000,
      "real_time": 1.6264234428880237e-03,
      "cpu_time": 1.6392299107142857e-03,
      "time_unit": "ms"
    },
    {
      "name": "BM_Product_LeftContraction/Model=0x02/D=2/LeftGrade=1/RightGrade=1/Library=Garamon",
      "run_name": "BM_Product_LeftContraction/Model=0x02/D=2/LeftGrade=1/RightGrade=1/Library=Garamon",
      "run_type": "iteration",
      "iterations": 344615,
      "real_time": 1.6058102572196831e-03,
      "cpu_time": 1.8136180955559103e-03,
      "time_unit": "ms"
    },
    {
      "name": "BM_Product_OuterProduct/Model=0x02/D=2/LeftGrade=1/RightGrade=1/Library=Garamon",
      "run_name": "BM_Product_OuterProduct/Model=0x02/D=2/LeftGrade=1/RightGrade=1/Library=Garamon",
      "run_type": "iteration",
      "iterations": 497778,
      "real_time": 1.6075778830008148e-03,
      "cpu_time": 1.5066957559393946e-03,
      "time_unit": "ms"
    },
    {
      "name": "BM_Product_RightContraction/Model=0x02/D=2/LeftGrade=1/RightGrade=1/Library=Garamon",
      "run_name": "BM_Product_RightContraction/Model=0x02/D=2/LeftGrade=1/RightGrade=1/Library=Garamon",
      "run_type": "iteration",
      "iterations": 373333,
      "real_time": 1.6085384934600576e-03,
      "cpu_time": 1.9252249332365476e-03,
      "time_unit": "ms"
    },
    {
      "name": "BM_Product_ScalarProduct/Model=0x02/D=2/LeftGrade=1/RightGrade=1/Library=Garamon",
      "run_name": "BM_Product_ScalarProduct/Model=0x02/D=2/LeftGrade=1/RightGrade=1/Library=Garamon",
      "run_type": "iteration",
      "iterations": 448000,
      "real_time": 1.6071111620996298e-03,
      "cpu_time": 1.5345982142857143e-03,
      "time_unit": "ms"
    }
  ]
}
