{
  "context": {
    "date": "2019-03-23 07:30:23",
    "executable": "/mnt/c/Users/laffe/Repositories/GitHub/ga-developers/ga-benchmark/build/GABenchmark_AlgorithmInverseKinematics_ConformalModel_D3_Versor",
    "num_cpus": 8,
    "mhz_per_cpu": 1992,
    "cpu_scaling_enabled": false,
    "caches": [
    ],
    "load_avg": [0.52,0.58,0.59],
    "library_build_type": "release"
  },
  "benchmarks": [
    {
      "name": "BM_Algorithm_InverseKinematics/Model=0x01/D=3/Library=Versor",
      "run_name": "BM_Algorithm_InverseKinematics/Model=0x01/D=3/Library=Versor",
      "run_type": "iteration",
      "iterations": 213333,
      "real_time": 2.9564694687686569e-03,
      "cpu_time": 2.8564497757027742e-03,
      "time_unit": "ms"
    }
  ]
}
