{
  "context": {
    "date": "2019-03-23 02:31:39",
    "executable": "/mnt/c/Users/laffe/Repositories/GitHub/ga-developers/ga-benchmark/build/GABenchmark_Products_ConformalModel_D3_LEFTGRADE1_RIGHTGRADE0_Gaalop",
    "num_cpus": 8,
    "mhz_per_cpu": 1992,
    "cpu_scaling_enabled": false,
    "caches": [
    ],
    "load_avg": [0.52,0.58,0.59],
    "library_build_type": "release"
  },
  "benchmarks": [
    {
      "name": "BM_Product_GeometricProduct/Model=0x01/D=3/LeftGrade=1/RightGrade=0/Library=Gaalop",
      "run_name": "BM_Product_GeometricProduct/Model=0x01/D=3/LeftGrade=1/RightGrade=0/Library=Gaalop",
      "run_type": "iteration",
      "iterations": 497778,
      "real_time": 1.5499499868919099e-03,
      "cpu_time": 1.4439167661085865e-03,
      "time_unit": "ms"
    },
    {
      "name": "BM_Product_HestenesInnerProduct/Model=0x01/D=3/LeftGrade=1/RightGrade=0/Library=Gaalop",
      "run_name": "BM_Product_HestenesInnerProduct/Model=0x01/D=3/LeftGrade=1/RightGrade=0/Library=Gaalop",
      "run_type": "iteration",
      "iterations": 373333,
      "real_time": 1.5453664718055385e-03,
      "cpu_time": 1.5066977738372980e-03,
      "time_unit": "ms"
    },
    {
      "name": "BM_Product_OuterProduct/Model=0x01/D=3/LeftGrade=1/RightGrade=0/Library=Gaalop",
      "run_name": "BM_Product_OuterProduct/Model=0x01/D=3/LeftGrade=1/RightGrade=0/Library=Gaalop",
      "run_type": "iteration",
      "iterations": 373333,
      "real_time": 1.5522761073381564e-03,
      "cpu_time": 1.5485504897772230e-03,
      "time_unit": "ms"
    }
  ]
}
