{
  "context": {
    "date": "2019-03-23 05:09:58",
    "executable": "/mnt/c/Users/laffe/Repositories/GitHub/ga-developers/ga-benchmark/build/GABenchmark_Products_EuclideanModel_D4_LEFTGRADE2_RIGHTGRADE4_GluCatMatrixMulti",
    "num_cpus": 8,
    "mhz_per_cpu": 1992,
    "cpu_scaling_enabled": false,
    "caches": [
    ],
    "load_avg": [0.52,0.58,0.59],
    "library_build_type": "release"
  },
  "benchmarks": [
    {
      "name": "BM_Product_GeometricProduct/Model=0x02/D=4/LeftGrade=2/RightGrade=4/Library=GluCatMatrixMulti",
      "run_name": "BM_Product_GeometricProduct/Model=0x02/D=4/LeftGrade=2/RightGrade=4/Library=GluCatMatrixMulti",
      "run_type": "iteration",
      "iterations": 100000,
      "real_time": 4.0178800787543881e-03,
      "cpu_time": 5.0000000000000001e-03,
      "time_unit": "ms"
    },
    {
      "name": "BM_Product_HestenesInnerProduct/Model=0x02/D=4/LeftGrade=2/RightGrade=4/Library=GluCatMatrixMulti",
      "run_name": "BM_Product_HestenesInnerProduct/Model=0x02/D=4/LeftGrade=2/RightGrade=4/Library=GluCatMatrixMulti",
      "run_type": "iteration",
      "iterations": 10000,
      "real_time": 5.0343800010159610e-02,
      "cpu_time": 5.0000000000000003e-02,
      "time_unit": "ms"
    },
    {
      "name": "BM_Product_LeftContraction/Model=0x02/D=4/LeftGrade=2/RightGrade=4/Library=GluCatMatrixMulti",
      "run_name": "BM_Product_LeftContraction/Model=0x02/D=4/LeftGrade=2/RightGrade=4/Library=GluCatMatrixMulti",
      "run_type": "iteration",
      "iterations": 21333,
      "real_time": 4.9208376487941512e-02,
      "cpu_time": 4.9805465710401724e-02,
      "time_unit": "ms"
    },
    {
      "name": "BM_Product_OuterProduct/Model=0x02/D=4/LeftGrade=2/RightGrade=4/Library=GluCatMatrixMulti",
      "run_name": "BM_Product_OuterProduct/Model=0x02/D=4/LeftGrade=2/RightGrade=4/Library=GluCatMatrixMulti",
      "run_type": "iteration",
      "iterations": 21582,
      "real_time": 3.7941720032060408e-02,
      "cpu_time": 3.6199147437679546e-02,
      "time_unit": "ms"
    }
  ]
}
