{
  "context": {
    "date": "2019-03-23 07:05:55",
    "executable": "/mnt/c/Users/laffe/Repositories/GitHub/ga-developers/ga-benchmark/build/GABenchmark_Products_ConformalModel_D3_LEFTGRADE2_RIGHTGRADE3_Versor",
    "num_cpus": 8,
    "mhz_per_cpu": 1992,
    "cpu_scaling_enabled": false,
    "caches": [
    ],
    "load_avg": [0.52,0.58,0.59],
    "library_build_type": "release"
  },
  "benchmarks": [
    {
      "name": "BM_Product_GeometricProduct/Model=0x01/D=3/LeftGrade=2/RightGrade=3/Library=Versor",
      "run_name": "BM_Product_GeometricProduct/Model=0x01/D=3/LeftGrade=2/RightGrade=3/Library=Versor",
      "run_type": "iteration",
      "iterations": 373333,
      "real_time": 1.5785438367818703e-03,
      "cpu_time": 1.5066977738372980e-03,
      "time_unit": "ms"
    },
    {
      "name": "BM_Product_LeftContraction/Model=0x01/D=3/LeftGrade=2/RightGrade=3/Library=Versor",
      "run_name": "BM_Product_LeftContraction/Model=0x01/D=3/LeftGrade=2/RightGrade=3/Library=Versor",
      "run_type": "iteration",
      "iterations": 497778,
      "real_time": 1.5498736439017466e-03,
      "cpu_time": 1.6008642406856069e-03,
      "time_unit": "ms"
    },
    {
      "name": "BM_Product_OuterProduct/Model=0x01/D=3/LeftGrade=2/RightGrade=3/Library=Versor",
      "run_name": "BM_Product_OuterProduct/Model=0x01/D=3/LeftGrade=2/RightGrade=3/Library=Versor",
      "run_type": "iteration",
      "iterations": 640000,
      "real_time": 1.5846157769374258e-03,
      "cpu_time": 1.8066406250000001e-03,
      "time_unit": "ms"
    }
  ]
}
