{
  "context": {
    "date": "2019-03-23 05:04:01",
    "executable": "/mnt/c/Users/laffe/Repositories/GitHub/ga-developers/ga-benchmark/build/GABenchmark_Products_EuclideanModel_D4_LEFTGRADE0_RIGHTGRADE2_GluCatMatrixMulti",
    "num_cpus": 8,
    "mhz_per_cpu": 1992,
    "cpu_scaling_enabled": false,
    "caches": [
    ],
    "load_avg": [0.52,0.58,0.59],
    "library_build_type": "release"
  },
  "benchmarks": [
    {
      "name": "BM_Product_GeometricProduct/Model=0x02/D=4/LeftGrade=0/RightGrade=2/Library=GluCatMatrixMulti",
      "run_name": "BM_Product_GeometricProduct/Model=0x02/D=4/LeftGrade=0/RightGrade=2/Library=GluCatMatrixMulti",
      "run_type": "iteration",
      "iterations": 21333,
      "real_time": 3.2031411092659577e-02,
      "cpu_time": 3.4424366005718840e-02,
      "time_unit": "ms"
    },
    {
      "name": "BM_Product_HestenesInnerProduct/Model=0x02/D=4/LeftGrade=0/RightGrade=2/Library=GluCatMatrixMulti",
      "run_name": "BM_Product_HestenesInnerProduct/Model=0x02/D=4/LeftGrade=0/RightGrade=2/Library=GluCatMatrixMulti",
      "run_type": "iteration",
      "iterations": 32000,
      "real_time": 2.7613365940851509e-02,
      "cpu_time": 2.4902343750000000e-02,
      "time_unit": "ms"
    },
    {
      "name": "BM_Product_LeftContraction/Model=0x02/D=4/LeftGrade=0/RightGrade=2/Library=GluCatMatrixMulti",
      "run_name": "BM_Product_LeftContraction/Model=0x02/D=4/LeftGrade=0/RightGrade=2/Library=GluCatMatrixMulti",
      "run_type": "iteration",
      "iterations": 14933,
      "real_time": 3.8351664360921224e-02,
      "cpu_time": 3.7668251523471509e-02,
      "time_unit": "ms"
    },
    {
      "name": "BM_Product_OuterProduct/Model=0x02/D=4/LeftGrade=0/RightGrade=2/Library=GluCatMatrixMulti",
      "run_name": "BM_Product_OuterProduct/Model=0x02/D=4/LeftGrade=0/RightGrade=2/Library=GluCatMatrixMulti",
      "run_type": "iteration",
      "iterations": 15448,
      "real_time": 3.9267153999591436e-02,
      "cpu_time": 3.4389564992232002e-02,
      "time_unit": "ms"
    }
  ]
}
