{
  "context": {
    "date": "2019-03-23 03:18:48",
    "executable": "/mnt/c/Users/laffe/Repositories/GitHub/ga-developers/ga-benchmark/build/GABenchmark_Products_EuclideanModel_D4_LEFTGRADE1_RIGHTGRADE3_Garamon",
    "num_cpus": 8,
    "mhz_per_cpu": 1992,
    "cpu_scaling_enabled": false,
    "caches": [
    ],
    "load_avg": [0.52,0.58,0.59],
    "library_build_type": "release"
  },
  "benchmarks": [
    {
      "name": "BM_Product_GeometricProduct/Model=0x02/D=4/LeftGrade=1/RightGrade=3/Library=Garamon",
      "run_name": "BM_Product_GeometricProduct/Model=0x02/D=4/LeftGrade=1/RightGrade=3/Library=Garamon",
      "run_type": "iteration",
      "iterations": 407273,
      "real_time": 1.7316844019097323e-03,
      "cpu_time": 1.9949763426497704e-03,
      "time_unit": "ms"
    },
    {
      "name": "BM_Product_HestenesInnerProduct/Model=0x02/D=4/LeftGrade=1/RightGrade=3/Library=Garamon",
      "run_name": "BM_Product_HestenesInnerProduct/Model=0x02/D=4/LeftGrade=1/RightGrade=3/Library=Garamon",
      "run_type": "iteration",
      "iterations": 373333,
      "real_time": 1.6786453615510108e-03,
      "cpu_time": 1.5904032057171480e-03,
      "time_unit": "ms"
    },
    {
      "name": "BM_Product_LeftContraction/Model=0x02/D=4/LeftGrade=1/RightGrade=3/Library=Garamon",
      "run_name": "BM_Product_LeftContraction/Model=0x02/D=4/LeftGrade=1/RightGrade=3/Library=Garamon",
      "run_type": "iteration",
      "iterations": 513309,
      "real_time": 1.6879651619709896e-03,
      "cpu_time": 1.7350660128694411e-03,
      "time_unit": "ms"
    },
    {
      "name": "BM_Product_OuterProduct/Model=0x02/D=4/LeftGrade=1/RightGrade=3/Library=Garamon",
      "run_name": "BM_Product_OuterProduct/Model=0x02/D=4/LeftGrade=1/RightGrade=3/Library=Garamon",
      "run_type": "iteration",
      "iterations": 407273,
      "real_time": 1.6166090115102112e-03,
      "cpu_time": 1.6496919756526949e-03,
      "time_unit": "ms"
    },
    {
      "name": "BM_Product_RightContraction/Model=0x02/D=4/LeftGrade=1/RightGrade=3/Library=Garamon",
      "run_name": "BM_Product_RightContraction/Model=0x02/D=4/LeftGrade=1/RightGrade=3/Library=Garamon",
      "run_type": "iteration",
      "iterations": 407273,
      "real_time": 1.5816516147073149e-03,
      "cpu_time": 1.6880569053190366e-03,
      "time_unit": "ms"
    },
    {
      "name": "BM_Product_ScalarProduct/Model=0x02/D=4/LeftGrade=1/RightGrade=3/Library=Garamon",
      "run_name": "BM_Product_ScalarProduct/Model=0x02/D=4/LeftGrade=1/RightGrade=3/Library=Garamon",
      "run_type": "iteration",
      "iterations": 896000,
      "real_time": 1.5912507868571474e-03,
      "cpu_time": 1.6043526785714285e-03,
      "time_unit": "ms"
    }
  ]
}
