{
  "context": {
    "date": "2019-03-23 07:09:04",
    "executable": "/mnt/c/Users/laffe/Repositories/GitHub/ga-developers/ga-benchmark/build/GABenchmark_Products_EuclideanModel_D3_LEFTGRADE0_RIGHTGRADE1_Versor",
    "num_cpus": 8,
    "mhz_per_cpu": 1992,
    "cpu_scaling_enabled": false,
    "caches": [
    ],
    "load_avg": [0.52,0.58,0.59],
    "library_build_type": "release"
  },
  "benchmarks": [
    {
      "name": "BM_Product_GeometricProduct/Model=0x02/D=3/LeftGrade=0/RightGrade=1/Library=Versor",
      "run_name": "BM_Product_GeometricProduct/Model=0x02/D=3/LeftGrade=0/RightGrade=1/Library=Versor",
      "run_type": "iteration",
      "iterations": 560000,
      "real_time": 1.5685253591592690e-03,
      "cpu_time": 1.5625000000000001e-03,
      "time_unit": "ms"
    },
    {
      "name": "BM_Product_LeftContraction/Model=0x02/D=3/LeftGrade=0/RightGrade=1/Library=Versor",
      "run_name": "BM_Product_LeftContraction/Model=0x02/D=3/LeftGrade=0/RightGrade=1/Library=Versor",
      "run_type": "iteration",
      "iterations": 448000,
      "real_time": 1.5447799118451907e-03,
      "cpu_time": 1.3253348214285715e-03,
      "time_unit": "ms"
    },
    {
      "name": "BM_Product_OuterProduct/Model=0x02/D=3/LeftGrade=0/RightGrade=1/Library=Versor",
      "run_name": "BM_Product_OuterProduct/Model=0x02/D=3/LeftGrade=0/RightGrade=1/Library=Versor",
      "run_type": "iteration",
      "iterations": 448000,
      "real_time": 1.5453741222829973e-03,
      "cpu_time": 1.6043526785714285e-03,
      "time_unit": "ms"
    }
  ]
}
