{
  "context": {
    "date": "2019-03-23 01:29:16",
    "executable": "/mnt/c/Users/laffe/Repositories/GitHub/ga-developers/ga-benchmark/build/GABenchmark_Products_EuclideanModel_D2_LEFTGRADE1_RIGHTGRADE1_GATL",
    "num_cpus": 8,
    "mhz_per_cpu": 1992,
    "cpu_scaling_enabled": false,
    "caches": [
    ],
    "load_avg": [0.52,0.58,0.59],
    "library_build_type": "release"
  },
  "benchmarks": [
    {
      "name": "BM_Product_DotProduct/Model=0x02/D=2/LeftGrade=1/RightGrade=1/Library=GATL",
      "run_name": "BM_Product_DotProduct/Model=0x02/D=2/LeftGrade=1/RightGrade=1/Library=GATL",
      "run_type": "iteration",
      "iterations": 896000,
      "real_time": 1.5481319187529152e-03,
      "cpu_time": 1.5171595982142857e-03,
      "time_unit": "ms"
    },
    {
      "name": "BM_Product_GeometricProduct/Model=0x02/D=2/LeftGrade=1/RightGrade=1/Library=GATL",
      "run_name": "BM_Product_GeometricProduct/Model=0x02/D=2/LeftGrade=1/RightGrade=1/Library=GATL",
      "run_type": "iteration",
      "iterations": 560000,
      "real_time": 1.5396156979217528e-03,
      "cpu_time": 1.7020089285714286e-03,
      "time_unit": "ms"
    },
    {
      "name": "BM_Product_HestenesInnerProduct/Model=0x02/D=2/LeftGrade=1/RightGrade=1/Library=GATL",
      "run_name": "BM_Product_HestenesInnerProduct/Model=0x02/D=2/LeftGrade=1/RightGrade=1/Library=GATL",
      "run_type": "iteration",
      "iterations": 448000,
      "real_time": 1.5428551483377565e-03,
      "cpu_time": 1.4648437500000000e-03,
      "time_unit": "ms"
    },
    {
      "name": "BM_Product_LeftContraction/Model=0x02/D=2/LeftGrade=1/RightGrade=1/Library=GATL",
      "run_name": "BM_Product_LeftContraction/Model=0x02/D=2/LeftGrade=1/RightGrade=1/Library=GATL",
      "run_type": "iteration",
      "iterations": 373333,
      "real_time": 1.5379824357211770e-03,
      "cpu_time": 1.5485504897772230e-03,
      "time_unit": "ms"
    },
    {
      "name": "BM_Product_OuterProduct/Model=0x02/D=2/LeftGrade=1/RightGrade=1/Library=GATL",
      "run_name": "BM_Product_OuterProduct/Model=0x02/D=2/LeftGrade=1/RightGrade=1/Library=GATL",
      "run_type": "iteration",
      "iterations": 497778,
      "real_time": 1.5399774674574750e-03,
      "cpu_time": 1.5380852508547988e-03,
      "time_unit": "ms"
    },
    {
      "name": "BM_Product_RegressiveProduct/Model=0x02/D=2/LeftGrade=1/RightGrade=1/Library=GATL",
      "run_name": "BM_Product_RegressiveProduct/Model=0x02/D=2/LeftGrade=1/RightGrade=1/Library=GATL",
      "run_type": "iteration",
      "iterations": 407273,
      "real_time": 1.5430352571530602e-03,
      "cpu_time": 1.4962322569873278e-03,
      "time_unit": "ms"
    },
    {
      "name": "BM_Product_RightContraction/Model=0x02/D=2/LeftGrade=1/RightGrade=1/Library=GATL",
      "run_name": "BM_Product_RightContraction/Model=0x02/D=2/LeftGrade=1/RightGrade=1/Library=GATL",
      "run_type": "iteration",
      "iterations": 448000,
      "real_time": 1.5446091549944998e-03,
      "cpu_time": 1.6741071428571428e-03,
      "time_unit": "ms"
    },
    {
      "name": "BM_Product_ScalarProduct/Model=0x02/D=2/LeftGrade=1/RightGrade=1/Library=GATL",
      "run_name": "BM_Product_ScalarProduct/Model=0x02/D=2/LeftGrade=1/RightGrade=1/Library=GATL",
      "run_type": "iteration",
      "iterations": 746667,
      "real_time": 1.5517499803832141e-03,
      "cpu_time": 1.4648430960521892e-03,
      "time_unit": "ms"
    }
  ]
}
