{
  "context": {
    "date": "2019-03-23 04:02:57",
    "executable": "/mnt/c/Users/laffe/Repositories/GitHub/ga-developers/ga-benchmark/build/GABenchmark_AlgorithmInverseKinematics_ConformalModel_D3_Garamon",
    "num_cpus": 8,
    "mhz_per_cpu": 1992,
    "cpu_scaling_enabled": false,
    "caches": [
    ],
    "load_avg": [0.52,0.58,0.59],
    "library_build_type": "release"
  },
  "benchmarks": [
    {
      "name": "BM_Algorithm_InverseKinematics/Model=0x01/D=3/Library=Garamon",
      "run_name": "BM_Algorithm_InverseKinematics/Model=0x01/D=3/Library=Garamon",
      "run_type": "iteration",
      "iterations": 37333,
      "real_time": 2.0198390220269934e-02,
      "cpu_time": 1.9670934561915730e-02,
      "time_unit": "ms"
    }
  ]
}
