{
  "context": {
    "date": "2019-03-23 02:29:29",
    "executable": "/mnt/c/Users/laffe/Repositories/GitHub/ga-developers/ga-benchmark/build/GABenchmark_Products_ConformalModel_D2_LEFTGRADE1_RIGHTGRADE4_Gaalop",
    "num_cpus": 8,
    "mhz_per_cpu": 1992,
    "cpu_scaling_enabled": false,
    "caches": [
    ],
    "load_avg": [0.52,0.58,0.59],
    "library_build_type": "release"
  },
  "benchmarks": [
    {
      "name": "BM_Product_GeometricProduct/Model=0x01/D=2/LeftGrade=1/RightGrade=4/Library=Gaalop",
      "run_name": "BM_Product_GeometricProduct/Model=0x01/D=2/LeftGrade=1/RightGrade=4/Library=Gaalop",
      "run_type": "iteration",
      "iterations": 640000,
      "real_time": 1.5497029719881538e-03,
      "cpu_time": 1.3916015625000000e-03,
      "time_unit": "ms"
    },
    {
      "name": "BM_Product_HestenesInnerProduct/Model=0x01/D=2/LeftGrade=1/RightGrade=4/Library=Gaalop",
      "run_name": "BM_Product_HestenesInnerProduct/Model=0x01/D=2/LeftGrade=1/RightGrade=4/Library=Gaalop",
      "run_type": "iteration",
      "iterations": 344615,
      "real_time": 1.5461172597297436e-03,
      "cpu_time": 1.9496394527226035e-03,
      "time_unit": "ms"
    },
    {
      "name": "BM_Product_OuterProduct/Model=0x01/D=2/LeftGrade=1/RightGrade=4/Library=Gaalop",
      "run_name": "BM_Product_OuterProduct/Model=0x01/D=2/LeftGrade=1/RightGrade=4/Library=Gaalop",
      "run_type": "iteration",
      "iterations": 560000,
      "real_time": 1.5636560642243629e-03,
      "cpu_time": 1.5066964285714286e-03,
      "time_unit": "ms"
    }
  ]
}
