{
  "context": {
    "date": "2019-03-23 07:07:54",
    "executable": "/mnt/c/Users/laffe/Repositories/GitHub/ga-developers/ga-benchmark/build/GABenchmark_Products_ConformalModel_D3_LEFTGRADE5_RIGHTGRADE4_Versor",
    "num_cpus": 8,
    "mhz_per_cpu": 1992,
    "cpu_scaling_enabled": false,
    "caches": [
    ],
    "load_avg": [0.52,0.58,0.59],
    "library_build_type": "release"
  },
  "benchmarks": [
    {
      "name": "BM_Product_GeometricProduct/Model=0x01/D=3/LeftGrade=5/RightGrade=4/Library=Versor",
      "run_name": "BM_Product_GeometricProduct/Model=0x01/D=3/LeftGrade=5/RightGrade=4/Library=Versor",
      "run_type": "iteration",
      "iterations": 530963,
      "real_time": 1.5380489849061553e-03,
      "cpu_time": 1.4125278032555940e-03,
      "time_unit": "ms"
    },
    {
      "name": "BM_Product_LeftContraction/Model=0x01/D=3/LeftGrade=5/RightGrade=4/Library=Versor",
      "run_name": "BM_Product_LeftContraction/Model=0x01/D=3/LeftGrade=5/RightGrade=4/Library=Versor",
      "run_type": "iteration",
      "iterations": 497778,
      "real_time": 1.5488289850202857e-03,
      "cpu_time": 1.6636432305164150e-03,
      "time_unit": "ms"
    },
    {
      "name": "BM_Product_OuterProduct/Model=0x01/D=3/LeftGrade=5/RightGrade=4/Library=Versor",
      "run_name": "BM_Product_OuterProduct/Model=0x01/D=3/LeftGrade=5/RightGrade=4/Library=Versor",
      "run_type": "iteration",
      "iterations": 407273,
      "real_time": 1.5412141234060583e-03,
      "cpu_time": 1.7264218349853783e-03,
      "time_unit": "ms"
    }
  ]
}
