{
  "context": {
    "date": "2019-03-23 07:02:20",
    "executable": "/mnt/c/Users/laffe/Repositories/GitHub/ga-developers/ga-benchmark/build/GABenchmark_Products_ConformalModel_D2_LEFTGRADE0_RIGHTGRADE4_Versor",
    "num_cpus": 8,
    "mhz_per_cpu": 1992,
    "cpu_scaling_enabled": false,
    "caches": [
    ],
    "load_avg": [0.52,0.58,0.59],
    "library_build_type": "release"
  },
  "benchmarks": [
    {
      "name": "BM_Product_GeometricProduct/Model=0x01/D=2/LeftGrade=0/RightGrade=4/Library=Versor",
      "run_name": "BM_Product_GeometricProduct/Model=0x01/D=2/LeftGrade=0/RightGrade=4/Library=Versor",
      "run_type": "iteration",
      "iterations": 448000,
      "real_time": 1.5608377474823751e-03,
      "cpu_time": 1.4648437500000000e-03,
      "time_unit": "ms"
    },
    {
      "name": "BM_Product_LeftContraction/Model=0x01/D=2/LeftGrade=0/RightGrade=4/Library=Versor",
      "run_name": "BM_Product_LeftContraction/Model=0x01/D=2/LeftGrade=0/RightGrade=4/Library=Versor",
      "run_type": "iteration",
      "iterations": 497778,
      "real_time": 1.5357992837683979e-03,
      "cpu_time": 1.7264222203472231e-03,
      "time_unit": "ms"
    },
    {
      "name": "BM_Product_OuterProduct/Model=0x01/D=2/LeftGrade=0/RightGrade=4/Library=Versor",
      "run_name": "BM_Product_OuterProduct/Model=0x01/D=2/LeftGrade=0/RightGrade=4/Library=Versor",
      "run_type": "iteration",
      "iterations": 448000,
      "real_time": 1.5362674191367529e-03,
      "cpu_time": 1.6392299107142857e-03,
      "time_unit": "ms"
    }
  ]
}
