{
  "context": {
    "date": "2019-03-23 05:08:33",
    "executable": "/mnt/c/Users/laffe/Repositories/GitHub/ga-developers/ga-benchmark/build/GABenchmark_Products_EuclideanModel_D4_LEFTGRADE2_RIGHTGRADE2_GluCatMatrixMulti",
    "num_cpus": 8,
    "mhz_per_cpu": 1992,
    "cpu_scaling_enabled": false,
    "caches": [
    ],
    "load_avg": [0.52,0.58,0.59],
    "library_build_type": "release"
  },
  "benchmarks": [
    {
      "name": "BM_Product_GeometricProduct/Model=0x02/D=4/LeftGrade=2/RightGrade=2/Library=GluCatMatrixMulti",
      "run_name": "BM_Product_GeometricProduct/Model=0x02/D=4/LeftGrade=2/RightGrade=2/Library=GluCatMatrixMulti",
      "run_type": "iteration",
      "iterations": 235789,
      "real_time": 4.9268714539729523e-03,
      "cpu_time": 4.7049480679760298e-03,
      "time_unit": "ms"
    },
    {
      "name": "BM_Product_HestenesInnerProduct/Model=0x02/D=4/LeftGrade=2/RightGrade=2/Library=GluCatMatrixMulti",
      "run_name": "BM_Product_HestenesInnerProduct/Model=0x02/D=4/LeftGrade=2/RightGrade=2/Library=GluCatMatrixMulti",
      "run_type": "iteration",
      "iterations": 10000,
      "real_time": 5.5436659534461794e-02,
      "cpu_time": 5.4687500000000000e-02,
      "time_unit": "ms"
    },
    {
      "name": "BM_Product_LeftContraction/Model=0x02/D=4/LeftGrade=2/RightGrade=2/Library=GluCatMatrixMulti",
      "run_name": "BM_Product_LeftContraction/Model=0x02/D=4/LeftGrade=2/RightGrade=2/Library=GluCatMatrixMulti",
      "run_type": "iteration",
      "iterations": 10000,
      "real_time": 5.5741590517573061e-02,
      "cpu_time": 5.9374999999999997e-02,
      "time_unit": "ms"
    },
    {
      "name": "BM_Product_OuterProduct/Model=0x02/D=4/LeftGrade=2/RightGrade=2/Library=GluCatMatrixMulti",
      "run_name": "BM_Product_OuterProduct/Model=0x02/D=4/LeftGrade=2/RightGrade=2/Library=GluCatMatrixMulti",
      "run_type": "iteration",
      "iterations": 13380,
      "real_time": 5.7469230152698586e-02,
      "cpu_time": 5.6053811659192827e-02,
      "time_unit": "ms"
    }
  ]
}
