{
  "context": {
    "date": "2019-03-23 04:06:25",
    "executable": "/mnt/c/Users/laffe/Repositories/GitHub/ga-developers/ga-benchmark/build/GABenchmark_Products_EuclideanModel_D3_LEFTGRADE2_RIGHTGRADE3_GluCatFramedMulti",
    "num_cpus": 8,
    "mhz_per_cpu": 1992,
    "cpu_scaling_enabled": false,
    "caches": [
    ],
    "load_avg": [0.52,0.58,0.59],
    "library_build_type": "release"
  },
  "benchmarks": [
    {
      "name": "BM_Product_GeometricProduct/Model=0x02/D=3/LeftGrade=2/RightGrade=3/Library=GluCatFramedMulti",
      "run_name": "BM_Product_GeometricProduct/Model=0x02/D=3/LeftGrade=2/RightGrade=3/Library=GluCatFramedMulti",
      "run_type": "iteration",
      "iterations": 448000,
      "real_time": 1.8439727666970742e-03,
      "cpu_time": 1.8833705357142860e-03,
      "time_unit": "ms"
    },
    {
      "name": "BM_Product_HestenesInnerProduct/Model=0x02/D=3/LeftGrade=2/RightGrade=3/Library=GluCatFramedMulti",
      "run_name": "BM_Product_HestenesInnerProduct/Model=0x02/D=3/LeftGrade=2/RightGrade=3/Library=GluCatFramedMulti",
      "run_type": "iteration",
      "iterations": 448000,
      "real_time": 1.8045866036118241e-03,
      "cpu_time": 1.8136160714285715e-03,
      "time_unit": "ms"
    },
    {
      "name": "BM_Product_LeftContraction/Model=0x02/D=3/LeftGrade=2/RightGrade=3/Library=GluCatFramedMulti",
      "run_name": "BM_Product_LeftContraction/Model=0x02/D=3/LeftGrade=2/RightGrade=3/Library=GluCatFramedMulti",
      "run_type": "iteration",
      "iterations": 448000,
      "real_time": 1.8097446335169870e-03,
      "cpu_time": 1.9531250000000000e-03,
      "time_unit": "ms"
    },
    {
      "name": "BM_Product_OuterProduct/Model=0x02/D=3/LeftGrade=2/RightGrade=3/Library=GluCatFramedMulti",
      "run_name": "BM_Product_OuterProduct/Model=0x02/D=3/LeftGrade=2/RightGrade=3/Library=GluCatFramedMulti",
      "run_type": "iteration",
      "iterations": 407273,
      "real_time": 1.6382237574438796e-03,
      "cpu_time": 1.7264218349853783e-03,
      "time_unit": "ms"
    }
  ]
}
