{
  "context": {
    "date": "2019-03-23 02:32:55",
    "executable": "/mnt/c/Users/laffe/Repositories/GitHub/ga-developers/ga-benchmark/build/GABenchmark_Products_ConformalModel_D3_LEFTGRADE3_RIGHTGRADE1_Gaalop",
    "num_cpus": 8,
    "mhz_per_cpu": 1992,
    "cpu_scaling_enabled": false,
    "caches": [
    ],
    "load_avg": [0.52,0.58,0.59],
    "library_build_type": "release"
  },
  "benchmarks": [
    {
      "name": "BM_Product_GeometricProduct/Model=0x01/D=3/LeftGrade=3/RightGrade=1/Library=Gaalop",
      "run_name": "BM_Product_GeometricProduct/Model=0x01/D=3/LeftGrade=3/RightGrade=1/Library=Gaalop",
      "run_type": "iteration",
      "iterations": 448000,
      "real_time": 1.5784689737431887e-03,
      "cpu_time": 1.4648437500000004e-03,
      "time_unit": "ms"
    },
    {
      "name": "BM_Product_HestenesInnerProduct/Model=0x01/D=3/LeftGrade=3/RightGrade=1/Library=Gaalop",
      "run_name": "BM_Product_HestenesInnerProduct/Model=0x01/D=3/LeftGrade=3/RightGrade=1/Library=Gaalop",
      "run_type": "iteration",
      "iterations": 373333,
      "real_time": 1.5561080809926491e-03,
      "cpu_time": 1.7578140694768478e-03,
      "time_unit": "ms"
    },
    {
      "name": "BM_Product_OuterProduct/Model=0x01/D=3/LeftGrade=3/RightGrade=1/Library=Gaalop",
      "run_name": "BM_Product_OuterProduct/Model=0x01/D=3/LeftGrade=3/RightGrade=1/Library=Gaalop",
      "run_type": "iteration",
      "iterations": 320000,
      "real_time": 1.5540196971414843e-03,
      "cpu_time": 1.8066406250000001e-03,
      "time_unit": "ms"
    }
  ]
}
