{
  "context": {
    "date": "2019-03-23 03:13:07",
    "executable": "/mnt/c/Users/laffe/Repositories/GitHub/ga-developers/ga-benchmark/build/GABenchmark_Products_EuclideanModel_D2_LEFTGRADE2_RIGHTGRADE0_Garamon",
    "num_cpus": 8,
    "mhz_per_cpu": 1992,
    "cpu_scaling_enabled": false,
    "caches": [
    ],
    "load_avg": [0.52,0.58,0.59],
    "library_build_type": "release"
  },
  "benchmarks": [
    {
      "name": "BM_Product_GeometricProduct/Model=0x02/D=2/LeftGrade=2/RightGrade=0/Library=Garamon",
      "run_name": "BM_Product_GeometricProduct/Model=0x02/D=2/LeftGrade=2/RightGrade=0/Library=Garamon",
      "run_type": "iteration",
      "iterations": 448000,
      "real_time": 1.6199814761941006e-03,
      "cpu_time": 1.7089843750000000e-03,
      "time_unit": "ms"
    },
    {
      "name": "BM_Product_HestenesInnerProduct/Model=0x02/D=2/LeftGrade=2/RightGrade=0/Library=Garamon",
      "run_name": "BM_Product_HestenesInnerProduct/Model=0x02/D=2/LeftGrade=2/RightGrade=0/Library=Garamon",
      "run_type": "iteration",
      "iterations": 896000,
      "real_time": 1.6180453092472038e-03,
      "cpu_time": 1.6741071428571428e-03,
      "time_unit": "ms"
    },
    {
      "name": "BM_Product_LeftContraction/Model=0x02/D=2/LeftGrade=2/RightGrade=0/Library=Garamon",
      "run_name": "BM_Product_LeftContraction/Model=0x02/D=2/LeftGrade=2/RightGrade=0/Library=Garamon",
      "run_type": "iteration",
      "iterations": 497778,
      "real_time": 1.5816464432651630e-03,
      "cpu_time": 1.6636432305164150e-03,
      "time_unit": "ms"
    },
    {
      "name": "BM_Product_OuterProduct/Model=0x02/D=2/LeftGrade=2/RightGrade=0/Library=Garamon",
      "run_name": "BM_Product_OuterProduct/Model=0x02/D=2/LeftGrade=2/RightGrade=0/Library=Garamon",
      "run_type": "iteration",
      "iterations": 497778,
      "real_time": 1.6248799584842053e-03,
      "cpu_time": 1.7264222203472231e-03,
      "time_unit": "ms"
    },
    {
      "name": "BM_Product_RightContraction/Model=0x02/D=2/LeftGrade=2/RightGrade=0/Library=Garamon",
      "run_name": "BM_Product_RightContraction/Model=0x02/D=2/LeftGrade=2/RightGrade=0/Library=Garamon",
      "run_type": "iteration",
      "iterations": 407273,
      "real_time": 1.6282036850630780e-03,
      "cpu_time": 1.3811374679883028e-03,
      "time_unit": "ms"
    },
    {
      "name": "BM_Product_ScalarProduct/Model=0x02/D=2/LeftGrade=2/RightGrade=0/Library=Garamon",
      "run_name": "BM_Product_ScalarProduct/Model=0x02/D=2/LeftGrade=2/RightGrade=0/Library=Garamon",
      "run_type": "iteration",
      "iterations": 557511,
      "real_time": 1.5809175025368178e-03,
      "cpu_time": 1.3172385836333275e-03,
      "time_unit": "ms"
    }
  ]
}
