{
  "context": {
    "date": "2019-03-23 02:57:52",
    "executable": "/mnt/c/Users/laffe/Repositories/GitHub/ga-developers/ga-benchmark/build/GABenchmark_Products_ConformalModel_D2_LEFTGRADE0_RIGHTGRADE2_Garamon",
    "num_cpus": 8,
    "mhz_per_cpu": 1992,
    "cpu_scaling_enabled": false,
    "caches": [
    ],
    "load_avg": [0.52,0.58,0.59],
    "library_build_type": "release"
  },
  "benchmarks": [
    {
      "name": "BM_Product_GeometricProduct/Model=0x01/D=2/LeftGrade=0/RightGrade=2/Library=Garamon",
      "run_name": "BM_Product_GeometricProduct/Model=0x01/D=2/LeftGrade=0/RightGrade=2/Library=Garamon",
      "run_type": "iteration",
      "iterations": 344615,
      "real_time": 1.6737843562620897e-03,
      "cpu_time": 1.5869158336114214e-03,
      "time_unit": "ms"
    },
    {
      "name": "BM_Product_HestenesInnerProduct/Model=0x01/D=2/LeftGrade=0/RightGrade=2/Library=Garamon",
      "run_name": "BM_Product_HestenesInnerProduct/Model=0x01/D=2/LeftGrade=0/RightGrade=2/Library=Garamon",
      "run_type": "iteration",
      "iterations": 407273,
      "real_time": 1.6877082549032806e-03,
      "cpu_time": 1.5729621163200114e-03,
      "time_unit": "ms"
    },
    {
      "name": "BM_Product_LeftContraction/Model=0x01/D=2/LeftGrade=0/RightGrade=2/Library=Garamon",
      "run_name": "BM_Product_LeftContraction/Model=0x01/D=2/LeftGrade=0/RightGrade=2/Library=Garamon",
      "run_type": "iteration",
      "iterations": 497778,
      "real_time": 1.6712679171265287e-03,
      "cpu_time": 1.9461486847550515e-03,
      "time_unit": "ms"
    },
    {
      "name": "BM_Product_OuterProduct/Model=0x01/D=2/LeftGrade=0/RightGrade=2/Library=Garamon",
      "run_name": "BM_Product_OuterProduct/Model=0x01/D=2/LeftGrade=0/RightGrade=2/Library=Garamon",
      "run_type": "iteration",
      "iterations": 497778,
      "real_time": 1.6829311627319522e-03,
      "cpu_time": 1.5380852508547988e-03,
      "time_unit": "ms"
    },
    {
      "name": "BM_Product_RightContraction/Model=0x01/D=2/LeftGrade=0/RightGrade=2/Library=Garamon",
      "run_name": "BM_Product_RightContraction/Model=0x01/D=2/LeftGrade=0/RightGrade=2/Library=Garamon",
      "run_type": "iteration",
      "iterations": 497778,
      "real_time": 1.5743086311388174e-03,
      "cpu_time": 1.6636432305164150e-03,
      "time_unit": "ms"
    },
    {
      "name": "BM_Product_ScalarProduct/Model=0x01/D=2/LeftGrade=0/RightGrade=2/Library=Garamon",
      "run_name": "BM_Product_ScalarProduct/Model=0x01/D=2/LeftGrade=0/RightGrade=2/Library=Garamon",
      "run_type": "iteration",
      "iterations": 640000,
      "real_time": 1.5774048560160737e-03,
      "cpu_time": 1.8310546875000000e-03,
      "time_unit": "ms"
    }
  ]
}
