{
  "context": {
    "date": "2019-03-23 03:14:35",
    "executable": "/mnt/c/Users/laffe/Repositories/GitHub/ga-developers/ga-benchmark/build/GABenchmark_Products_EuclideanModel_D3_LEFTGRADE1_RIGHTGRADE0_Garamon",
    "num_cpus": 8,
    "mhz_per_cpu": 1992,
    "cpu_scaling_enabled": false,
    "caches": [
    ],
    "load_avg": [0.52,0.58,0.59],
    "library_build_type": "release"
  },
  "benchmarks": [
    {
      "name": "BM_Product_GeometricProduct/Model=0x02/D=3/LeftGrade=1/RightGrade=0/Library=Garamon",
      "run_name": "BM_Product_GeometricProduct/Model=0x02/D=3/LeftGrade=1/RightGrade=0/Library=Garamon",
      "run_type": "iteration",
      "iterations": 448000,
      "real_time": 1.6397718621062398e-03,
      "cpu_time": 1.3950892857142857e-03,
      "time_unit": "ms"
    },
    {
      "name": "BM_Product_HestenesInnerProduct/Model=0x02/D=3/LeftGrade=1/RightGrade=0/Library=Garamon",
      "run_name": "BM_Product_HestenesInnerProduct/Model=0x02/D=3/LeftGrade=1/RightGrade=0/Library=Garamon",
      "run_type": "iteration",
      "iterations": 461389,
      "real_time": 1.6166434304722174e-03,
      "cpu_time": 1.7609869329351154e-03,
      "time_unit": "ms"
    },
    {
      "name": "BM_Product_LeftContraction/Model=0x02/D=3/LeftGrade=1/RightGrade=0/Library=Garamon",
      "run_name": "BM_Product_LeftContraction/Model=0x02/D=3/LeftGrade=1/RightGrade=0/Library=Garamon",
      "run_type": "iteration",
      "iterations": 494345,
      "real_time": 1.5755921524554938e-03,
      "cpu_time": 1.6119815108881449e-03,
      "time_unit": "ms"
    },
    {
      "name": "BM_Product_OuterProduct/Model=0x02/D=3/LeftGrade=1/RightGrade=0/Library=Garamon",
      "run_name": "BM_Product_OuterProduct/Model=0x02/D=3/LeftGrade=1/RightGrade=0/Library=Garamon",
      "run_type": "iteration",
      "iterations": 407273,
      "real_time": 1.6255113997012864e-03,
      "cpu_time": 1.6880569053190366e-03,
      "time_unit": "ms"
    },
    {
      "name": "BM_Product_RightContraction/Model=0x02/D=3/LeftGrade=1/RightGrade=0/Library=Garamon",
      "run_name": "BM_Product_RightContraction/Model=0x02/D=3/LeftGrade=1/RightGrade=0/Library=Garamon",
      "run_type": "iteration",
      "iterations": 448000,
      "real_time": 1.6363852621777500e-03,
      "cpu_time": 1.6741071428571428e-03,
      "time_unit": "ms"
    },
    {
      "name": "BM_Product_ScalarProduct/Model=0x02/D=3/LeftGrade=1/RightGrade=0/Library=Garamon",
      "run_name": "BM_Product_ScalarProduct/Model=0x02/D=3/LeftGrade=1/RightGrade=0/Library=Garamon",
      "run_type": "iteration",
      "iterations": 407273,
      "real_time": 1.5766679891534633e-03,
      "cpu_time": 1.5729621163200114e-03,
      "time_unit": "ms"
    }
  ]
}
