{
  "context": {
    "date": "2019-03-23 03:12:55",
    "executable": "/mnt/c/Users/laffe/Repositories/GitHub/ga-developers/ga-benchmark/build/GABenchmark_Products_EuclideanModel_D2_LEFTGRADE1_RIGHTGRADE2_Garamon",
    "num_cpus": 8,
    "mhz_per_cpu": 1992,
    "cpu_scaling_enabled": false,
    "caches": [
    ],
    "load_avg": [0.52,0.58,0.59],
    "library_build_type": "release"
  },
  "benchmarks": [
    {
      "name": "BM_Product_GeometricProduct/Model=0x02/D=2/LeftGrade=1/RightGrade=2/Library=Garamon",
      "run_name": "BM_Product_GeometricProduct/Model=0x02/D=2/LeftGrade=1/RightGrade=2/Library=Garamon",
      "run_type": "iteration",
      "iterations": 344615,
      "real_time": 1.6160466005768152e-03,
      "cpu_time": 1.5869158336114214e-03,
      "time_unit": "ms"
    },
    {
      "name": "BM_Product_HestenesInnerProduct/Model=0x02/D=2/LeftGrade=1/RightGrade=2/Library=Garamon",
      "run_name": "BM_Product_HestenesInnerProduct/Model=0x02/D=2/LeftGrade=1/RightGrade=2/Library=Garamon",
      "run_type": "iteration",
      "iterations": 344615,
      "real_time": 1.6150437466707895e-03,
      "cpu_time": 1.4508944764447282e-03,
      "time_unit": "ms"
    },
    {
      "name": "BM_Product_LeftContraction/Model=0x02/D=2/LeftGrade=1/RightGrade=2/Library=Garamon",
      "run_name": "BM_Product_LeftContraction/Model=0x02/D=2/LeftGrade=1/RightGrade=2/Library=Garamon",
      "run_type": "iteration",
      "iterations": 497778,
      "real_time": 1.6182736116147304e-03,
      "cpu_time": 1.7578117152626271e-03,
      "time_unit": "ms"
    },
    {
      "name": "BM_Product_OuterProduct/Model=0x02/D=2/LeftGrade=1/RightGrade=2/Library=Garamon",
      "run_name": "BM_Product_OuterProduct/Model=0x02/D=2/LeftGrade=1/RightGrade=2/Library=Garamon",
      "run_type": "iteration",
      "iterations": 344615,
      "real_time": 1.5873452965794153e-03,
      "cpu_time": 1.4508944764447282e-03,
      "time_unit": "ms"
    },
    {
      "name": "BM_Product_RightContraction/Model=0x02/D=2/LeftGrade=1/RightGrade=2/Library=Garamon",
      "run_name": "BM_Product_RightContraction/Model=0x02/D=2/LeftGrade=1/RightGrade=2/Library=Garamon",
      "run_type": "iteration",
      "iterations": 640000,
      "real_time": 1.5777040585817303e-03,
      "cpu_time": 1.5136718750000000e-03,
      "time_unit": "ms"
    },
    {
      "name": "BM_Product_ScalarProduct/Model=0x02/D=2/LeftGrade=1/RightGrade=2/Library=Garamon",
      "run_name": "BM_Product_ScalarProduct/Model=0x02/D=2/LeftGrade=1/RightGrade=2/Library=Garamon",
      "run_type": "iteration",
      "iterations": 560000,
      "real_time": 1.5729396407550666e-03,
      "cpu_time": 1.6741071428571428e-03,
      "time_unit": "ms"
    }
  ]
}
