{
  "context": {
    "date": "2019-03-23 01:24:36",
    "executable": "/mnt/c/Users/laffe/Repositories/GitHub/ga-developers/ga-benchmark/build/GABenchmark_Products_ConformalModel_D3_LEFTGRADE3_RIGHTGRADE5_GATL",
    "num_cpus": 8,
    "mhz_per_cpu": 1992,
    "cpu_scaling_enabled": false,
    "caches": [
    ],
    "load_avg": [0.52,0.58,0.59],
    "library_build_type": "release"
  },
  "benchmarks": [
    {
      "name": "BM_Product_DotProduct/Model=0x01/D=3/LeftGrade=3/RightGrade=5/Library=GATL",
      "run_name": "BM_Product_DotProduct/Model=0x01/D=3/LeftGrade=3/RightGrade=5/Library=GATL",
      "run_type": "iteration",
      "iterations": 462452,
      "real_time": 1.5381737023067710e-03,
      "cpu_time": 1.4528534853346941e-03,
      "time_unit": "ms"
    },
    {
      "name": "BM_Product_GeometricProduct/Model=0x01/D=3/LeftGrade=3/RightGrade=5/Library=GATL",
      "run_name": "BM_Product_GeometricProduct/Model=0x01/D=3/LeftGrade=3/RightGrade=5/Library=GATL",
      "run_type": "iteration",
      "iterations": 560000,
      "real_time": 1.5407916028509915e-03,
      "cpu_time": 1.4508928571428572e-03,
      "time_unit": "ms"
    },
    {
      "name": "BM_Product_HestenesInnerProduct/Model=0x01/D=3/LeftGrade=3/RightGrade=5/Library=GATL",
      "run_name": "BM_Product_HestenesInnerProduct/Model=0x01/D=3/LeftGrade=3/RightGrade=5/Library=GATL",
      "run_type": "iteration",
      "iterations": 896000,
      "real_time": 1.5476220915583586e-03,
      "cpu_time": 1.4997209821428572e-03,
      "time_unit": "ms"
    },
    {
      "name": "BM_Product_LeftContraction/Model=0x01/D=3/LeftGrade=3/RightGrade=5/Library=GATL",
      "run_name": "BM_Product_LeftContraction/Model=0x01/D=3/LeftGrade=3/RightGrade=5/Library=GATL",
      "run_type": "iteration",
      "iterations": 497778,
      "real_time": 1.5393824141057720e-03,
      "cpu_time": 1.3183587864469704e-03,
      "time_unit": "ms"
    },
    {
      "name": "BM_Product_OuterProduct/Model=0x01/D=3/LeftGrade=3/RightGrade=5/Library=GATL",
      "run_name": "BM_Product_OuterProduct/Model=0x01/D=3/LeftGrade=3/RightGrade=5/Library=GATL",
      "run_type": "iteration",
      "iterations": 497778,
      "real_time": 1.5521127972379012e-03,
      "cpu_time": 1.4753062610239906e-03,
      "time_unit": "ms"
    },
    {
      "name": "BM_Product_RegressiveProduct/Model=0x01/D=3/LeftGrade=3/RightGrade=5/Library=GATL",
      "run_name": "BM_Product_RegressiveProduct/Model=0x01/D=3/LeftGrade=3/RightGrade=5/Library=GATL",
      "run_type": "iteration",
      "iterations": 497778,
      "real_time": 1.5380189539827129e-03,
      "cpu_time": 1.6008642406856069e-03,
      "time_unit": "ms"
    },
    {
      "name": "BM_Product_RightContraction/Model=0x01/D=3/LeftGrade=3/RightGrade=5/Library=GATL",
      "run_name": "BM_Product_RightContraction/Model=0x01/D=3/LeftGrade=3/RightGrade=5/Library=GATL",
      "run_type": "iteration",
      "iterations": 497778,
      "real_time": 1.5555452394290965e-03,
      "cpu_time": 1.4439167661085865e-03,
      "time_unit": "ms"
    },
    {
      "name": "BM_Product_ScalarProduct/Model=0x01/D=3/LeftGrade=3/RightGrade=5/Library=GATL",
      "run_name": "BM_Product_ScalarProduct/Model=0x01/D=3/LeftGrade=3/RightGrade=5/Library=GATL",
      "run_type": "iteration",
      "iterations": 448000,
      "real_time": 1.5383593760946365e-03,
      "cpu_time": 1.3950892857142857e-03,
      "time_unit": "ms"
    }
  ]
}
