{
  "context": {
    "date": "2019-03-23 07:08:18",
    "executable": "/mnt/c/Users/laffe/Repositories/GitHub/ga-developers/ga-benchmark/build/GABenchmark_Products_EuclideanModel_D2_LEFTGRADE0_RIGHTGRADE2_Versor",
    "num_cpus": 8,
    "mhz_per_cpu": 1992,
    "cpu_scaling_enabled": false,
    "caches": [
    ],
    "load_avg": [0.52,0.58,0.59],
    "library_build_type": "release"
  },
  "benchmarks": [
    {
      "name": "BM_Product_GeometricProduct/Model=0x02/D=2/LeftGrade=0/RightGrade=2/Library=Versor",
      "run_name": "BM_Product_GeometricProduct/Model=0x02/D=2/LeftGrade=0/RightGrade=2/Library=Versor",
      "run_type": "iteration",
      "iterations": 373333,
      "real_time": 1.5705956747233739e-03,
      "cpu_time": 1.3811396260175236e-03,
      "time_unit": "ms"
    },
    {
      "name": "BM_Product_LeftContraction/Model=0x02/D=2/LeftGrade=0/RightGrade=2/Library=Versor",
      "run_name": "BM_Product_LeftContraction/Model=0x02/D=2/LeftGrade=0/RightGrade=2/Library=Versor",
      "run_type": "iteration",
      "iterations": 448000,
      "real_time": 1.5361439703026139e-03,
      "cpu_time": 1.5345982142857143e-03,
      "time_unit": "ms"
    },
    {
      "name": "BM_Product_OuterProduct/Model=0x02/D=2/LeftGrade=0/RightGrade=2/Library=Versor",
      "run_name": "BM_Product_OuterProduct/Model=0x02/D=2/LeftGrade=0/RightGrade=2/Library=Versor",
      "run_type": "iteration",
      "iterations": 407273,
      "real_time": 1.5361941445937537e-03,
      "cpu_time": 1.6496919756526949e-03,
      "time_unit": "ms"
    }
  ]
}
