{
  "context": {
    "date": "2019-03-23 01:15:15",
    "executable": "/mnt/c/Users/laffe/Repositories/GitHub/ga-developers/ga-benchmark/build/GABenchmark_Products_ConformalModel_D2_LEFTGRADE2_RIGHTGRADE3_GATL",
    "num_cpus": 8,
    "mhz_per_cpu": 1992,
    "cpu_scaling_enabled": false,
    "caches": [
    ],
    "load_avg": [0.52,0.58,0.59],
    "library_build_type": "release"
  },
  "benchmarks": [
    {
      "name": "BM_Product_DotProduct/Model=0x01/D=2/LeftGrade=2/RightGrade=3/Library=GATL",
      "run_name": "BM_Product_DotProduct/Model=0x01/D=2/LeftGrade=2/RightGrade=3/Library=GATL",
      "run_type": "iteration",
      "iterations": 407273,
      "real_time": 1.5416514248355736e-03,
      "cpu_time": 1.4195023976546445e-03,
      "time_unit": "ms"
    },
    {
      "name": "BM_Product_GeometricProduct/Model=0x01/D=2/LeftGrade=2/RightGrade=3/Library=GATL",
      "run_name": "BM_Product_GeometricProduct/Model=0x01/D=2/LeftGrade=2/RightGrade=3/Library=GATL",
      "run_type": "iteration",
      "iterations": 497778,
      "real_time": 1.5495315229015858e-03,
      "cpu_time": 1.3497482813623744e-03,
      "time_unit": "ms"
    },
    {
      "name": "BM_Product_HestenesInnerProduct/Model=0x01/D=2/LeftGrade=2/RightGrade=3/Library=GATL",
      "run_name": "BM_Product_HestenesInnerProduct/Model=0x01/D=2/LeftGrade=2/RightGrade=3/Library=GATL",
      "run_type": "iteration",
      "iterations": 640000,
      "real_time": 1.5460909381545206e-03,
      "cpu_time": 1.4404296875000001e-03,
      "time_unit": "ms"
    },
    {
      "name": "BM_Product_LeftContraction/Model=0x01/D=2/LeftGrade=2/RightGrade=3/Library=GATL",
      "run_name": "BM_Product_LeftContraction/Model=0x01/D=2/LeftGrade=2/RightGrade=3/Library=GATL",
      "run_type": "iteration",
      "iterations": 407273,
      "real_time": 1.5465854675519423e-03,
      "cpu_time": 1.3427725383219609e-03,
      "time_unit": "ms"
    },
    {
      "name": "BM_Product_OuterProduct/Model=0x01/D=2/LeftGrade=2/RightGrade=3/Library=GATL",
      "run_name": "BM_Product_OuterProduct/Model=0x01/D=2/LeftGrade=2/RightGrade=3/Library=GATL",
      "run_type": "iteration",
      "iterations": 448000,
      "real_time": 1.5597772562614409e-03,
      "cpu_time": 1.3602120535714285e-03,
      "time_unit": "ms"
    },
    {
      "name": "BM_Product_RegressiveProduct/Model=0x01/D=2/LeftGrade=2/RightGrade=3/Library=GATL",
      "run_name": "BM_Product_RegressiveProduct/Model=0x01/D=2/LeftGrade=2/RightGrade=3/Library=GATL",
      "run_type": "iteration",
      "iterations": 407273,
      "real_time": 1.5440802589794453e-03,
      "cpu_time": 1.5345971866536697e-03,
      "time_unit": "ms"
    },
    {
      "name": "BM_Product_RightContraction/Model=0x01/D=2/LeftGrade=2/RightGrade=3/Library=GATL",
      "run_name": "BM_Product_RightContraction/Model=0x01/D=2/LeftGrade=2/RightGrade=3/Library=GATL",
      "run_type": "iteration",
      "iterations": 497778,
      "real_time": 1.5474848202214869e-03,
      "cpu_time": 1.7578117152626271e-03,
      "time_unit": "ms"
    },
    {
      "name": "BM_Product_ScalarProduct/Model=0x01/D=2/LeftGrade=2/RightGrade=3/Library=GATL",
      "run_name": "BM_Product_ScalarProduct/Model=0x01/D=2/LeftGrade=2/RightGrade=3/Library=GATL",
      "run_type": "iteration",
      "iterations": 560000,
      "real_time": 1.5573167865763286e-03,
      "cpu_time": 1.3113839285714285e-03,
      "time_unit": "ms"
    }
  ]
}
