{
  "context": {
    "date": "2019-03-23 07:04:51",
    "executable": "/mnt/c/Users/laffe/Repositories/GitHub/ga-developers/ga-benchmark/build/GABenchmark_Products_ConformalModel_D3_LEFTGRADE0_RIGHTGRADE4_Versor",
    "num_cpus": 8,
    "mhz_per_cpu": 1992,
    "cpu_scaling_enabled": false,
    "caches": [
    ],
    "load_avg": [0.52,0.58,0.59],
    "library_build_type": "release"
  },
  "benchmarks": [
    {
      "name": "BM_Product_GeometricProduct/Model=0x01/D=3/LeftGrade=0/RightGrade=4/Library=Versor",
      "run_name": "BM_Product_GeometricProduct/Model=0x01/D=3/LeftGrade=0/RightGrade=4/Library=Versor",
      "run_type": "iteration",
      "iterations": 448000,
      "real_time": 1.5573839407027532e-03,
      "cpu_time": 1.7089843750000000e-03,
      "time_unit": "ms"
    },
    {
      "name": "BM_Product_LeftContraction/Model=0x01/D=3/LeftGrade=0/RightGrade=4/Library=Versor",
      "run_name": "BM_Product_LeftContraction/Model=0x01/D=3/LeftGrade=0/RightGrade=4/Library=Versor",
      "run_type": "iteration",
      "iterations": 448000,
      "real_time": 1.5504899537128430e-03,
      "cpu_time": 1.3602120535714285e-03,
      "time_unit": "ms"
    },
    {
      "name": "BM_Product_OuterProduct/Model=0x01/D=3/LeftGrade=0/RightGrade=4/Library=Versor",
      "run_name": "BM_Product_OuterProduct/Model=0x01/D=3/LeftGrade=0/RightGrade=4/Library=Versor",
      "run_type": "iteration",
      "iterations": 407273,
      "real_time": 1.5416659106858006e-03,
      "cpu_time": 1.5345971866536697e-03,
      "time_unit": "ms"
    }
  ]
}
