{
  "context": {
    "date": "2019-03-23 03:10:14",
    "executable": "/mnt/c/Users/laffe/Repositories/GitHub/ga-developers/ga-benchmark/build/GABenchmark_Products_ConformalModel_D3_LEFTGRADE4_RIGHTGRADE5_Garamon",
    "num_cpus": 8,
    "mhz_per_cpu": 1992,
    "cpu_scaling_enabled": false,
    "caches": [
    ],
    "load_avg": [0.52,0.58,0.59],
    "library_build_type": "release"
  },
  "benchmarks": [
    {
      "name": "BM_Product_GeometricProduct/Model=0x01/D=3/LeftGrade=4/RightGrade=5/Library=Garamon",
      "run_name": "BM_Product_GeometricProduct/Model=0x01/D=3/LeftGrade=4/RightGrade=5/Library=Garamon",
      "run_type": "iteration",
      "iterations": 373333,
      "real_time": 1.7326362871486322e-03,
      "cpu_time": 1.6322559216570727e-03,
      "time_unit": "ms"
    },
    {
      "name": "BM_Product_HestenesInnerProduct/Model=0x01/D=3/LeftGrade=4/RightGrade=5/Library=Garamon",
      "run_name": "BM_Product_HestenesInnerProduct/Model=0x01/D=3/LeftGrade=4/RightGrade=5/Library=Garamon",
      "run_type": "iteration",
      "iterations": 448000,
      "real_time": 1.7109037902888044e-03,
      "cpu_time": 1.7089843750000000e-03,
      "time_unit": "ms"
    },
    {
      "name": "BM_Product_LeftContraction/Model=0x01/D=3/LeftGrade=4/RightGrade=5/Library=Garamon",
      "run_name": "BM_Product_LeftContraction/Model=0x01/D=3/LeftGrade=4/RightGrade=5/Library=Garamon",
      "run_type": "iteration",
      "iterations": 344615,
      "real_time": 1.6883382917792780e-03,
      "cpu_time": 1.7682776431670124e-03,
      "time_unit": "ms"
    },
    {
      "name": "BM_Product_OuterProduct/Model=0x01/D=3/LeftGrade=4/RightGrade=5/Library=Garamon",
      "run_name": "BM_Product_OuterProduct/Model=0x01/D=3/LeftGrade=4/RightGrade=5/Library=Garamon",
      "run_type": "iteration",
      "iterations": 344615,
      "real_time": 1.6097308442999960e-03,
      "cpu_time": 1.9496394527226035e-03,
      "time_unit": "ms"
    },
    {
      "name": "BM_Product_RightContraction/Model=0x01/D=3/LeftGrade=4/RightGrade=5/Library=Garamon",
      "run_name": "BM_Product_RightContraction/Model=0x01/D=3/LeftGrade=4/RightGrade=5/Library=Garamon",
      "run_type": "iteration",
      "iterations": 448000,
      "real_time": 1.6107247861977417e-03,
      "cpu_time": 1.6741071428571428e-03,
      "time_unit": "ms"
    },
    {
      "name": "BM_Product_ScalarProduct/Model=0x01/D=3/LeftGrade=4/RightGrade=5/Library=Garamon",
      "run_name": "BM_Product_ScalarProduct/Model=0x01/D=3/LeftGrade=4/RightGrade=5/Library=Garamon",
      "run_type": "iteration",
      "iterations": 407273,
      "real_time": 1.6000314282922788e-03,
      "cpu_time": 1.8798815536507454e-03,
      "time_unit": "ms"
    }
  ]
}
