{
  "context": {
    "date": "2019-03-23 02:29:53",
    "executable": "/mnt/c/Users/laffe/Repositories/GitHub/ga-developers/ga-benchmark/build/GABenchmark_Products_ConformalModel_D2_LEFTGRADE2_RIGHTGRADE3_Gaalop",
    "num_cpus": 8,
    "mhz_per_cpu": 1992,
    "cpu_scaling_enabled": false,
    "caches": [
    ],
    "load_avg": [0.52,0.58,0.59],
    "library_build_type": "release"
  },
  "benchmarks": [
    {
      "name": "BM_Product_GeometricProduct/Model=0x01/D=2/LeftGrade=2/RightGrade=3/Library=Gaalop",
      "run_name": "BM_Product_GeometricProduct/Model=0x01/D=2/LeftGrade=2/RightGrade=3/Library=Gaalop",
      "run_type": "iteration",
      "iterations": 344615,
      "real_time": 1.5519330376788385e-03,
      "cpu_time": 1.5869158336114207e-03,
      "time_unit": "ms"
    },
    {
      "name": "BM_Product_HestenesInnerProduct/Model=0x01/D=2/LeftGrade=2/RightGrade=3/Library=Gaalop",
      "run_name": "BM_Product_HestenesInnerProduct/Model=0x01/D=2/LeftGrade=2/RightGrade=3/Library=Gaalop",
      "run_type": "iteration",
      "iterations": 512000,
      "real_time": 1.5500531367251824e-03,
      "cpu_time": 1.1901855468750000e-03,
      "time_unit": "ms"
    },
    {
      "name": "BM_Product_OuterProduct/Model=0x01/D=2/LeftGrade=2/RightGrade=3/Library=Gaalop",
      "run_name": "BM_Product_OuterProduct/Model=0x01/D=2/LeftGrade=2/RightGrade=3/Library=Gaalop",
      "run_type": "iteration",
      "iterations": 497778,
      "real_time": 1.5446401394335217e-03,
      "cpu_time": 1.1614113118699500e-03,
      "time_unit": "ms"
    }
  ]
}
