{
  "context": {
    "date": "2019-03-23 03:19:42",
    "executable": "/mnt/c/Users/laffe/Repositories/GitHub/ga-developers/ga-benchmark/build/GABenchmark_Products_EuclideanModel_D4_LEFTGRADE2_RIGHTGRADE2_Garamon",
    "num_cpus": 8,
    "mhz_per_cpu": 1992,
    "cpu_scaling_enabled": false,
    "caches": [
    ],
    "load_avg": [0.52,0.58,0.59],
    "library_build_type": "release"
  },
  "benchmarks": [
    {
      "name": "BM_Product_GeometricProduct/Model=0x02/D=4/LeftGrade=2/RightGrade=2/Library=Garamon",
      "run_name": "BM_Product_GeometricProduct/Model=0x02/D=4/LeftGrade=2/RightGrade=2/Library=Garamon",
      "run_type": "iteration",
      "iterations": 640000,
      "real_time": 1.7707953512399398e-03,
      "cpu_time": 1.7089843750000000e-03,
      "time_unit": "ms"
    },
    {
      "name": "BM_Product_HestenesInnerProduct/Model=0x02/D=4/LeftGrade=2/RightGrade=2/Library=Garamon",
      "run_name": "BM_Product_HestenesInnerProduct/Model=0x02/D=4/LeftGrade=2/RightGrade=2/Library=Garamon",
      "run_type": "iteration",
      "iterations": 344615,
      "real_time": 1.6323758466961476e-03,
      "cpu_time": 1.4508944764447282e-03,
      "time_unit": "ms"
    },
    {
      "name": "BM_Product_LeftContraction/Model=0x02/D=4/LeftGrade=2/RightGrade=2/Library=Garamon",
      "run_name": "BM_Product_LeftContraction/Model=0x02/D=4/LeftGrade=2/RightGrade=2/Library=Garamon",
      "run_type": "iteration",
      "iterations": 497778,
      "real_time": 1.6253858048284979e-03,
      "cpu_time": 1.7578117152626271e-03,
      "time_unit": "ms"
    },
    {
      "name": "BM_Product_OuterProduct/Model=0x02/D=4/LeftGrade=2/RightGrade=2/Library=Garamon",
      "run_name": "BM_Product_OuterProduct/Model=0x02/D=4/LeftGrade=2/RightGrade=2/Library=Garamon",
      "run_type": "iteration",
      "iterations": 373333,
      "real_time": 1.6213228144995736e-03,
      "cpu_time": 1.6741086375969979e-03,
      "time_unit": "ms"
    },
    {
      "name": "BM_Product_RightContraction/Model=0x02/D=4/LeftGrade=2/RightGrade=2/Library=Garamon",
      "run_name": "BM_Product_RightContraction/Model=0x02/D=4/LeftGrade=2/RightGrade=2/Library=Garamon",
      "run_type": "iteration",
      "iterations": 560000,
      "real_time": 1.6409367806253224e-03,
      "cpu_time": 1.5345982142857143e-03,
      "time_unit": "ms"
    },
    {
      "name": "BM_Product_ScalarProduct/Model=0x02/D=4/LeftGrade=2/RightGrade=2/Library=Garamon",
      "run_name": "BM_Product_ScalarProduct/Model=0x02/D=4/LeftGrade=2/RightGrade=2/Library=Garamon",
      "run_type": "iteration",
      "iterations": 746667,
      "real_time": 1.6274589702065972e-03,
      "cpu_time": 1.4229904361649837e-03,
      "time_unit": "ms"
    }
  ]
}
