{
  "context": {
    "date": "2019-03-23 02:31:08",
    "executable": "/mnt/c/Users/laffe/Repositories/GitHub/ga-developers/ga-benchmark/build/GABenchmark_Products_ConformalModel_D3_LEFTGRADE0_RIGHTGRADE1_Gaalop",
    "num_cpus": 8,
    "mhz_per_cpu": 1992,
    "cpu_scaling_enabled": false,
    "caches": [
    ],
    "load_avg": [0.52,0.58,0.59],
    "library_build_type": "release"
  },
  "benchmarks": [
    {
      "name": "BM_Product_GeometricProduct/Model=0x01/D=3/LeftGrade=0/RightGrade=1/Library=Gaalop",
      "run_name": "BM_Product_GeometricProduct/Model=0x01/D=3/LeftGrade=0/RightGrade=1/Library=Gaalop",
      "run_type": "iteration",
      "iterations": 373333,
      "real_time": 1.5493374609138377e-03,
      "cpu_time": 1.6322559216570729e-03,
      "time_unit": "ms"
    },
    {
      "name": "BM_Product_HestenesInnerProduct/Model=0x01/D=3/LeftGrade=0/RightGrade=1/Library=Gaalop",
      "run_name": "BM_Product_HestenesInnerProduct/Model=0x01/D=3/LeftGrade=0/RightGrade=1/Library=Gaalop",
      "run_type": "iteration",
      "iterations": 407273,
      "real_time": 1.5489241776004586e-03,
      "cpu_time": 1.4962322569873278e-03,
      "time_unit": "ms"
    },
    {
      "name": "BM_Product_OuterProduct/Model=0x01/D=3/LeftGrade=0/RightGrade=1/Library=Gaalop",
      "run_name": "BM_Product_OuterProduct/Model=0x01/D=3/LeftGrade=0/RightGrade=1/Library=Gaalop",
      "run_type": "iteration",
      "iterations": 407273,
      "real_time": 1.5640192291755312e-03,
      "cpu_time": 1.8798815536507454e-03,
      "time_unit": "ms"
    }
  ]
}
