{
  "context": {
    "date": "2019-03-23 04:54:53",
    "executable": "/mnt/c/Users/laffe/Repositories/GitHub/ga-developers/ga-benchmark/build/GABenchmark_Products_EuclideanModel_D2_LEFTGRADE2_RIGHTGRADE1_GluCatMatrixMulti",
    "num_cpus": 8,
    "mhz_per_cpu": 1992,
    "cpu_scaling_enabled": false,
    "caches": [
    ],
    "load_avg": [0.52,0.58,0.59],
    "library_build_type": "release"
  },
  "benchmarks": [
    {
      "name": "BM_Product_GeometricProduct/Model=0x02/D=2/LeftGrade=2/RightGrade=1/Library=GluCatMatrixMulti",
      "run_name": "BM_Product_GeometricProduct/Model=0x02/D=2/LeftGrade=2/RightGrade=1/Library=GluCatMatrixMulti",
      "run_type": "iteration",
      "iterations": 391235,
      "real_time": 2.3057418283492772e-03,
      "cpu_time": 2.1566322031515584e-03,
      "time_unit": "ms"
    },
    {
      "name": "BM_Product_HestenesInnerProduct/Model=0x02/D=2/LeftGrade=2/RightGrade=1/Library=GluCatMatrixMulti",
      "run_name": "BM_Product_HestenesInnerProduct/Model=0x02/D=2/LeftGrade=2/RightGrade=1/Library=GluCatMatrixMulti",
      "run_type": "iteration",
      "iterations": 112000,
      "real_time": 5.0813072245676138e-03,
      "cpu_time": 6.1383928571428570e-03,
      "time_unit": "ms"
    },
    {
      "name": "BM_Product_LeftContraction/Model=0x02/D=2/LeftGrade=2/RightGrade=1/Library=GluCatMatrixMulti",
      "run_name": "BM_Product_LeftContraction/Model=0x02/D=2/LeftGrade=2/RightGrade=1/Library=GluCatMatrixMulti",
      "run_type": "iteration",
      "iterations": 154483,
      "real_time": 3.7834292332427780e-03,
      "cpu_time": 3.7423211615517566e-03,
      "time_unit": "ms"
    },
    {
      "name": "BM_Product_OuterProduct/Model=0x02/D=2/LeftGrade=2/RightGrade=1/Library=GluCatMatrixMulti",
      "run_name": "BM_Product_OuterProduct/Model=0x02/D=2/LeftGrade=2/RightGrade=1/Library=GluCatMatrixMulti",
      "run_type": "iteration",
      "iterations": 149333,
      "real_time": 3.8773231757795582e-03,
      "cpu_time": 4.3945410592434358e-03,
      "time_unit": "ms"
    }
  ]
}
