{
  "context": {
    "date": "2019-03-23 04:04:19",
    "executable": "/mnt/c/Users/laffe/Repositories/GitHub/ga-developers/ga-benchmark/build/GABenchmark_Products_EuclideanModel_D2_LEFTGRADE2_RIGHTGRADE2_GluCatFramedMulti",
    "num_cpus": 8,
    "mhz_per_cpu": 1992,
    "cpu_scaling_enabled": false,
    "caches": [
    ],
    "load_avg": [0.52,0.58,0.59],
    "library_build_type": "release"
  },
  "benchmarks": [
    {
      "name": "BM_Product_GeometricProduct/Model=0x02/D=2/LeftGrade=2/RightGrade=2/Library=GluCatFramedMulti",
      "run_name": "BM_Product_GeometricProduct/Model=0x02/D=2/LeftGrade=2/RightGrade=2/Library=GluCatFramedMulti",
      "run_type": "iteration",
      "iterations": 448000,
      "real_time": 1.6750908512871579e-03,
      "cpu_time": 1.6043526785714285e-03,
      "time_unit": "ms"
    },
    {
      "name": "BM_Product_HestenesInnerProduct/Model=0x02/D=2/LeftGrade=2/RightGrade=2/Library=GluCatFramedMulti",
      "run_name": "BM_Product_HestenesInnerProduct/Model=0x02/D=2/LeftGrade=2/RightGrade=2/Library=GluCatFramedMulti",
      "run_type": "iteration",
      "iterations": 498024,
      "real_time": 1.6394605430658567e-03,
      "cpu_time": 1.7255694504682505e-03,
      "time_unit": "ms"
    },
    {
      "name": "BM_Product_LeftContraction/Model=0x02/D=2/LeftGrade=2/RightGrade=2/Library=GluCatFramedMulti",
      "run_name": "BM_Product_LeftContraction/Model=0x02/D=2/LeftGrade=2/RightGrade=2/Library=GluCatFramedMulti",
      "run_type": "iteration",
      "iterations": 896000,
      "real_time": 1.6586743282849576e-03,
      "cpu_time": 1.7787388392857143e-03,
      "time_unit": "ms"
    },
    {
      "name": "BM_Product_OuterProduct/Model=0x02/D=2/LeftGrade=2/RightGrade=2/Library=GluCatFramedMulti",
      "run_name": "BM_Product_OuterProduct/Model=0x02/D=2/LeftGrade=2/RightGrade=2/Library=GluCatFramedMulti",
      "run_type": "iteration",
      "iterations": 497778,
      "real_time": 1.6078818400482001e-03,
      "cpu_time": 1.6322537356010108e-03,
      "time_unit": "ms"
    }
  ]
}
