{
  "context": {
    "date": "2019-03-23 07:08:12",
    "executable": "/mnt/c/Users/laffe/Repositories/GitHub/ga-developers/ga-benchmark/build/GABenchmark_Products_EuclideanModel_D2_LEFTGRADE0_RIGHTGRADE1_Versor",
    "num_cpus": 8,
    "mhz_per_cpu": 1992,
    "cpu_scaling_enabled": false,
    "caches": [
    ],
    "load_avg": [0.52,0.58,0.59],
    "library_build_type": "release"
  },
  "benchmarks": [
    {
      "name": "BM_Product_GeometricProduct/Model=0x02/D=2/LeftGrade=0/RightGrade=1/Library=Versor",
      "run_name": "BM_Product_GeometricProduct/Model=0x02/D=2/LeftGrade=0/RightGrade=1/Library=Versor",
      "run_type": "iteration",
      "iterations": 497778,
      "real_time": 1.5541518576323245e-03,
      "cpu_time": 1.8205907050934354e-03,
      "time_unit": "ms"
    },
    {
      "name": "BM_Product_LeftContraction/Model=0x02/D=2/LeftGrade=0/RightGrade=1/Library=Versor",
      "run_name": "BM_Product_LeftContraction/Model=0x02/D=2/LeftGrade=0/RightGrade=1/Library=Versor",
      "run_type": "iteration",
      "iterations": 640000,
      "real_time": 1.5461785894331115e-03,
      "cpu_time": 1.7578125000000000e-03,
      "time_unit": "ms"
    },
    {
      "name": "BM_Product_OuterProduct/Model=0x02/D=2/LeftGrade=0/RightGrade=1/Library=Versor",
      "run_name": "BM_Product_OuterProduct/Model=0x02/D=2/LeftGrade=0/RightGrade=1/Library=Versor",
      "run_type": "iteration",
      "iterations": 344615,
      "real_time": 1.5359134105757267e-03,
      "cpu_time": 1.7229371907781148e-03,
      "time_unit": "ms"
    }
  ]
}
