{
  "context": {
    "date": "2019-03-23 01:24:03",
    "executable": "/mnt/c/Users/laffe/Repositories/GitHub/ga-developers/ga-benchmark/build/GABenchmark_Products_ConformalModel_D3_LEFTGRADE3_RIGHTGRADE3_GATL",
    "num_cpus": 8,
    "mhz_per_cpu": 1992,
    "cpu_scaling_enabled": false,
    "caches": [
    ],
    "load_avg": [0.52,0.58,0.59],
    "library_build_type": "release"
  },
  "benchmarks": [
    {
      "name": "BM_Product_DotProduct/Model=0x01/D=3/LeftGrade=3/RightGrade=3/Library=GATL",
      "run_name": "BM_Product_DotProduct/Model=0x01/D=3/LeftGrade=3/RightGrade=3/Library=GATL",
      "run_type": "iteration",
      "iterations": 576735,
      "real_time": 1.5601005629494026e-03,
      "cpu_time": 1.5442534266170772e-03,
      "time_unit": "ms"
    },
    {
      "name": "BM_Product_GeometricProduct/Model=0x01/D=3/LeftGrade=3/RightGrade=3/Library=GATL",
      "run_name": "BM_Product_GeometricProduct/Model=0x01/D=3/LeftGrade=3/RightGrade=3/Library=GATL",
      "run_type": "iteration",
      "iterations": 407273,
      "real_time": 1.5676226976125609e-03,
      "cpu_time": 1.6496919756526949e-03,
      "time_unit": "ms"
    },
    {
      "name": "BM_Product_HestenesInnerProduct/Model=0x01/D=3/LeftGrade=3/RightGrade=3/Library=GATL",
      "run_name": "BM_Product_HestenesInnerProduct/Model=0x01/D=3/LeftGrade=3/RightGrade=3/Library=GATL",
      "run_type": "iteration",
      "iterations": 497778,
      "real_time": 1.5471969420847781e-03,
      "cpu_time": 1.6008642406856069e-03,
      "time_unit": "ms"
    },
    {
      "name": "BM_Product_LeftContraction/Model=0x01/D=3/LeftGrade=3/RightGrade=3/Library=GATL",
      "run_name": "BM_Product_LeftContraction/Model=0x01/D=3/LeftGrade=3/RightGrade=3/Library=GATL",
      "run_type": "iteration",
      "iterations": 407273,
      "real_time": 1.5614231590378969e-03,
      "cpu_time": 1.6113270459863530e-03,
      "time_unit": "ms"
    },
    {
      "name": "BM_Product_OuterProduct/Model=0x01/D=3/LeftGrade=3/RightGrade=3/Library=GATL",
      "run_name": "BM_Product_OuterProduct/Model=0x01/D=3/LeftGrade=3/RightGrade=3/Library=GATL",
      "run_type": "iteration",
      "iterations": 407273,
      "real_time": 1.5359304321171593e-03,
      "cpu_time": 1.4195023976546445e-03,
      "time_unit": "ms"
    },
    {
      "name": "BM_Product_RegressiveProduct/Model=0x01/D=3/LeftGrade=3/RightGrade=3/Library=GATL",
      "run_name": "BM_Product_RegressiveProduct/Model=0x01/D=3/LeftGrade=3/RightGrade=3/Library=GATL",
      "run_type": "iteration",
      "iterations": 497778,
      "real_time": 1.5415388049551827e-03,
      "cpu_time": 1.5694747457702027e-03,
      "time_unit": "ms"
    },
    {
      "name": "BM_Product_RightContraction/Model=0x01/D=3/LeftGrade=3/RightGrade=3/Library=GATL",
      "run_name": "BM_Product_RightContraction/Model=0x01/D=3/LeftGrade=3/RightGrade=3/Library=GATL",
      "run_type": "iteration",
      "iterations": 407273,
      "real_time": 1.5499372634211629e-03,
      "cpu_time": 1.4578673273209861e-03,
      "time_unit": "ms"
    },
    {
      "name": "BM_Product_ScalarProduct/Model=0x01/D=3/LeftGrade=3/RightGrade=3/Library=GATL",
      "run_name": "BM_Product_ScalarProduct/Model=0x01/D=3/LeftGrade=3/RightGrade=3/Library=GATL",
      "run_type": "iteration",
      "iterations": 407273,
      "real_time": 1.5456317963557765e-03,
      "cpu_time": 1.6496919756526949e-03,
      "time_unit": "ms"
    }
  ]
}
