{
  "context": {
    "date": "2019-03-23 04:56:11",
    "executable": "/mnt/c/Users/laffe/Repositories/GitHub/ga-developers/ga-benchmark/build/GABenchmark_Products_EuclideanModel_D3_LEFTGRADE0_RIGHTGRADE1_GluCatMatrixMulti",
    "num_cpus": 8,
    "mhz_per_cpu": 1992,
    "cpu_scaling_enabled": false,
    "caches": [
    ],
    "load_avg": [0.52,0.58,0.59],
    "library_build_type": "release"
  },
  "benchmarks": [
    {
      "name": "BM_Product_GeometricProduct/Model=0x02/D=3/LeftGrade=0/RightGrade=1/Library=GluCatMatrixMulti",
      "run_name": "BM_Product_GeometricProduct/Model=0x02/D=3/LeftGrade=0/RightGrade=1/Library=GluCatMatrixMulti",
      "run_type": "iteration",
      "iterations": 112000,
      "real_time": 5.9207400881859940e-03,
      "cpu_time": 5.4408482142857140e-03,
      "time_unit": "ms"
    },
    {
      "name": "BM_Product_HestenesInnerProduct/Model=0x02/D=3/LeftGrade=0/RightGrade=1/Library=GluCatMatrixMulti",
      "run_name": "BM_Product_HestenesInnerProduct/Model=0x02/D=3/LeftGrade=0/RightGrade=1/Library=GluCatMatrixMulti",
      "run_type": "iteration",
      "iterations": 200704,
      "real_time": 4.2457828435985626e-03,
      "cpu_time": 3.7368463010204081e-03,
      "time_unit": "ms"
    },
    {
      "name": "BM_Product_LeftContraction/Model=0x02/D=3/LeftGrade=0/RightGrade=1/Library=GluCatMatrixMulti",
      "run_name": "BM_Product_LeftContraction/Model=0x02/D=3/LeftGrade=0/RightGrade=1/Library=GluCatMatrixMulti",
      "run_type": "iteration",
      "iterations": 100000,
      "real_time": 6.9143680017441514e-03,
      "cpu_time": 5.0000000000000001e-03,
      "time_unit": "ms"
    },
    {
      "name": "BM_Product_OuterProduct/Model=0x02/D=3/LeftGrade=0/RightGrade=1/Library=GluCatMatrixMulti",
      "run_name": "BM_Product_OuterProduct/Model=0x02/D=3/LeftGrade=0/RightGrade=1/Library=GluCatMatrixMulti",
      "run_type": "iteration",
      "iterations": 89600,
      "real_time": 6.9259464050576624e-03,
      "cpu_time": 7.3242187500000000e-03,
      "time_unit": "ms"
    }
  ]
}
