{
  "context": {
    "date": "2019-03-23 03:14:22",
    "executable": "/mnt/c/Users/laffe/Repositories/GitHub/ga-developers/ga-benchmark/build/GABenchmark_Products_EuclideanModel_D3_LEFTGRADE0_RIGHTGRADE3_Garamon",
    "num_cpus": 8,
    "mhz_per_cpu": 1992,
    "cpu_scaling_enabled": false,
    "caches": [
    ],
    "load_avg": [0.52,0.58,0.59],
    "library_build_type": "release"
  },
  "benchmarks": [
    {
      "name": "BM_Product_GeometricProduct/Model=0x02/D=3/LeftGrade=0/RightGrade=3/Library=Garamon",
      "run_name": "BM_Product_GeometricProduct/Model=0x02/D=3/LeftGrade=0/RightGrade=3/Library=Garamon",
      "run_type": "iteration",
      "iterations": 497778,
      "real_time": 1.6186402426546238e-03,
      "cpu_time": 1.8519802000088398e-03,
      "time_unit": "ms"
    },
    {
      "name": "BM_Product_HestenesInnerProduct/Model=0x02/D=3/LeftGrade=0/RightGrade=3/Library=Garamon",
      "run_name": "BM_Product_HestenesInnerProduct/Model=0x02/D=3/LeftGrade=0/RightGrade=3/Library=Garamon",
      "run_type": "iteration",
      "iterations": 373333,
      "real_time": 1.6325348001105628e-03,
      "cpu_time": 1.7996667854167727e-03,
      "time_unit": "ms"
    },
    {
      "name": "BM_Product_LeftContraction/Model=0x02/D=3/LeftGrade=0/RightGrade=3/Library=Garamon",
      "run_name": "BM_Product_LeftContraction/Model=0x02/D=3/LeftGrade=0/RightGrade=3/Library=Garamon",
      "run_type": "iteration",
      "iterations": 373333,
      "real_time": 1.6188665328453426e-03,
      "cpu_time": 1.7159613535369228e-03,
      "time_unit": "ms"
    },
    {
      "name": "BM_Product_OuterProduct/Model=0x02/D=3/LeftGrade=0/RightGrade=3/Library=Garamon",
      "run_name": "BM_Product_OuterProduct/Model=0x02/D=3/LeftGrade=0/RightGrade=3/Library=Garamon",
      "run_type": "iteration",
      "iterations": 539526,
      "real_time": 1.6335429733536119e-03,
      "cpu_time": 1.4190697019235404e-03,
      "time_unit": "ms"
    },
    {
      "name": "BM_Product_RightContraction/Model=0x02/D=3/LeftGrade=0/RightGrade=3/Library=Garamon",
      "run_name": "BM_Product_RightContraction/Model=0x02/D=3/LeftGrade=0/RightGrade=3/Library=Garamon",
      "run_type": "iteration",
      "iterations": 373333,
      "real_time": 1.5755371138387745e-03,
      "cpu_time": 1.5485504897772230e-03,
      "time_unit": "ms"
    },
    {
      "name": "BM_Product_ScalarProduct/Model=0x02/D=3/LeftGrade=0/RightGrade=3/Library=Garamon",
      "run_name": "BM_Product_ScalarProduct/Model=0x02/D=3/LeftGrade=0/RightGrade=3/Library=Garamon",
      "run_type": "iteration",
      "iterations": 407273,
      "real_time": 1.5781679580978015e-03,
      "cpu_time": 1.6113270459863530e-03,
      "time_unit": "ms"
    }
  ]
}
