{
  "context": {
    "date": "2019-03-23 02:35:37",
    "executable": "/mnt/c/Users/laffe/Repositories/GitHub/ga-developers/ga-benchmark/build/GABenchmark_Products_EuclideanModel_D3_LEFTGRADE0_RIGHTGRADE0_Gaalop",
    "num_cpus": 8,
    "mhz_per_cpu": 1992,
    "cpu_scaling_enabled": false,
    "caches": [
    ],
    "load_avg": [0.52,0.58,0.59],
    "library_build_type": "release"
  },
  "benchmarks": [
    {
      "name": "BM_Product_GeometricProduct/Model=0x02/D=3/LeftGrade=0/RightGrade=0/Library=Gaalop",
      "run_name": "BM_Product_GeometricProduct/Model=0x02/D=3/LeftGrade=0/RightGrade=0/Library=Gaalop",
      "run_type": "iteration",
      "iterations": 373333,
      "real_time": 1.5651118592575845e-03,
      "cpu_time": 1.6322559216570729e-03,
      "time_unit": "ms"
    },
    {
      "name": "BM_Product_HestenesInnerProduct/Model=0x02/D=3/LeftGrade=0/RightGrade=0/Library=Gaalop",
      "run_name": "BM_Product_HestenesInnerProduct/Model=0x02/D=3/LeftGrade=0/RightGrade=0/Library=Gaalop",
      "run_type": "iteration",
      "iterations": 448000,
      "real_time": 1.5439558149280077e-03,
      "cpu_time": 1.2904575892857143e-03,
      "time_unit": "ms"
    },
    {
      "name": "BM_Product_OuterProduct/Model=0x02/D=3/LeftGrade=0/RightGrade=0/Library=Gaalop",
      "run_name": "BM_Product_OuterProduct/Model=0x02/D=3/LeftGrade=0/RightGrade=0/Library=Gaalop",
      "run_type": "iteration",
      "iterations": 407273,
      "real_time": 1.5466178893532737e-03,
      "cpu_time": 1.5729621163200114e-03,
      "time_unit": "ms"
    }
  ]
}
