{
  "context": {
    "date": "2019-03-23 02:30:56",
    "executable": "/mnt/c/Users/laffe/Repositories/GitHub/ga-developers/ga-benchmark/build/GABenchmark_Products_ConformalModel_D2_LEFTGRADE4_RIGHTGRADE4_Gaalop",
    "num_cpus": 8,
    "mhz_per_cpu": 1992,
    "cpu_scaling_enabled": false,
    "caches": [
    ],
    "load_avg": [0.52,0.58,0.59],
    "library_build_type": "release"
  },
  "benchmarks": [
    {
      "name": "BM_Product_GeometricProduct/Model=0x01/D=2/LeftGrade=4/RightGrade=4/Library=Gaalop",
      "run_name": "BM_Product_GeometricProduct/Model=0x01/D=2/LeftGrade=4/RightGrade=4/Library=Gaalop",
      "run_type": "iteration",
      "iterations": 746667,
      "real_time": 1.5551529663798771e-03,
      "cpu_time": 1.4020641062213813e-03,
      "time_unit": "ms"
    },
    {
      "name": "BM_Product_HestenesInnerProduct/Model=0x01/D=2/LeftGrade=4/RightGrade=4/Library=Gaalop",
      "run_name": "BM_Product_HestenesInnerProduct/Model=0x01/D=2/LeftGrade=4/RightGrade=4/Library=Gaalop",
      "run_type": "iteration",
      "iterations": 560000,
      "real_time": 1.5480796473899057e-03,
      "cpu_time": 1.3671874999999999e-03,
      "time_unit": "ms"
    },
    {
      "name": "BM_Product_OuterProduct/Model=0x01/D=2/LeftGrade=4/RightGrade=4/Library=Gaalop",
      "run_name": "BM_Product_OuterProduct/Model=0x01/D=2/LeftGrade=4/RightGrade=4/Library=Gaalop",
      "run_type": "iteration",
      "iterations": 448000,
      "real_time": 1.5658881824752566e-03,
      "cpu_time": 1.6392299107142857e-03,
      "time_unit": "ms"
    }
  ]
}
