{
  "context": {
    "date": "2019-03-23 03:00:42",
    "executable": "/mnt/c/Users/laffe/Repositories/GitHub/ga-developers/ga-benchmark/build/GABenchmark_Products_ConformalModel_D2_LEFTGRADE2_RIGHTGRADE4_Garamon",
    "num_cpus": 8,
    "mhz_per_cpu": 1992,
    "cpu_scaling_enabled": false,
    "caches": [
    ],
    "load_avg": [0.52,0.58,0.59],
    "library_build_type": "release"
  },
  "benchmarks": [
    {
      "name": "BM_Product_GeometricProduct/Model=0x01/D=2/LeftGrade=2/RightGrade=4/Library=Garamon",
      "run_name": "BM_Product_GeometricProduct/Model=0x01/D=2/LeftGrade=2/RightGrade=4/Library=Garamon",
      "run_type": "iteration",
      "iterations": 621374,
      "real_time": 1.6850875618996172e-03,
      "cpu_time": 1.9362332508280036e-03,
      "time_unit": "ms"
    },
    {
      "name": "BM_Product_HestenesInnerProduct/Model=0x01/D=2/LeftGrade=2/RightGrade=4/Library=Garamon",
      "run_name": "BM_Product_HestenesInnerProduct/Model=0x01/D=2/LeftGrade=2/RightGrade=4/Library=Garamon",
      "run_type": "iteration",
      "iterations": 477867,
      "real_time": 1.6813232402295771e-03,
      "cpu_time": 1.7002638809543241e-03,
      "time_unit": "ms"
    },
    {
      "name": "BM_Product_LeftContraction/Model=0x01/D=2/LeftGrade=2/RightGrade=4/Library=Garamon",
      "run_name": "BM_Product_LeftContraction/Model=0x01/D=2/LeftGrade=2/RightGrade=4/Library=Garamon",
      "run_type": "iteration",
      "iterations": 448000,
      "real_time": 1.6931946512548685e-03,
      "cpu_time": 1.8833705357142857e-03,
      "time_unit": "ms"
    },
    {
      "name": "BM_Product_OuterProduct/Model=0x01/D=2/LeftGrade=2/RightGrade=4/Library=Garamon",
      "run_name": "BM_Product_OuterProduct/Model=0x01/D=2/LeftGrade=2/RightGrade=4/Library=Garamon",
      "run_type": "iteration",
      "iterations": 497778,
      "real_time": 1.5900196855304083e-03,
      "cpu_time": 1.6322537356010108e-03,
      "time_unit": "ms"
    },
    {
      "name": "BM_Product_RightContraction/Model=0x01/D=2/LeftGrade=2/RightGrade=4/Library=Garamon",
      "run_name": "BM_Product_RightContraction/Model=0x01/D=2/LeftGrade=2/RightGrade=4/Library=Garamon",
      "run_type": "iteration",
      "iterations": 448000,
      "real_time": 1.5864538627283764e-03,
      "cpu_time": 1.7089843750000000e-03,
      "time_unit": "ms"
    },
    {
      "name": "BM_Product_ScalarProduct/Model=0x01/D=2/LeftGrade=2/RightGrade=4/Library=Garamon",
      "run_name": "BM_Product_ScalarProduct/Model=0x01/D=2/LeftGrade=2/RightGrade=4/Library=Garamon",
      "run_type": "iteration",
      "iterations": 448000,
      "real_time": 1.5907514664702052e-03,
      "cpu_time": 1.6043526785714285e-03,
      "time_unit": "ms"
    }
  ]
}
