{
  "context": {
    "date": "2019-03-23 04:07:39",
    "executable": "/mnt/c/Users/laffe/Repositories/GitHub/ga-developers/ga-benchmark/build/GABenchmark_Products_EuclideanModel_D4_LEFTGRADE0_RIGHTGRADE2_GluCatFramedMulti",
    "num_cpus": 8,
    "mhz_per_cpu": 1992,
    "cpu_scaling_enabled": false,
    "caches": [
    ],
    "load_avg": [0.52,0.58,0.59],
    "library_build_type": "release"
  },
  "benchmarks": [
    {
      "name": "BM_Product_GeometricProduct/Model=0x02/D=4/LeftGrade=0/RightGrade=2/Library=GluCatFramedMulti",
      "run_name": "BM_Product_GeometricProduct/Model=0x02/D=4/LeftGrade=0/RightGrade=2/Library=GluCatFramedMulti",
      "run_type": "iteration",
      "iterations": 373333,
      "real_time": 2.1056823062591224e-03,
      "cpu_time": 2.1344885129361718e-03,
      "time_unit": "ms"
    },
    {
      "name": "BM_Product_HestenesInnerProduct/Model=0x02/D=4/LeftGrade=0/RightGrade=2/Library=GluCatFramedMulti",
      "run_name": "BM_Product_HestenesInnerProduct/Model=0x02/D=4/LeftGrade=0/RightGrade=2/Library=GluCatFramedMulti",
      "run_type": "iteration",
      "iterations": 448000,
      "real_time": 1.6403892744035278e-03,
      "cpu_time": 1.6392299107142857e-03,
      "time_unit": "ms"
    },
    {
      "name": "BM_Product_LeftContraction/Model=0x02/D=4/LeftGrade=0/RightGrade=2/Library=GluCatFramedMulti",
      "run_name": "BM_Product_LeftContraction/Model=0x02/D=4/LeftGrade=0/RightGrade=2/Library=GluCatFramedMulti",
      "run_type": "iteration",
      "iterations": 407273,
      "real_time": 2.0999059603734414e-03,
      "cpu_time": 2.3018957799805046e-03,
      "time_unit": "ms"
    },
    {
      "name": "BM_Product_OuterProduct/Model=0x02/D=4/LeftGrade=0/RightGrade=2/Library=GluCatFramedMulti",
      "run_name": "BM_Product_OuterProduct/Model=0x02/D=4/LeftGrade=0/RightGrade=2/Library=GluCatFramedMulti",
      "run_type": "iteration",
      "iterations": 448000,
      "real_time": 2.0648149595997112e-03,
      "cpu_time": 2.1275111607142855e-03,
      "time_unit": "ms"
    }
  ]
}
