{
  "context": {
    "date": "2019-03-23 02:33:50",
    "executable": "/mnt/c/Users/laffe/Repositories/GitHub/ga-developers/ga-benchmark/build/GABenchmark_Products_ConformalModel_D3_LEFTGRADE4_RIGHTGRADE4_Gaalop",
    "num_cpus": 8,
    "mhz_per_cpu": 1992,
    "cpu_scaling_enabled": false,
    "caches": [
    ],
    "load_avg": [0.52,0.58,0.59],
    "library_build_type": "release"
  },
  "benchmarks": [
    {
      "name": "BM_Product_GeometricProduct/Model=0x01/D=3/LeftGrade=4/RightGrade=4/Library=Gaalop",
      "run_name": "BM_Product_GeometricProduct/Model=0x01/D=3/LeftGrade=4/RightGrade=4/Library=Gaalop",
      "run_type": "iteration",
      "iterations": 448000,
      "real_time": 1.5526002186691454e-03,
      "cpu_time": 1.5345982142857147e-03,
      "time_unit": "ms"
    },
    {
      "name": "BM_Product_HestenesInnerProduct/Model=0x01/D=3/LeftGrade=4/RightGrade=4/Library=Gaalop",
      "run_name": "BM_Product_HestenesInnerProduct/Model=0x01/D=3/LeftGrade=4/RightGrade=4/Library=Gaalop",
      "run_type": "iteration",
      "iterations": 448000,
      "real_time": 1.5615299175156647e-03,
      "cpu_time": 1.7089843750000000e-03,
      "time_unit": "ms"
    },
    {
      "name": "BM_Product_OuterProduct/Model=0x01/D=3/LeftGrade=4/RightGrade=4/Library=Gaalop",
      "run_name": "BM_Product_OuterProduct/Model=0x01/D=3/LeftGrade=4/RightGrade=4/Library=Gaalop",
      "run_type": "iteration",
      "iterations": 407273,
      "real_time": 1.5454871689559544e-03,
      "cpu_time": 1.7264218349853783e-03,
      "time_unit": "ms"
    }
  ]
}
