{
  "context": {
    "date": "2019-03-23 01:12:31",
    "executable": "/mnt/c/Users/laffe/Repositories/GitHub/ga-developers/ga-benchmark/build/GABenchmark_Products_ConformalModel_D2_LEFTGRADE0_RIGHTGRADE3_GATL",
    "num_cpus": 8,
    "mhz_per_cpu": 1992,
    "cpu_scaling_enabled": false,
    "caches": [
    ],
    "load_avg": [0.52,0.58,0.59],
    "library_build_type": "release"
  },
  "benchmarks": [
    {
      "name": "BM_Product_DotProduct/Model=0x01/D=2/LeftGrade=0/RightGrade=3/Library=GATL",
      "run_name": "BM_Product_DotProduct/Model=0x01/D=2/LeftGrade=0/RightGrade=3/Library=GATL",
      "run_type": "iteration",
      "iterations": 560000,
      "real_time": 1.5639267805714293e-03,
      "cpu_time": 1.7020089285714288e-03,
      "time_unit": "ms"
    },
    {
      "name": "BM_Product_GeometricProduct/Model=0x01/D=2/LeftGrade=0/RightGrade=3/Library=GATL",
      "run_name": "BM_Product_GeometricProduct/Model=0x01/D=2/LeftGrade=0/RightGrade=3/Library=GATL",
      "run_type": "iteration",
      "iterations": 407273,
      "real_time": 1.5466252413267288e-03,
      "cpu_time": 1.4962322569873278e-03,
      "time_unit": "ms"
    },
    {
      "name": "BM_Product_HestenesInnerProduct/Model=0x01/D=2/LeftGrade=0/RightGrade=3/Library=GATL",
      "run_name": "BM_Product_HestenesInnerProduct/Model=0x01/D=2/LeftGrade=0/RightGrade=3/Library=GATL",
      "run_type": "iteration",
      "iterations": 497778,
      "real_time": 1.5564721487605986e-03,
      "cpu_time": 1.7264222203472231e-03,
      "time_unit": "ms"
    },
    {
      "name": "BM_Product_LeftContraction/Model=0x01/D=2/LeftGrade=0/RightGrade=3/Library=GATL",
      "run_name": "BM_Product_LeftContraction/Model=0x01/D=2/LeftGrade=0/RightGrade=3/Library=GATL",
      "run_type": "iteration",
      "iterations": 407273,
      "real_time": 2.3022093312651975e-03,
      "cpu_time": 1.8031516943180618e-03,
      "time_unit": "ms"
    },
    {
      "name": "BM_Product_OuterProduct/Model=0x01/D=2/LeftGrade=0/RightGrade=3/Library=GATL",
      "run_name": "BM_Product_OuterProduct/Model=0x01/D=2/LeftGrade=0/RightGrade=3/Library=GATL",
      "run_type": "iteration",
      "iterations": 448000,
      "real_time": 1.7345259128498064e-03,
      "cpu_time": 1.7787388392857143e-03,
      "time_unit": "ms"
    },
    {
      "name": "BM_Product_RegressiveProduct/Model=0x01/D=2/LeftGrade=0/RightGrade=3/Library=GATL",
      "run_name": "BM_Product_RegressiveProduct/Model=0x01/D=2/LeftGrade=0/RightGrade=3/Library=GATL",
      "run_type": "iteration",
      "iterations": 560000,
      "real_time": 1.7565566072464988e-03,
      "cpu_time": 1.7857142857142857e-03,
      "time_unit": "ms"
    },
    {
      "name": "BM_Product_RightContraction/Model=0x01/D=2/LeftGrade=0/RightGrade=3/Library=GATL",
      "run_name": "BM_Product_RightContraction/Model=0x01/D=2/LeftGrade=0/RightGrade=3/Library=GATL",
      "run_type": "iteration",
      "iterations": 746667,
      "real_time": 1.5467868543420260e-03,
      "cpu_time": 1.7368853853190244e-03,
      "time_unit": "ms"
    },
    {
      "name": "BM_Product_ScalarProduct/Model=0x01/D=2/LeftGrade=0/RightGrade=3/Library=GATL",
      "run_name": "BM_Product_ScalarProduct/Model=0x01/D=2/LeftGrade=0/RightGrade=3/Library=GATL",
      "run_type": "iteration",
      "iterations": 298667,
      "real_time": 1.5476159136961318e-03,
      "cpu_time": 1.6741052744360775e-03,
      "time_unit": "ms"
    }
  ]
}
