{
  "context": {
    "date": "2019-03-23 03:02:28",
    "executable": "/mnt/c/Users/laffe/Repositories/GitHub/ga-developers/ga-benchmark/build/GABenchmark_Products_ConformalModel_D2_LEFTGRADE4_RIGHTGRADE1_Garamon",
    "num_cpus": 8,
    "mhz_per_cpu": 1992,
    "cpu_scaling_enabled": false,
    "caches": [
    ],
    "load_avg": [0.52,0.58,0.59],
    "library_build_type": "release"
  },
  "benchmarks": [
    {
      "name": "BM_Product_GeometricProduct/Model=0x01/D=2/LeftGrade=4/RightGrade=1/Library=Garamon",
      "run_name": "BM_Product_GeometricProduct/Model=0x01/D=2/LeftGrade=4/RightGrade=1/Library=Garamon",
      "run_type": "iteration",
      "iterations": 298667,
      "real_time": 2.0035815745444163e-03,
      "cpu_time": 2.2495789625234797e-03,
      "time_unit": "ms"
    },
    {
      "name": "BM_Product_HestenesInnerProduct/Model=0x01/D=2/LeftGrade=4/RightGrade=1/Library=Garamon",
      "run_name": "BM_Product_HestenesInnerProduct/Model=0x01/D=2/LeftGrade=4/RightGrade=1/Library=Garamon",
      "run_type": "iteration",
      "iterations": 530963,
      "real_time": 1.9262282035407104e-03,
      "cpu_time": 1.8539427417729672e-03,
      "time_unit": "ms"
    },
    {
      "name": "BM_Product_LeftContraction/Model=0x01/D=2/LeftGrade=4/RightGrade=1/Library=Garamon",
      "run_name": "BM_Product_LeftContraction/Model=0x01/D=2/LeftGrade=4/RightGrade=1/Library=Garamon",
      "run_type": "iteration",
      "iterations": 446009,
      "real_time": 1.8140604790653685e-03,
      "cpu_time": 2.0319096699842379e-03,
      "time_unit": "ms"
    },
    {
      "name": "BM_Product_OuterProduct/Model=0x01/D=2/LeftGrade=4/RightGrade=1/Library=Garamon",
      "run_name": "BM_Product_OuterProduct/Model=0x01/D=2/LeftGrade=4/RightGrade=1/Library=Garamon",
      "run_type": "iteration",
      "iterations": 280000,
      "real_time": 1.9768953277629667e-03,
      "cpu_time": 1.9531250000000000e-03,
      "time_unit": "ms"
    },
    {
      "name": "BM_Product_RightContraction/Model=0x01/D=2/LeftGrade=4/RightGrade=1/Library=Garamon",
      "run_name": "BM_Product_RightContraction/Model=0x01/D=2/LeftGrade=4/RightGrade=1/Library=Garamon",
      "run_type": "iteration",
      "iterations": 528168,
      "real_time": 1.8748163116383777e-03,
      "cpu_time": 1.5679196770724466e-03,
      "time_unit": "ms"
    },
    {
      "name": "BM_Product_ScalarProduct/Model=0x01/D=2/LeftGrade=4/RightGrade=1/Library=Garamon",
      "run_name": "BM_Product_ScalarProduct/Model=0x01/D=2/LeftGrade=4/RightGrade=1/Library=Garamon",
      "run_type": "iteration",
      "iterations": 344615,
      "real_time": 1.9151325659632385e-03,
      "cpu_time": 1.9042990003337056e-03,
      "time_unit": "ms"
    }
  ]
}
