{
  "context": {
    "date": "2019-03-23 01:13:18",
    "executable": "/mnt/c/Users/laffe/Repositories/GitHub/ga-developers/ga-benchmark/build/GABenchmark_Products_ConformalModel_D2_LEFTGRADE1_RIGHTGRADE1_GATL",
    "num_cpus": 8,
    "mhz_per_cpu": 1992,
    "cpu_scaling_enabled": false,
    "caches": [
    ],
    "load_avg": [0.52,0.58,0.59],
    "library_build_type": "release"
  },
  "benchmarks": [
    {
      "name": "BM_Product_DotProduct/Model=0x01/D=2/LeftGrade=1/RightGrade=1/Library=GATL",
      "run_name": "BM_Product_DotProduct/Model=0x01/D=2/LeftGrade=1/RightGrade=1/Library=GATL",
      "run_type": "iteration",
      "iterations": 640000,
      "real_time": 1.5545073518296703e-03,
      "cpu_time": 1.7089843749999996e-03,
      "time_unit": "ms"
    },
    {
      "name": "BM_Product_GeometricProduct/Model=0x01/D=2/LeftGrade=1/RightGrade=1/Library=GATL",
      "run_name": "BM_Product_GeometricProduct/Model=0x01/D=2/LeftGrade=1/RightGrade=1/Library=GATL",
      "run_type": "iteration",
      "iterations": 560000,
      "real_time": 1.5507812249000250e-03,
      "cpu_time": 1.5625000000000001e-03,
      "time_unit": "ms"
    },
    {
      "name": "BM_Product_HestenesInnerProduct/Model=0x01/D=2/LeftGrade=1/RightGrade=1/Library=GATL",
      "run_name": "BM_Product_HestenesInnerProduct/Model=0x01/D=2/LeftGrade=1/RightGrade=1/Library=GATL",
      "run_type": "iteration",
      "iterations": 494345,
      "real_time": 1.5555296520477681e-03,
      "cpu_time": 1.3591216660429456e-03,
      "time_unit": "ms"
    },
    {
      "name": "BM_Product_LeftContraction/Model=0x01/D=2/LeftGrade=1/RightGrade=1/Library=GATL",
      "run_name": "BM_Product_LeftContraction/Model=0x01/D=2/LeftGrade=1/RightGrade=1/Library=GATL",
      "run_type": "iteration",
      "iterations": 497778,
      "real_time": 1.5506356414668003e-03,
      "cpu_time": 1.5380852508547988e-03,
      "time_unit": "ms"
    },
    {
      "name": "BM_Product_OuterProduct/Model=0x01/D=2/LeftGrade=1/RightGrade=1/Library=GATL",
      "run_name": "BM_Product_OuterProduct/Model=0x01/D=2/LeftGrade=1/RightGrade=1/Library=GATL",
      "run_type": "iteration",
      "iterations": 448000,
      "real_time": 1.5436196193020027e-03,
      "cpu_time": 1.6043526785714285e-03,
      "time_unit": "ms"
    },
    {
      "name": "BM_Product_RegressiveProduct/Model=0x01/D=2/LeftGrade=1/RightGrade=1/Library=GATL",
      "run_name": "BM_Product_RegressiveProduct/Model=0x01/D=2/LeftGrade=1/RightGrade=1/Library=GATL",
      "run_type": "iteration",
      "iterations": 344615,
      "real_time": 1.5556125077389998e-03,
      "cpu_time": 1.4962349288336258e-03,
      "time_unit": "ms"
    },
    {
      "name": "BM_Product_RightContraction/Model=0x01/D=2/LeftGrade=1/RightGrade=1/Library=GATL",
      "run_name": "BM_Product_RightContraction/Model=0x01/D=2/LeftGrade=1/RightGrade=1/Library=GATL",
      "run_type": "iteration",
      "iterations": 640000,
      "real_time": 1.5434132870723260e-03,
      "cpu_time": 1.4160156250000000e-03,
      "time_unit": "ms"
    },
    {
      "name": "BM_Product_ScalarProduct/Model=0x01/D=2/LeftGrade=1/RightGrade=1/Library=GATL",
      "run_name": "BM_Product_ScalarProduct/Model=0x01/D=2/LeftGrade=1/RightGrade=1/Library=GATL",
      "run_type": "iteration",
      "iterations": 298667,
      "real_time": 1.5428135919438913e-03,
      "cpu_time": 1.9356842235667149e-03,
      "time_unit": "ms"
    }
  ]
}
