{
  "context": {
    "date": "2019-03-23 01:16:19",
    "executable": "/mnt/c/Users/laffe/Repositories/GitHub/ga-developers/ga-benchmark/build/GABenchmark_Products_ConformalModel_D2_LEFTGRADE3_RIGHTGRADE2_GATL",
    "num_cpus": 8,
    "mhz_per_cpu": 1992,
    "cpu_scaling_enabled": false,
    "caches": [
    ],
    "load_avg": [0.52,0.58,0.59],
    "library_build_type": "release"
  },
  "benchmarks": [
    {
      "name": "BM_Product_DotProduct/Model=0x01/D=2/LeftGrade=3/RightGrade=2/Library=GATL",
      "run_name": "BM_Product_DotProduct/Model=0x01/D=2/LeftGrade=3/RightGrade=2/Library=GATL",
      "run_type": "iteration",
      "iterations": 560000,
      "real_time": 1.5523912454747395e-03,
      "cpu_time": 1.3671874999999999e-03,
      "time_unit": "ms"
    },
    {
      "name": "BM_Product_GeometricProduct/Model=0x01/D=2/LeftGrade=3/RightGrade=2/Library=GATL",
      "run_name": "BM_Product_GeometricProduct/Model=0x01/D=2/LeftGrade=3/RightGrade=2/Library=GATL",
      "run_type": "iteration",
      "iterations": 560000,
      "real_time": 1.5658687462356674e-03,
      "cpu_time": 1.6183035714285715e-03,
      "time_unit": "ms"
    },
    {
      "name": "BM_Product_HestenesInnerProduct/Model=0x01/D=2/LeftGrade=3/RightGrade=2/Library=GATL",
      "run_name": "BM_Product_HestenesInnerProduct/Model=0x01/D=2/LeftGrade=3/RightGrade=2/Library=GATL",
      "run_type": "iteration",
      "iterations": 560000,
      "real_time": 1.5560730239875349e-03,
      "cpu_time": 1.4508928571428572e-03,
      "time_unit": "ms"
    },
    {
      "name": "BM_Product_LeftContraction/Model=0x01/D=2/LeftGrade=3/RightGrade=2/Library=GATL",
      "run_name": "BM_Product_LeftContraction/Model=0x01/D=2/LeftGrade=3/RightGrade=2/Library=GATL",
      "run_type": "iteration",
      "iterations": 407273,
      "real_time": 1.5399798218049174e-03,
      "cpu_time": 1.4195023976546445e-03,
      "time_unit": "ms"
    },
    {
      "name": "BM_Product_OuterProduct/Model=0x01/D=2/LeftGrade=3/RightGrade=2/Library=GATL",
      "run_name": "BM_Product_OuterProduct/Model=0x01/D=2/LeftGrade=3/RightGrade=2/Library=GATL",
      "run_type": "iteration",
      "iterations": 640000,
      "real_time": 1.5409335897857090e-03,
      "cpu_time": 1.6357421875000000e-03,
      "time_unit": "ms"
    },
    {
      "name": "BM_Product_RegressiveProduct/Model=0x01/D=2/LeftGrade=3/RightGrade=2/Library=GATL",
      "run_name": "BM_Product_RegressiveProduct/Model=0x01/D=2/LeftGrade=3/RightGrade=2/Library=GATL",
      "run_type": "iteration",
      "iterations": 407273,
      "real_time": 1.5570776772337609e-03,
      "cpu_time": 1.4195023976546445e-03,
      "time_unit": "ms"
    },
    {
      "name": "BM_Product_RightContraction/Model=0x01/D=2/LeftGrade=3/RightGrade=2/Library=GATL",
      "run_name": "BM_Product_RightContraction/Model=0x01/D=2/LeftGrade=3/RightGrade=2/Library=GATL",
      "run_type": "iteration",
      "iterations": 497778,
      "real_time": 1.5471637886789982e-03,
      "cpu_time": 2.0717066644166675e-03,
      "time_unit": "ms"
    },
    {
      "name": "BM_Product_ScalarProduct/Model=0x01/D=2/LeftGrade=3/RightGrade=2/Library=GATL",
      "run_name": "BM_Product_ScalarProduct/Model=0x01/D=2/LeftGrade=3/RightGrade=2/Library=GATL",
      "run_type": "iteration",
      "iterations": 560000,
      "real_time": 1.5387655231669278e-03,
      "cpu_time": 1.7020089285714286e-03,
      "time_unit": "ms"
    }
  ]
}
