{
  "context": {
    "date": "2019-03-23 01:22:58",
    "executable": "/mnt/c/Users/laffe/Repositories/GitHub/ga-developers/ga-benchmark/build/GABenchmark_Products_ConformalModel_D3_LEFTGRADE2_RIGHTGRADE5_GATL",
    "num_cpus": 8,
    "mhz_per_cpu": 1992,
    "cpu_scaling_enabled": false,
    "caches": [
    ],
    "load_avg": [0.52,0.58,0.59],
    "library_build_type": "release"
  },
  "benchmarks": [
    {
      "name": "BM_Product_DotProduct/Model=0x01/D=3/LeftGrade=2/RightGrade=5/Library=GATL",
      "run_name": "BM_Product_DotProduct/Model=0x01/D=3/LeftGrade=2/RightGrade=5/Library=GATL",
      "run_type": "iteration",
      "iterations": 497778,
      "real_time": 1.5574957430915383e-03,
      "cpu_time": 1.4753062610239906e-03,
      "time_unit": "ms"
    },
    {
      "name": "BM_Product_GeometricProduct/Model=0x01/D=3/LeftGrade=2/RightGrade=5/Library=GATL",
      "run_name": "BM_Product_GeometricProduct/Model=0x01/D=3/LeftGrade=2/RightGrade=5/Library=GATL",
      "run_type": "iteration",
      "iterations": 448000,
      "real_time": 1.5430819452636310e-03,
      "cpu_time": 1.1160714285714285e-03,
      "time_unit": "ms"
    },
    {
      "name": "BM_Product_HestenesInnerProduct/Model=0x01/D=3/LeftGrade=2/RightGrade=5/Library=GATL",
      "run_name": "BM_Product_HestenesInnerProduct/Model=0x01/D=3/LeftGrade=2/RightGrade=5/Library=GATL",
      "run_type": "iteration",
      "iterations": 560000,
      "real_time": 1.5507944627773083e-03,
      "cpu_time": 1.3392857142857143e-03,
      "time_unit": "ms"
    },
    {
      "name": "BM_Product_LeftContraction/Model=0x01/D=3/LeftGrade=2/RightGrade=5/Library=GATL",
      "run_name": "BM_Product_LeftContraction/Model=0x01/D=3/LeftGrade=2/RightGrade=5/Library=GATL",
      "run_type": "iteration",
      "iterations": 448000,
      "real_time": 1.5473482418591239e-03,
      "cpu_time": 1.6741071428571428e-03,
      "time_unit": "ms"
    },
    {
      "name": "BM_Product_OuterProduct/Model=0x01/D=3/LeftGrade=2/RightGrade=5/Library=GATL",
      "run_name": "BM_Product_OuterProduct/Model=0x01/D=3/LeftGrade=2/RightGrade=5/Library=GATL",
      "run_type": "iteration",
      "iterations": 497778,
      "real_time": 1.5386266756025047e-03,
      "cpu_time": 1.8205907050934352e-03,
      "time_unit": "ms"
    },
    {
      "name": "BM_Product_RegressiveProduct/Model=0x01/D=3/LeftGrade=2/RightGrade=5/Library=GATL",
      "run_name": "BM_Product_RegressiveProduct/Model=0x01/D=3/LeftGrade=2/RightGrade=5/Library=GATL",
      "run_type": "iteration",
      "iterations": 640000,
      "real_time": 1.5524409116551396e-03,
      "cpu_time": 1.5625000000000001e-03,
      "time_unit": "ms"
    },
    {
      "name": "BM_Product_RightContraction/Model=0x01/D=3/LeftGrade=2/RightGrade=5/Library=GATL",
      "run_name": "BM_Product_RightContraction/Model=0x01/D=3/LeftGrade=2/RightGrade=5/Library=GATL",
      "run_type": "iteration",
      "iterations": 560000,
      "real_time": 1.5397556785111581e-03,
      "cpu_time": 1.3671874999999999e-03,
      "time_unit": "ms"
    },
    {
      "name": "BM_Product_ScalarProduct/Model=0x01/D=3/LeftGrade=2/RightGrade=5/Library=GATL",
      "run_name": "BM_Product_ScalarProduct/Model=0x01/D=3/LeftGrade=2/RightGrade=5/Library=GATL",
      "run_type": "iteration",
      "iterations": 497778,
      "real_time": 1.5538188087987855e-03,
      "cpu_time": 1.4125272711931825e-03,
      "time_unit": "ms"
    }
  ]
}
